timestamp,time,open,high,low,close,volume
1688504400000,2023-07-04T21:00:00+00:00,34395.2,34415.0,34223.7,34282.3,222214
1688590800000,2023-07-05T21:00:00+00:00,34280.3,34283.4,33756.3,33903.3,252206
1688677200000,2023-07-06T21:00:00+00:00,33899.2,34033.4,33709.2,33738.1,249564
1688936400000,2023-07-09T21:00:00+00:00,33758.3,33973.1,33608.5,33953.4,258910
1689022800000,2023-07-10T21:00:00+00:00,33958.6,34303.6,33871.2,34255.7,254166
1689109200000,2023-07-11T21:00:00+00:00,34253.2,34607.9,34228.3,34381.4,247268
1689195600000,2023-07-12T21:00:00+00:00,34386.0,34497.0,34365.7,34375.1,220924
1689282000000,2023-07-13T21:00:00+00:00,34380.2,34614.3,34321.9,34488.6,246966
1689541200000,2023-07-16T21:00:00+00:00,34498.3,34693.1,34424.2,34585.7,227170
1689627600000,2023-07-17T21:00:00+00:00,34597.0,35020.9,34540.7,34974.2,246996
1689714000000,2023-07-18T21:00:00+00:00,34964.1,35261.8,34956.2,35078.3,264982
1689800400000,2023-07-19T21:00:00+00:00,35076.9,35392.7,35037.2,35253.5,275628
1689886800000,2023-07-20T21:00:00+00:00,35262.1,35365.7,35197.9,35232.5,263092
1690146000000,2023-07-23T21:00:00+00:00,35255.4,35499.1,35216.8,35452.3,244950
1690232400000,2023-07-24T21:00:00+00:00,35444.5,35564.0,35399.9,35442.5,235704
1690318800000,2023-07-25T21:00:00+00:00,35453.3,35675.7,35346.8,35511.4,264768
1690405200000,2023-07-26T21:00:00+00:00,35513.6,35724.8,35233.8,35331.5,277714
1690491600000,2023-07-27T21:00:00+00:00,35338.8,35595.5,35262.8,35465.6,292286
1690750800000,2023-07-30T21:00:00+00:00,35503.4,35614.1,35413.8,35613.7,262518
1690837200000,2023-07-31T21:00:00+00:00,35618.4,35715.1,35479.3,35652.8,243518
1690923600000,2023-08-01T21:00:00+00:00,35512.8,35641.2,35250.4,35323.1,312470
1691010000000,2023-08-02T21:00:00+00:00,35325.2,35412.0,35136.2,35247.1,313838
1691096400000,2023-08-03T21:00:00+00:00,35233.0,35525.5,35043.4,35080.1,294806
1691355600000,2023-08-06T21:00:00+00:00,35105.0,35525.7,35102.4,35505.6,269836
1691442000000,2023-08-07T21:00:00+00:00,35508.7,35513.6,35021.7,35325.4,292840
1691528400000,2023-08-08T21:00:00+00:00,35314.0,35433.8,35071.1,35206.5,272612
1691614800000,2023-08-09T21:00:00+00:00,35207.6,35590.6,35111.9,35192.5,294938
1691701200000,2023-08-10T21:00:00+00:00,35204.6,35365.4,35050.2,35309.4,286740
1691960400000,2023-08-13T21:00:00+00:00,35327.2,35407.4,35177.8,35314.1,307878
1692046800000,2023-08-14T21:00:00+00:00,35304.0,35369.4,34914.4,34962.2,301206
1692133200000,2023-08-15T21:00:00+00:00,34970.5,35147.0,34760.2,34798.5,304960
1692219600000,2023-08-16T21:00:00+00:00,34795.5,34891.5,34439.4,34461.8,301748
1692306000000,2023-08-17T21:00:00+00:00,34467.4,34591.1,34262.9,34469.7,326292
1692565200000,2023-08-20T21:00:00+00:00,34507.9,34655.5,34256.1,34452.4,288402
1692651600000,2023-08-21T21:00:00+00:00,34458.1,34604.9,34261.2,34306.3,269838
1692738000000,2023-08-22T21:00:00+00:00,34316.0,34551.1,34299.8,34539.0,274070
1692824400000,2023-08-23T21:00:00+00:00,34513.1,34699.7,34061.9,34108.2,300072
1692910800000,2023-08-24T21:00:00+00:00,34124.0,34444.0,34024.4,34344.6,293025
1693170000000,2023-08-27T21:00:00+00:00,34405.9,34668.7,34383.8,34589.7,265726
1693256400000,2023-08-28T21:00:00+00:00,34595.9,34891.5,34508.7,34883.6,251267
1693342800000,2023-08-29T21:00:00+00:00,34849.9,35042.0,34800.7,34979.3,291012
1693429200000,2023-08-30T21:00:00+00:00,34973.9,35113.1,34719.2,34753.1,279370
1693515600000,2023-08-31T21:00:00+00:00,34762.7,34978.0,34712.5,34813.4,273684
1693774800000,2023-09-03T21:00:00+00:00,34851.6,34935.5,34757.1,34791.7,107294
1693861200000,2023-09-04T21:00:00+00:00,34810.3,34891.9,34645.2,34663.2,267056
1693947600000,2023-09-05T21:00:00+00:00,34664.6,34685.3,34298.1,34445.6,266698
1694034000000,2023-09-06T21:00:00+00:00,34446.0,34561.0,34341.8,34519.0,272714
1694120400000,2023-09-07T21:00:00+00:00,34515.1,34628.5,34412.2,34580.7,258128
1694379600000,2023-09-10T21:00:00+00:00,34601.9,34794.6,34566.2,34664.0,201908
1694466000000,2023-09-11T21:00:00+00:00,34663.1,34867.6,34543.8,34660.2,253152
1694552400000,2023-09-12T21:00:00+00:00,34662.1,34786.6,34511.4,34602.2,276282
1694638800000,2023-09-13T21:00:00+00:00,34594.9,34988.4,34579.7,34952.1,274100
1694725200000,2023-09-14T21:00:00+00:00,34954.8,35028.7,34558.1,34613.9,273900
1694984400000,2023-09-17T21:00:00+00:00,34622.9,34726.6,34536.3,34629.6,247338
1695070800000,2023-09-18T21:00:00+00:00,34641.7,34684.3,34303.5,34509.3,247688
1695157200000,2023-09-19T21:00:00+00:00,34511.5,34778.7,34417.3,34428.4,254464
1695243600000,2023-09-20T21:00:00+00:00,34447.0,34451.2,34006.7,34027.3,321512
1695330000000,2023-09-21T21:00:00+00:00,34046.8,34132.0,33921.8,33948.2,294618
1695589200000,2023-09-24T21:00:00+00:00,33996.2,34085.7,33768.6,34021.9,290360
1695675600000,2023-09-25T21:00:00+00:00,34014.0,34022.2,33548.7,33644.5,297223
1695762000000,2023-09-26T21:00:00+00:00,33661.8,33750.6,33283.4,33583.3,294432
1695848400000,2023-09-27T21:00:00+00:00,33597.4,33754.2,33439.0,33678.6,330680
1695934800000,2023-09-28T21:00:00+00:00,33701.5,33877.2,33374.4,33512.2,312380
1696194000000,2023-10-01T21:00:00+00:00,33627.9,33704.2,33202.4,33406.6,331282
1696280400000,2023-10-02T21:00:00+00:00,33400.1,33478.2,32889.4,32949.7,338826
1696366800000,2023-10-03T21:00:00+00:00,32951.6,33134.1,32797.3,33046.6,361712
1696453200000,2023-10-04T21:00:00+00:00,33042.4,33137.1,32897.6,33062.0,328432
1696539600000,2023-10-05T21:00:00+00:00,33057.7,33528.1,32805.5,33393.7,312072
1696798800000,2023-10-08T21:00:00+00:00,33208.5,33623.1,33086.2,33581.9,308094
1696885200000,2023-10-09T21:00:00+00:00,33589.6,33885.3,33571.3,33724.7,299060
1696971600000,2023-10-10T21:00:00+00:00,33727.0,33878.4,33600.2,33846.5,286882
1697058000000,2023-10-11T21:00:00+00:00,33836.7,33959.1,33423.8,33599.1,275742
1697144400000,2023-10-12T21:00:00+00:00,33600.7,33934.9,33519.0,33597.1,321324
1697403600000,2023-10-15T21:00:00+00:00,33655.9,34082.5,33650.8,33994.5,294002
1697490000000,2023-10-16T21:00:00+00:00,34005.3,34139.2,33801.5,33973.2,311610
1697576400000,2023-10-17T21:00:00+00:00,33958.1,33986.2,33578.4,33661.5,315736
1697662800000,2023-10-18T21:00:00+00:00,33673.6,33830.7,33331.8,33369.1,346698
1697749200000,2023-10-19T21:00:00+00:00,33376.8,33396.2,33055.9,33069.2,324444
1698008400000,2023-10-22T21:00:00+00:00,33169.4,33219.0,32868.9,32977.9,326772
1698094800000,2023-10-23T21:00:00+00:00,32987.8,33276.5,32914.6,33213.2,329986
1698181200000,2023-10-24T21:00:00+00:00,33179.3,33254.4,32964.1,33049.5,336360
1698267600000,2023-10-25T21:00:00+00:00,33040.1,33075.3,32706.4,32790.8,359680
1698354000000,2023-10-26T21:00:00+00:00,32828.3,32883.0,32285.6,32368.2,330716
1698613200000,2023-10-29T21:00:00+00:00,32442.0,32984.6,32401.0,32914.2,320728
1698699600000,2023-10-30T21:00:00+00:00,32919.0,33118.3,32768.3,32986.2,341404
1698786000000,2023-10-31T21:00:00+00:00,32990.8,33322.0,32894.5,33259.3,316398
1698872400000,2023-11-01T21:00:00+00:00,33269.6,33837.9,33247.9,33821.6,309966
1698958800000,2023-11-02T21:00:00+00:00,33825.7,34148.2,33800.8,34078.9,281324
1699221600000,2023-11-05T22:00:00+00:00,34116.8,34161.8,33984.4,34068.6,264948
1699308000000,2023-11-06T22:00:00+00:00,34061.8,34206.3,33969.2,34167.7,272653
1699394400000,2023-11-07T22:00:00+00:00,34162.7,34254.3,33993.4,34103.8,284128
1699480800000,2023-11-08T22:00:00+00:00,34074.4,34209.6,33842.9,33909.1,294152
1699567200000,2023-11-09T22:00:00+00:00,33903.7,34302.4,33845.2,34203.9,304976
1699826400000,2023-11-12T22:00:00+00:00,34245.3,34404.8,34147.8,34339.2,274282
1699912800000,2023-11-13T22:00:00+00:00,34349.3,34934.7,34314.7,34864.1,279119
1699999200000,2023-11-14T22:00:00+00:00,34872.3,35055.1,34850.1,34974.6,305191
1700085600000,2023-11-15T22:00:00+00:00,34949.1,35014.5,34812.2,34984.7,305226
1700172000000,2023-11-16T22:00:00+00:00,34983.7,35095.7,34874.8,34922.2,277382
1700431200000,2023-11-19T22:00:00+00:00,34939.5,35231.6,34901.2,35161.0,273502
1700517600000,2023-11-20T22:00:00+00:00,35172.8,35190.0,35040.7,35087.9,269942
1700604000000,2023-11-21T22:00:00+00:00,35087.7,35310.6,35068.1,35274.3,275206
1700690400000,2023-11-22T22:00:00+00:00,35259.4,35344.9,35236.4,35304.7,117051
1700776800000,2023-11-23T22:00:00+00:00,35316.0,35400.9,35288.5,35395.1,191023
1701036000000,2023-11-26T22:00:00+00:00,35391.8,35431.5,35293.5,35366.0,279589
1701122400000,2023-11-27T22:00:00+00:00,35373.6,35532.5,35303.3,35438.4,297092
1701208800000,2023-11-28T22:00:00+00:00,35406.5,35594.5,35406.1,35536.8,313582
1701295200000,2023-11-29T22:00:00+00:00,35539.2,35969.6,35507.5,35936.1,334102
1701381600000,2023-11-30T22:00:00+00:00,35917.4,36271.5,35898.9,36268.0,324661
1701640800000,2023-12-03T22:00:00+00:00,36270.9,36284.3,36046.9,36199.2,283227
1701727200000,2023-12-04T22:00:00+00:00,36201.5,36207.5,36026.4,36135.8,265948
1701813600000,2023-12-05T22:00:00+00:00,36136.1,36316.6,36044.0,36081.7,254310
1701900000000,2023-12-06T22:00:00+00:00,36061.5,36170.4,35980.2,36106.0,263894
1701986400000,2023-12-07T22:00:00+00:00,36106.0,36299.4,35975.2,36248.1,249993
1702245600000,2023-12-10T22:00:00+00:00,36274.4,36431.6,36223.8,36423.8,223366
1702332000000,2023-12-11T22:00:00+00:00,36425.6,36653.1,36378.5,36607.3,252372
1702418400000,2023-12-12T22:00:00+00:00,36611.7,37158.2,36544.3,37113.6,253820
1702504800000,2023-12-13T22:00:00+00:00,37124.7,37323.5,37052.2,37244.1,336672
1702591200000,2023-12-14T22:00:00+00:00,37244.1,37417.4,37158.3,37310.6,297574
1702850400000,2023-12-17T22:00:00+00:00,37314.2,37423.3,37298.7,37312.2,249712
1702936800000,2023-12-18T22:00:00+00:00,37316.1,37596.1,37295.9,37574.3,249182
1703023200000,2023-12-19T22:00:00+00:00,37578.3,37676.6,37053.1,37128.1,266492
1703109600000,2023-12-20T22:00:00+00:00,37149.3,37435.1,37133.5,37385.4,289125
1703196000000,2023-12-21T22:00:00+00:00,37349.0,37554.6,37261.3,37384.9,258312
1703541600000,2023-12-25T22:00:00+00:00,37409.6,37662.4,37402.6,37618.3,165534
1703628000000,2023-12-26T22:00:00+00:00,37620.5,37732.7,37525.9,37709.9,236422
1703714400000,2023-12-27T22:00:00+00:00,37717.8,37801.4,37637.3,37744.3,233674
1703800800000,2023-12-28T22:00:00+00:00,37740.8,37808.7,37560.1,37688.3,233580
1704146400000,2024-01-01T22:00:00+00:00,37754.0,37855.3,37501.7,37746.2,274041
1704232800000,2024-01-02T22:00:00+00:00,37754.2,37759.4,37412.9,37456.3,283646
1704319200000,2024-01-03T22:00:00+00:00,37481.5,37726.3,37440.8,37487.7,280136
1704405600000,2024-01-04T22:00:00+00:00,37513.3,37630.4,37253.7,37458.8,293671
1704664800000,2024-01-07T22:00:00+00:00,37438.9,37710.3,37237.5,37658.3,273706
1704751200000,2024-01-08T22:00:00+00:00,37656.7,37669.7,37378.4,37506.3,275069
1704837600000,2024-01-09T22:00:00+00:00,37510.6,37758.1,37472.2,37710.3,262462
1704924000000,2024-01-10T22:00:00+00:00,37701.1,37817.5,37409.9,37686.5,304846
1705010400000,2024-01-11T22:00:00+00:00,37690.6,37817.3,37437.2,37530.2,328224
1705269600000,2024-01-14T22:00:00+00:00,37555.2,37633.9,37499.8,37579.7,140810
1705356000000,2024-01-15T22:00:00+00:00,37568.8,37579.7,37201.2,37352.8,306760
1705442400000,2024-01-16T22:00:00+00:00,37365.3,37375.4,37131.4,37271.9,309008
1705528800000,2024-01-17T22:00:00+00:00,37258.7,37524.3,37120.5,37468.0,301885
1705615200000,2024-01-18T22:00:00+00:00,37456.9,37941.9,37411.2,37888.5,290190
1705874400000,2024-01-21T22:00:00+00:00,37906.3,38133.8,37893.7,38018.6,285170
1705960800000,2024-01-22T22:00:00+00:00,38027.8,38046.7,37814.0,37937.3,158130
1706047200000,2024-01-23T22:00:00+00:00,37943.8,38096.5,37794.8,37879.6,173770
1706133600000,2024-01-24T22:00:00+00:00,37910.4,38068.4,37762.6,38018.2,186848
1706220000000,2024-01-25T22:00:00+00:00,37996.5,38231.2,37907.5,38109.0,179646
1706479200000,2024-01-28T22:00:00+00:00,38063.5,38371.5,38031.5,38324.0,140560
1706565600000,2024-01-29T22:00:00+00:00,38308.3,38523.8,38266.9,38481.8,147739
1706652000000,2024-01-30T22:00:00+00:00,38543.4,38606.6,38134.6,38174.4,185476
1706738400000,2024-01-31T22:00:00+00:00,38176.7,38551.9,38105.6,38518.2,190166
1706824800000,2024-02-01T22:00:00+00:00,38532.5,38791.2,38332.9,38656.0,188034
1707084000000,2024-02-04T22:00:00+00:00,38673.8,38714.2,38228.5,38361.8,170939
1707170400000,2024-02-05T22:00:00+00:00,38371.1,38555.3,38290.0,38507.8,178562
1707256800000,2024-02-06T22:00:00+00:00,38524.7,38770.4,38475.6,38717.2,171431
1707343200000,2024-02-07T22:00:00+00:00,38709.9,38766.3,38548.1,38719.9,139937
1707429600000,2024-02-08T22:00:00+00:00,38717.1,38903.8,38570.6,38646.9,143914
1707688800000,2024-02-11T22:00:00+00:00,38660.0,38954.9,38622.6,38805.7,135855
1707775200000,2024-02-12T22:00:00+00:00,38815.6,38846.0,38045.0,38276.8,191619
1707861600000,2024-02-13T22:00:00+00:00,38279.0,38475.0,38206.2,38453.0,183286
1707948000000,2024-02-14T22:00:00+00:00,38415.0,38786.5,38375.0,38783.0,165176
1708034400000,2024-02-15T22:00:00+00:00,38770.6,38826.8,38572.5,38580.3,170185
1708293600000,2024-02-18T22:00:00+00:00,38640.4,38682.0,38613.3,38650.1,66529
1708380000000,2024-02-19T22:00:00+00:00,38644.4,38675.6,38465.8,38605.4,198165
1708466400000,2024-02-20T22:00:00+00:00,38588.9,38694.4,38349.6,38578.9,196045
1708552800000,2024-02-21T22:00:00+00:00,38623.4,39167.9,38586.9,39052.7,195402
1708639200000,2024-02-22T22:00:00+00:00,39069.9,39302.6,39045.4,39125.4,172387
1708898400000,2024-02-25T22:00:00+00:00,39155.7,39268.2,39048.2,39071.0,152569
1708984800000,2024-02-26T22:00:00+00:00,39087.6,39136.3,38895.8,38984.4,145765
1709071200000,2024-02-27T22:00:00+00:00,38946.3,38968.5,38758.2,38849.8,138785
1709157600000,2024-02-28T22:00:00+00:00,38868.4,39077.8,38791.8,38968.9,177024
1709244000000,2024-02-29T22:00:00+00:00,38982.3,39130.8,38850.3,39053.3,168552
1709503200000,2024-03-03T22:00:00+00:00,39084.4,39101.8,38883.0,38962.1,133597
1709589600000,2024-03-04T22:00:00+00:00,38961.8,38975.2,38463.5,38609.3,171595
1709676000000,2024-03-05T22:00:00+00:00,38584.2,38874.9,38559.2,38688.4,186835
1709762400000,2024-03-06T22:00:00+00:00,38691.2,38918.4,38522.6,38796.7,185189
1709848800000,2024-03-07T22:00:00+00:00,38788.0,38976.5,38605.4,38762.0,212688
1710104400000,2024-03-10T21:00:00+00:00,38774.0,38809.2,38487.7,38798.3,211550
1710190800000,2024-03-11T21:00:00+00:00,38818.7,39088.6,38651.8,39008.4,183582
1710277200000,2024-03-12T21:00:00+00:00,39004.1,39233.8,38956.6,39103.9,148593
1710363600000,2024-03-13T21:00:00+00:00,39113.0,39246.7,38685.7,38898.5,189978
1710450000000,2024-03-14T21:00:00+00:00,38899.7,38981.1,38603.7,38692.7,194506
1710709200000,2024-03-17T21:00:00+00:00,38706.0,38911.4,38663.4,38797.0,160467
1710795600000,2024-03-18T21:00:00+00:00,38816.0,39136.7,38696.9,39116.7,176216
1710882000000,2024-03-19T21:00:00+00:00,39119.9,39573.6,39012.8,39557.4,149778
1710968400000,2024-03-20T21:00:00+00:00,39570.3,39910.3,39542.8,39855.3,168347
1711054800000,2024-03-21T21:00:00+00:00,39817.5,39867.7,39421.0,39426.3,150832
1711314000000,2024-03-24T21:00:00+00:00,39457.1,39472.8,39301.3,39330.9,132227
1711400400000,2024-03-25T21:00:00+00:00,39339.8,39448.2,39283.5,39370.8,129632
1711486800000,2024-03-26T21:00:00+00:00,39380.5,39813.0,39373.5,39775.5,144522
1711573200000,2024-03-27T21:00:00+00:00,39755.9,39878.6,39727.4,39776.9,137730
1711918800000,2024-03-31T21:00:00+00:00,39893.2,40022.4,39373.2,39438.2,139031
1712005200000,2024-04-01T21:00:00+00:00,39466.6,39475.3,39044.8,39182.6,171317
1712091600000,2024-04-02T21:00:00+00:00,39190.4,39308.9,39020.6,39174.7,173033
1712178000000,2024-04-03T21:00:00+00:00,39165.7,39427.1,38546.4,38591.7,171632
1712264400000,2024-04-04T21:00:00+00:00,38631.5,39044.9,38542.0,38920.2,231253
1712523600000,2024-04-07T21:00:00+00:00,39003.6,39033.6,38813.0,38934.1,193014
1712610000000,2024-04-08T21:00:00+00:00,38941.2,39004.1,38570.4,38922.5,198170
1712696400000,2024-04-09T21:00:00+00:00,38923.9,39045.6,38295.9,38430.4,203581
1712782800000,2024-04-10T21:00:00+00:00,38406.1,38589.3,38182.8,38462.9,223579
1712869200000,2024-04-11T21:00:00+00:00,38464.6,38552.5,37849.0,37955.1,192063
1713128400000,2024-04-14T21:00:00+00:00,38018.8,38372.8,37647.8,37719.6,244524
1713214800000,2024-04-15T21:00:00+00:00,37754.5,38024.9,37583.8,37819.8,247142
1713301200000,2024-04-16T21:00:00+00:00,37844.0,38004.7,37591.9,37727.7,237566
1713387600000,2024-04-17T21:00:00+00:00,37741.4,38066.6,37649.6,37751.6,219412
1713474000000,2024-04-18T21:00:00+00:00,37769.5,38090.7,37210.8,37950.3,290762
1713733200000,2024-04-21T21:00:00+00:00,38064.3,38447.0,37975.0,38259.3,212924
1713819600000,2024-04-22T21:00:00+00:00,38281.3,38561.7,38204.3,38525.3,191997
1713906000000,2024-04-23T21:00:00+00:00,38513.2,38579.2,38299.9,38386.2,204510
1713992400000,2024-04-24T21:00:00+00:00,38366.7,38422.2,37731.6,38132.4,208675
1714078800000,2024-04-25T21:00:00+00:00,38159.7,38326.4,38034.1,38242.7,189818
1714338000000,2024-04-28T21:00:00+00:00,38294.5,38404.7,38204.0,38370.3,152095
1714424400000,2024-04-29T21:00:00+00:00,38383.3,38388.7,37746.5,37786.0,179753
1714510800000,2024-04-30T21:00:00+00:00,37809.4,38349.1,37691.6,37948.9,170992
1714597200000,2024-05-01T21:00:00+00:00,37966.5,38470.0,37870.5,38462.5,200510
1714683600000,2024-05-02T21:00:00+00:00,38486.9,38794.3,38421.3,38696.2,176234
1714942800000,2024-05-05T21:00:00+00:00,38771.3,38883.7,38690.0,38846.3,106837
1715029200000,2024-05-06T21:00:00+00:00,38846.7,38989.4,38837.9,38872.2,114878
1715115600000,2024-05-07T21:00:00+00:00,38886.3,39104.2,38804.4,39065.8,132476
1715202000000,2024-05-08T21:00:00+00:00,39043.6,39453.1,38948.7,39427.1,140008
1715288400000,2024-05-09T21:00:00+00:00,39426.3,39584.5,39398.5,39486.8,139296
1715547600000,2024-05-12T21:00:00+00:00,39503.7,39665.8,39405.1,39438.7,125574
1715634000000,2024-05-13T21:00:00+00:00,39436.8,39628.5,39299.7,39575.6,147434
1715720400000,2024-05-14T21:00:00+00:00,39559.5,39957.4,39545.6,39925.2,135860
1715806800000,2024-05-15T21:00:00+00:00,39896.9,40055.3,39843.1,39857.1,136754
1715893200000,2024-05-16T21:00:00+00:00,39887.0,40014.0,39826.4,40003.7,120184
1716152400000,2024-05-19T21:00:00+00:00,40044.3,40095.0,39801.0,39825.3,109534
1716238800000,2024-05-20T21:00:00+00:00,39826.9,39921.1,39796.1,39882.4,102331
1716325200000,2024-05-21T21:00:00+00:00,39889.2,39925.2,39564.9,39616.2,127835
1716411600000,2024-05-22T21:00:00+00:00,39631.5,39778.7,39012.2,39037.0,177057
1716498000000,2024-05-23T21:00:00+00:00,39056.9,39217.6,39009.8,39053.4,126528
1716757200000,2024-05-26T21:00:00+00:00,39072.2,39139.4,39016.4,39138.1,38823
1716843600000,2024-05-27T21:00:00+00:00,39156.0,39156.0,38715.7,38848.0,144118
1716930000000,2024-05-28T21:00:00+00:00,38844.9,38847.1,38155.9,38176.6,136906
1717016400000,2024-05-29T21:00:00+00:00,38172.2,38221.1,38019.1,38110.9,153567
1717102800000,2024-05-30T21:00:00+00:00,38123.4,38767.7,38049.1,38734.7,181671
1717362000000,2024-06-02T21:00:00+00:00,38750.6,38834.1,38249.8,38573.1,179577
1717448400000,2024-06-03T21:00:00+00:00,38582.0,38799.7,38346.4,38724.0,158425
1717534800000,2024-06-04T21:00:00+00:00,38734.8,38864.2,38557.2,38805.3,146322
1717621200000,2024-06-05T21:00:00+00:00,38793.2,39026.9,38744.4,38897.7,149599
1717707600000,2024-06-06T21:00:00+00:00,38911.9,39115.1,38657.8,38811.9,173888
1717966800000,2024-06-09T21:00:00+00:00,38792.1,38897.6,38673.3,38856.1,141437
1718053200000,2024-06-10T21:00:00+00:00,38863.8,38890.9,38441.2,38731.3,156791
1718139600000,2024-06-11T21:00:00+00:00,38737.7,39159.1,38625.9,38710.7,169292
1718226000000,2024-06-12T21:00:00+00:00,38703.6,38735.0,38409.6,38618.9,155322
1718312400000,2024-06-13T21:00:00+00:00,38609.4,38648.8,38281.3,38549.1,194629
1718571600000,2024-06-16T21:00:00+00:00,38556.8,38859.3,38425.2,38815.8,187409
1718658000000,2024-06-17T21:00:00+00:00,38829.9,38958.6,38740.6,38857.7,150752
1718744400000,2024-06-18T21:00:00+00:00,38854.0,38881.5,38782.9,38799.4,48504
1718830800000,2024-06-19T21:00:00+00:00,38823.1,39268.8,38777.1,39146.6,160791
1718917200000,2024-06-20T21:00:00+00:00,39169.4,39274.4,39064.6,39168.4,163710
1719176400000,2024-06-23T21:00:00+00:00,39199.1,39606.8,39071.6,39466.6,162220
1719262800000,2024-06-24T21:00:00+00:00,39479.7,39542.2,39009.2,39107.2,153057
1719349200000,2024-06-25T21:00:00+00:00,39085.6,39207.0,38927.2,39105.8,150190
1719435600000,2024-06-26T21:00:00+00:00,39105.9,39274.6,39016.2,39151.4,156091
1719522000000,2024-06-27T21:00:00+00:00,39129.5,39453.0,38919.7,39166.0,162670
1719781200000,2024-06-30T21:00:00+00:00,39172.9,39456.6,39039.6,39147.7,158504
1719867600000,2024-07-01T21:00:00+00:00,39161.0,39354.7,38998.9,39314.5,143838
1719954000000,2024-07-02T21:00:00+00:00,39326.6,39430.7,39236.3,39303.8,105599
1720040400000,2024-07-03T21:00:00+00:00,39322.0,39454.4,39297.1,39352.4,39380
1720126800000,2024-07-04T21:00:00+00:00,39344.8,39396.3,39155.3,39336.6,135093
1720386000000,2024-07-07T21:00:00+00:00,39319.1,39689.3,39277.8,39355.6,136655
1720472400000,2024-07-08T21:00:00+00:00,39349.1,39504.3,39138.8,39284.9,138703
1720558800000,2024-07-09T21:00:00+00:00,39282.9,39754.1,39247.4,39700.4,138421
1720645200000,2024-07-10T21:00:00+00:00,39697.2,39895.6,39634.1,39803.2,177237
1720731600000,2024-07-11T21:00:00+00:00,39821.6,40274.3,39729.7,40027.1,166393
1720990800000,2024-07-14T21:00:00+00:00,40076.0,40375.7,40060.0,40267.7,171950
1721077200000,2024-07-15T21:00:00+00:00,40282.6,41028.3,40186.5,40988.6,174115
1721163600000,2024-07-16T21:00:00+00:00,41007.2,41280.0,40831.4,41279.2,205250
1721250000000,2024-07-17T21:00:00+00:00,41278.1,41414.5,40629.0,40713.3,211573
1721336400000,2024-07-18T21:00:00+00:00,40715.1,40747.8,40209.5,40282.6,223249
1721595600000,2024-07-21T21:00:00+00:00,40347.5,40498.7,40242.2,40438.5,204119
1721682000000,2024-07-22T21:00:00+00:00,40450.7,40554.9,40327.2,40360.7,167962
1721768400000,2024-07-23T21:00:00+00:00,40295.6,40334.8,39819.5,39959.8,191726
1721854800000,2024-07-24T21:00:00+00:00,39974.4,40457.6,39827.8,40017.7,239957
1721941200000,2024-07-25T21:00:00+00:00,40029.8,40773.7,40011.0,40635.5,193203
1722200400000,2024-07-28T21:00:00+00:00,40690.0,40849.4,40406.7,40566.0,209204
1722286800000,2024-07-29T21:00:00+00:00,40588.6,40901.3,40454.8,40580.1,215626
1722373200000,2024-07-30T21:00:00+00:00,40588.0,41237.7,40566.0,40892.7,220320
1722459600000,2024-07-31T21:00:00+00:00,40910.6,41123.8,40104.6,40249.4,259499
1722546000000,2024-08-01T21:00:00+00:00,40263.7,40269.4,39344.1,39625.4,289768
1722805200000,2024-08-04T21:00:00+00:00,39454.8,39593.5,38387.3,38854.1,338895
1722891600000,2024-08-05T21:00:00+00:00,38878.7,39451.9,38613.1,38903.4,293534
1722978000000,2024-08-06T21:00:00+00:00,38944.0,39476.7,38614.5,38639.3,261712
1723064400000,2024-08-07T21:00:00+00:00,38706.7,39525.2,38554.2,39482.9,240613
1723150800000,2024-08-08T21:00:00+00:00,39469.4,39626.1,39213.1,39457.9,215423
1723410000000,2024-08-11T21:00:00+00:00,39505.5,39614.2,39243.0,39364.3,167846
1723496400000,2024-08-12T21:00:00+00:00,39385.9,39805.1,39227.8,39752.9,181304
1723582800000,2024-08-13T21:00:00+00:00,39769.0,40080.2,39678.7,40057.0,183635
1723669200000,2024-08-14T21:00:00+00:00,40050.0,40612.0,40004.3,40589.0,159582
1723755600000,2024-08-15T21:00:00+00:00,40576.7,40730.1,40420.6,40682.7,160648
1724014800000,2024-08-18T21:00:00+00:00,40694.2,40929.1,40624.3,40865.9,150271
1724101200000,2024-08-19T21:00:00+00:00,40916.6,40972.5,40766.3,40855.3,142616
1724187600000,2024-08-20T21:00:00+00:00,40868.2,40993.4,40748.9,40908.7,153858
1724274000000,2024-08-21T21:00:00+00:00,40917.6,41044.3,40589.1,40744.4,167882
1724360400000,2024-08-22T21:00:00+00:00,40761.3,41216.2,40756.3,41185.5,156995
1724619600000,2024-08-25T21:00:00+00:00,41193.0,41447.7,41154.7,41227.5,160824
1724706000000,2024-08-26T21:00:00+00:00,41219.9,41314.3,41107.8,41270.9,157930
1724792400000,2024-08-27T21:00:00+00:00,41285.8,41381.8,40851.3,41187.8,164051
1724878800000,2024-08-28T21:00:00+00:00,41175.4,41604.1,41074.6,41404.9,191207
1724965200000,2024-08-29T21:00:00+00:00,41390.0,41578.9,41136.9,41546.7,161392
1725224400000,2024-09-01T21:00:00+00:00,41554.6,41577.3,41434.0,41559.1,53610
1725310800000,2024-09-02T21:00:00+00:00,41553.6,41558.1,40785.3,40949.6,189280
1725397200000,2024-09-03T21:00:00+00:00,40937.5,41184.9,40777.6,40954.2,232949
1725483600000,2024-09-04T21:00:00+00:00,40956.8,41100.2,40524.5,40803.1,205256
1725570000000,2024-09-05T21:00:00+00:00,40821.0,41016.2,40201.2,40209.0,238292
1725829200000,2024-09-08T21:00:00+00:00,40305.2,41022.2,40295.0,40855.2,205200
1725915600000,2024-09-09T21:00:00+00:00,40853.0,40944.9,40421.9,40756.0,185055
1726002000000,2024-09-10T21:00:00+00:00,40748.6,40915.3,39999.8,40838.6,228846
1726088400000,2024-09-11T21:00:00+00:00,40858.4,41126.7,40672.4,41089.2,177276
1726174800000,2024-09-12T21:00:00+00:00,41110.9,41544.3,41100.6,41402.1,155307
1726434000000,2024-09-15T21:00:00+00:00,41397.2,41760.9,41376.4,41612.5,134566
1726520400000,2024-09-16T21:00:00+00:00,41629.8,41855.0,41486.5,41643.6,160199
1726606800000,2024-09-17T21:00:00+00:00,41643.3,42000.3,41440.8,41557.8,132958
1726693200000,2024-09-18T21:00:00+00:00,41575.5,42178.0,41559.5,42062.0,171705
1726779600000,2024-09-19T21:00:00+00:00,42066.3,42138.0,41851.5,42039.3,134942
1727038800000,2024-09-22T21:00:00+00:00,42072.7,42183.4,41944.6,42109.5,132666
1727125200000,2024-09-23T21:00:00+00:00,42116.4,42286.1,42038.9,42190.9,125313
1727211600000,2024-09-24T21:00:00+00:00,42180.8,42313.2,41844.8,41898.6,128273
1727298000000,2024-09-25T21:00:00+00:00,41895.3,42237.0,41874.3,42185.5,120999
1727384400000,2024-09-26T21:00:00+00:00,42197.7,42653.9,42138.9,42272.7,133413
1727643600000,2024-09-29T21:00:00+00:00,42291.4,42380.1,41914.8,42265.4,136368
1727730000000,2024-09-30T21:00:00+00:00,42278.5,42330.2,41927.2,42118.3,153253
1727816400000,2024-10-01T21:00:00+00:00,42140.7,42259.9,41963.4,42220.7,145862
1727902800000,2024-10-02T21:00:00+00:00,42230.8,42259.0,41828.2,41980.5,151221
1727989200000,2024-10-03T21:00:00+00:00,41962.3,42345.8,41930.7,42306.3,171258
1728248400000,2024-10-06T21:00:00+00:00,42360.7,42401.7,41816.7,41958.0,160012
1728334800000,2024-10-07T21:00:00+00:00,41975.4,42131.9,41796.2,42066.9,153037
1728421200000,2024-10-08T21:00:00+00:00,42081.1,42574.6,41965.3,42517.1,132023
1728507600000,2024-10-09T21:00:00+00:00,42515.6,42556.8,42301.5,42465.3,129471
1728594000000,2024-10-10T21:00:00+00:00,42476.3,42898.7,42386.2,42827.5,114726
1728853200000,2024-10-13T21:00:00+00:00,42855.2,43158.7,42725.4,43154.2,103281
1728939600000,2024-10-14T21:00:00+00:00,43150.2,43190.6,42712.9,42747.4,134737
1729026000000,2024-10-15T21:00:00+00:00,42767.6,43121.3,42689.0,43089.9,119138
1729112400000,2024-10-16T21:00:00+00:00,43090.0,43307.7,43012.4,43249.3,131491
1729198800000,2024-10-17T21:00:00+00:00,43253.1,43338.5,43045.3,43293.8,109172
1729458000000,2024-10-20T21:00:00+00:00,43320.3,43346.0,42879.7,42953.5,118563
1729544400000,2024-10-21T21:00:00+00:00,42962.5,43059.2,42722.2,42746.7,128334
1729630800000,2024-10-22T21:00:00+00:00,42802.9,42843.3,42293.6,42456.9,129680
1729717200000,2024-10-23T21:00:00+00:00,42462.9,42534.8,42198.8,42405.9,126260
1729803600000,2024-10-24T21:00:00+00:00,42422.8,42605.5,42042.3,42083.3,124186
1730062800000,2024-10-27T21:00:00+00:00,42240.3,42504.0,42210.0,42438.8,135961
1730149200000,2024-10-28T21:00:00+00:00,42448.2,42516.4,42185.1,42325.2,143791
1730235600000,2024-10-29T21:00:00+00:00,42336.2,42486.9,42121.7,42174.2,148062
1730322000000,2024-10-30T21:00:00+00:00,42177.2,42188.9,41705.9,41776.2,165729
1730408400000,2024-10-31T21:00:00+00:00,41818.9,42333.8,41732.6,42042.1,169157
1730671200000,2024-11-03T22:00:00+00:00,41983.0,42136.4,41652.0,41829.3,155464
1730757600000,2024-11-04T22:00:00+00:00,41861.8,42314.5,41781.7,42314.0,186510
1730844000000,2024-11-05T22:00:00+00:00,42311.8,43836.1,42286.7,43830.3,229245
1730930400000,2024-11-06T22:00:00+00:00,43818.5,43897.2,43684.2,43816.3,157961
1731016800000,2024-11-07T22:00:00+00:00,43822.1,44181.8,43737.0,44035.6,128234
1731276000000,2024-11-10T22:00:00+00:00,44083.8,44527.0,44044.0,44326.8,111857
1731362400000,2024-11-11T22:00:00+00:00,44297.1,44450.0,43934.8,43978.8,137898
1731448800000,2024-11-12T22:00:00+00:00,43978.6,44179.8,43798.5,44033.1,142936
1731535200000,2024-11-13T22:00:00+00:00,44034.8,44154.7,43723.3,43792.3,146660
1731621600000,2024-11-14T22:00:00+00:00,43788.1,43789.4,43375.6,43482.9,157440
1731880800000,2024-11-17T22:00:00+00:00,43454.1,43545.6,43290.3,43410.9,132420
1731967200000,2024-11-18T22:00:00+00:00,43415.6,43520.9,42892.5,43300.6,174358
1732053600000,2024-11-19T22:00:00+00:00,43312.3,43492.5,43086.3,43480.8,177774
1732140000000,2024-11-20T22:00:00+00:00,43476.9,44052.1,43287.8,43894.7,203598
1732226400000,2024-11-21T22:00:00+00:00,43870.7,44364.2,43729.1,44356.7,169442
1732485600000,2024-11-24T22:00:00+00:00,44475.9,44846.1,44475.9,44792.4,140395
1732572000000,2024-11-25T22:00:00+00:00,44799.0,44931.0,44462.7,44908.0,164690
1732658400000,2024-11-26T22:00:00+00:00,44895.4,45042.1,44713.1,44762.9,122168
1732744800000,2024-11-27T22:00:00+00:00,44778.2,44899.4,44749.1,44877.4,42600
1732831200000,2024-11-28T22:00:00+00:00,44870.4,45102.6,44785.3,44984.6,95908
1733090400000,2024-12-01T22:00:00+00:00,44973.5,45055.4,44739.5,44799.5,111509
1733176800000,2024-12-02T22:00:00+00:00,44803.2,44910.6,44605.9,44809.0,102278
1733263200000,2024-12-03T22:00:00+00:00,44840.1,45105.1,44802.4,45034.6,114934
1733349600000,2024-12-04T22:00:00+00:00,45021.5,45090.4,44748.5,44793.5,113120
1733436000000,2024-12-05T22:00:00+00:00,44798.1,44925.2,44604.5,44640.8,104512
1733695200000,2024-12-08T22:00:00+00:00,44637.1,44757.3,44400.9,44413.6,121133
1733781600000,2024-12-09T22:00:00+00:00,44423.3,44501.8,44211.3,44309.6,106271
1733868000000,2024-12-10T22:00:00+00:00,44330.8,44397.7,44136.8,44140.8,103385
1733954400000,2024-12-11T22:00:00+00:00,44145.5,44233.4,43903.2,43937.5,125014
1734040800000,2024-12-12T22:00:00+00:00,43908.4,44057.3,43776.9,43808.7,128138
1734300000000,2024-12-15T22:00:00+00:00,43840.4,43970.6,43698.9,43713.9,139942
1734386400000,2024-12-16T22:00:00+00:00,43706.1,43755.6,43352.0,43457.6,163780
1734472800000,2024-12-17T22:00:00+00:00,43475.6,43711.8,42138.1,42321.1,169088
1734559200000,2024-12-18T22:00:00+00:00,42354.8,42745.9,42290.7,42350.5,236579
1734645600000,2024-12-19T22:00:00+00:00,42348.4,43174.6,42008.0,42782.9,250353
1734904800000,2024-12-22T22:00:00+00:00,42928.0,43014.0,42463.7,42854.0,184630
1734991200000,2024-12-23T22:00:00+00:00,42884.8,43204.0,42786.7,43183.5,85448
1735164000000,2024-12-25T22:00:00+00:00,43182.9,43302.7,42985.4,43237.5,121109
1735250400000,2024-12-26T22:00:00+00:00,43232.2,43273.2,42640.9,42915.2,157077
1735509600000,2024-12-29T22:00:00+00:00,42946.9,42965.4,42169.6,42506.6,190730
1735596000000,2024-12-30T22:00:00+00:00,42513.8,42694.0,42316.0,42390.2,150774
1735768800000,2025-01-01T22:00:00+00:00,42529.3,42854.0,42071.5,42322.1,238595
1735855200000,2025-01-02T22:00:00+00:00,42308.0,42686.0,42261.5,42603.0,159410
1736114400000,2025-01-05T22:00:00+00:00,42662.8,43031.0,42508.8,42644.8,168656
1736200800000,2025-01-06T22:00:00+00:00,42662.3,42842.5,42283.5,42410.8,178464
1736287200000,2025-01-07T22:00:00+00:00,42432.6,42577.5,42230.6,42524.6,203042
1736373600000,2025-01-08T22:00:00+00:00,42510.5,42550.9,42369.6,42471.6,61766
1736460000000,2025-01-09T22:00:00+00:00,42445.1,42552.0,41736.6,41863.6,219150
1736719200000,2025-01-12T22:00:00+00:00,41847.8,42235.3,41639.2,42232.6,217814
1736805600000,2025-01-13T22:00:00+00:00,42258.7,42502.2,42051.9,42489.7,196120
1736892000000,2025-01-14T22:00:00+00:00,42482.5,43253.2,42437.3,43162.5,149632
1736978400000,2025-01-15T22:00:00+00:00,43171.4,43261.3,42978.3,43022.6,186192
1737064800000,2025-01-16T22:00:00+00:00,43035.7,43566.9,43015.9,43387.2,146944
1737324000000,2025-01-19T22:00:00+00:00,43438.1,43720.6,43346.4,43569.9,91677
1737410400000,2025-01-20T22:00:00+00:00,43637.0,43996.3,43218.6,43974.1,171518
1737496800000,2025-01-21T22:00:00+00:00,43956.9,44144.1,43924.9,44078.4,119432
1737583200000,2025-01-22T22:00:00+00:00,44088.0,44491.9,44046.1,44467.2,116564
1737669600000,2025-01-23T22:00:00+00:00,44458.4,44508.4,44259.1,44322.9,125756
1737928800000,2025-01-26T22:00:00+00:00,44222.4,44688.9,43767.3,44650.7,249192
1738015200000,2025-01-27T22:00:00+00:00,44640.3,44925.0,44507.3,44778.3,185422
1738101600000,2025-01-28T22:00:00+00:00,44781.6,44911.1,44521.6,44734.4,175150
1738188000000,2025-01-29T22:00:00+00:00,44688.9,44969.6,44563.8,44844.9,173406
1738274400000,2025-01-30T22:00:00+00:00,44880.5,45012.9,44445.0,44470.3,170770
1738533600000,2025-02-02T22:00:00+00:00,44050.7,44624.5,43774.0,44547.5,266168
1738620000000,2025-02-03T22:00:00+00:00,44622.1,44627.3,44166.3,44480.1,189673
1738706400000,2025-02-04T22:00:00+00:00,44469.2,44873.4,44293.9,44873.2,159611
1738792800000,2025-02-05T22:00:00+00:00,44862.1,45010.0,44492.3,44629.8,137474
1738879200000,2025-02-06T22:00:00+00:00,44634.9,44798.6,44224.3,44249.1,168333
1739138400000,2025-02-09T22:00:00+00:00,44142.3,44583.7,44112.8,44433.3,126387
1739224800000,2025-02-10T22:00:00+00:00,44406.8,44602.7,44250.4,44559.5,130546
1739311200000,2025-02-11T22:00:00+00:00,44573.1,44594.4,44049.8,44364.4,154611
1739397600000,2025-02-12T22:00:00+00:00,44375.7,44742.4,44226.1,44699.5,161200
1739484000000,2025-02-13T22:00:00+00:00,44677.5,44723.5,44437.2,44477.5,124831
1739743200000,2025-02-16T22:00:00+00:00,44524.3,44627.5,44473.1,44612.5,33776
1739829600000,2025-02-17T22:00:00+00:00,44602.8,44620.9,44278.2,44508.3,118810
1739916000000,2025-02-18T22:00:00+00:00,44535.9,44598.1,44271.8,44538.9,117506
1740002400000,2025-02-19T22:00:00+00:00,44547.0,44561.0,43911.7,44130.8,138470
1740088800000,2025-02-20T22:00:00+00:00,44127.6,44216.8,43305.1,43366.4,159979
1740348000000,2025-02-23T22:00:00+00:00,43422.7,43732.9,43327.7,43479.7,178683
1740434400000,2025-02-24T22:00:00+00:00,43507.8,43757.0,43261.0,43658.8,217086
1740520800000,2025-02-25T22:00:00+00:00,43682.1,43854.3,43256.8,43414.8,183747
1740607200000,2025-02-26T22:00:00+00:00,43392.1,43877.6,43207.6,43250.9,225676
1740693600000,2025-02-27T22:00:00+00:00,43263.8,43843.5,43066.7,43759.3,250074
1740952800000,2025-03-02T22:00:00+00:00,43791.0,44034.5,42903.2,43247.0,246918
1741039200000,2025-03-03T22:00:00+00:00,43246.3,43286.0,42345.5,42753.8,311946
1741125600000,2025-03-04T22:00:00+00:00,42768.2,43126.3,42404.3,42985.1,288493
1741212000000,2025-03-05T22:00:00+00:00,42987.9,43030.9,42363.1,42613.4,272273
1741298400000,2025-03-06T22:00:00+00:00,42578.1,42889.3,42153.6,42764.1,281300
1741554000000,2025-03-09T21:00:00+00:00,42592.5,42664.0,41620.0,41955.5,294084
1741640400000,2025-03-10T21:00:00+00:00,41925.0,42085.4,41179.7,41434.5,319018
1741726800000,2025-03-11T21:00:00+00:00,41474.8,41986.0,41012.4,41321.7,262646
1741813200000,2025-03-12T21:00:00+00:00,41328.5,41457.8,40668.0,40866.5,277980
1741899600000,2025-03-13T21:00:00+00:00,40903.8,41526.5,40882.3,41415.8,248704
1742158800000,2025-03-16T21:00:00+00:00,41396.0,42028.4,41236.4,41866.2,237233
1742245200000,2025-03-17T21:00:00+00:00,41872.1,41910.4,41420.8,41587.9,220878
1742331600000,2025-03-18T21:00:00+00:00,41588.6,42197.8,41521.2,41983.8,200750
1742418000000,2025-03-19T21:00:00+00:00,42000.2,42262.7,41691.4,41978.0,220970
1742504400000,2025-03-20T21:00:00+00:00,41965.0,42004.3,41415.0,41978.5,231366
1742763600000,2025-03-23T21:00:00+00:00,42153.6,42647.1,42143.9,42568.9,154482
1742850000000,2025-03-24T21:00:00+00:00,42580.1,42709.5,42452.0,42610.3,140105
1742936400000,2025-03-25T21:00:00+00:00,42623.0,42834.4,42327.9,42417.7,181480
1743022800000,2025-03-26T21:00:00+00:00,42308.0,42570.8,42158.1,42313.2,230425
1743109200000,2025-03-27T21:00:00+00:00,42307.3,42369.0,41424.1,41429.1,210924
1743368400000,2025-03-30T21:00:00+00:00,41353.9,42144.1,41150.1,41939.7,265645
1743454800000,2025-03-31T21:00:00+00:00,41953.4,42141.6,41503.6,41956.4,267656
1743541200000,2025-04-01T21:00:00+00:00,41961.2,42566.5,41609.9,41749.5,260478
1743627600000,2025-04-02T21:00:00+00:00,41517.7,41546.9,40390.2,40412.4,327351
1743714000000,2025-04-03T21:00:00+00:00,40422.3,40474.3,38032.5,38195.8,390246
1743973200000,2025-04-06T21:00:00+00:00,37176.5,39166.8,36447.3,38181.9,391475
1744059600000,2025-04-07T21:00:00+00:00,38243.6,39398.6,37046.1,37498.1,347851
1744146000000,2025-04-08T21:00:00+00:00,37513.6,40783.4,36640.1,40757.4,383793
1744232400000,2025-04-09T21:00:00+00:00,40716.7,40895.8,38387.2,39548.0,379820
1744318800000,2025-04-10T21:00:00+00:00,39598.9,40374.6,38972.2,40209.4,357583
1744578000000,2025-04-13T21:00:00+00:00,40460.6,40768.2,39797.8,40453.8,268662
1744664400000,2025-04-14T21:00:00+00:00,40439.8,40791.0,40306.5,40329.5,268542
1744750800000,2025-04-15T21:00:00+00:00,40165.2,40502.1,39373.9,39620.7,290523
1744837200000,2025-04-16T21:00:00+00:00,39673.1,40084.8,38925.3,39199.9,284385
1745182800000,2025-04-20T21:00:00+00:00,39018.2,39056.0,37801.4,38107.2,218526
1745269200000,2025-04-21T21:00:00+00:00,38127.6,39257.1,38053.2,39173.9,254179
1745355600000,2025-04-22T21:00:00+00:00,39650.6,40363.3,39470.8,39592.1,274934
1745442000000,2025-04-23T21:00:00+00:00,39582.2,40216.5,39225.7,40071.6,241400
1745528400000,2025-04-24T21:00:00+00:00,40076.3,40200.6,39685.8,40102.8,244338
1745787600000,2025-04-27T21:00:00+00:00,40035.7,40407.0,39855.5,40187.8,205063
1745874000000,2025-04-28T21:00:00+00:00,40179.4,40624.4,40140.4,40568.9,220230
1745960400000,2025-04-29T21:00:00+00:00,40559.3,40783.8,39720.5,40696.1,237109
1746046800000,2025-04-30T21:00:00+00:00,40732.5,41081.0,40594.1,40670.6,218280
1746133200000,2025-05-01T21:00:00+00:00,40673.0,41370.9,40634.9,41294.2,234931
1746392400000,2025-05-04T21:00:00+00:00,41270.2,41436.2,40985.6,41206.7,198649
1746478800000,2025-05-05T21:00:00+00:00,41216.5,41233.2,40652.2,40713.2,205072
1746565200000,2025-05-06T21:00:00+00:00,40874.7,41267.6,40804.4,41076.9,243128
1746651600000,2025-05-07T21:00:00+00:00,41049.2,41773.1,41013.9,41363.2,216927
1746738000000,2025-05-08T21:00:00+00:00,41372.4,41511.3,41120.6,41265.9,209186
1746997200000,2025-05-11T21:00:00+00:00,41759.8,42472.0,41586.0,42437.1,240593
1747083600000,2025-05-12T21:00:00+00:00,42417.6,42444.9,42110.8,42142.9,207213
1747170000000,2025-05-13T21:00:00+00:00,42174.3,42256.2,41943.5,42024.8,201272
1747256400000,2025-05-14T21:00:00+00:00,42019.4,42370.4,41759.6,42343.4,206867
1747342800000,2025-05-15T21:00:00+00:00,42316.7,42659.9,42229.4,42384.7,170441
1747602000000,2025-05-18T21:00:00+00:00,42310.1,42845.0,42240.2,42793.8,206519
1747688400000,2025-05-19T21:00:00+00:00,42774.3,42877.1,42478.5,42648.1,180517
1747774800000,2025-05-20T21:00:00+00:00,42637.8,42655.3,41768.8,41796.3,227438
1747861200000,2025-05-21T21:00:00+00:00,41795.5,42097.4,41616.4,41923.5,222388
1747947600000,2025-05-22T21:00:00+00:00,41941.2,41949.1,41157.4,41549.2,242606
1748206800000,2025-05-25T21:00:00+00:00,41596.8,42110.9,41585.8,42072.7,84525
1748293200000,2025-05-26T21:00:00+00:00,42067.9,42411.3,41886.0,42405.8,171830
1748379600000,2025-05-27T21:00:00+00:00,42397.5,42456.9,42046.4,42136.7,175715
1748466000000,2025-05-28T21:00:00+00:00,42098.7,42722.6,41822.8,42177.3,252856
1748552400000,2025-05-29T21:00:00+00:00,42161.3,42374.8,41892.5,42198.3,231839
1748811600000,2025-06-01T21:00:00+00:00,42150.6,42355.3,41844.5,42318.6,236997
1748898000000,2025-06-02T21:00:00+00:00,42321.5,42582.9,42058.9,42533.7,173342
1748984400000,2025-06-03T21:00:00+00:00,42546.2,42659.1,42418.7,42426.2,172682
1749070800000,2025-06-04T21:00:00+00:00,42416.7,42678.9,42208.9,42347.2,205384
1749157200000,2025-06-05T21:00:00+00:00,42301.7,42926.7,42300.7,42780.5,194374
1749416400000,2025-06-08T21:00:00+00:00,42825.0,42900.9,42565.7,42775.2,147507
1749502800000,2025-06-09T21:00:00+00:00,42766.5,42932.7,42637.7,42847.5,177716
1749589200000,2025-06-10T21:00:00+00:00,42851.8,43127.5,42725.7,42865.8,196710
1749675600000,2025-06-11T21:00:00+00:00,42836.1,42976.8,42564.5,42920.4,185798
1749762000000,2025-06-12T21:00:00+00:00,42914.8,42919.8,42071.5,42194.3,287316
1750021200000,2025-06-15T21:00:00+00:00,42043.4,42724.5,41990.9,42537.8,196856
1750107600000,2025-06-16T21:00:00+00:00,42549.5,42563.2,42134.2,42214.7,210684
1750194000000,2025-06-17T21:00:00+00:00,42172.5,42519.7,42083.5,42184.3,192416
1750280400000,2025-06-18T21:00:00+00:00,42178.0,42186.2,41754.6,41782.9,101534
1750366800000,2025-06-19T21:00:00+00:00,41926.6,42428.6,41926.4,42242.4,211266
1750626000000,2025-06-22T21:00:00+00:00,41859.1,42616.2,41850.6,42602.5,209106
1750712400000,2025-06-23T21:00:00+00:00,42600.1,43205.0,42589.3,43091.6,174360
1750798800000,2025-06-24T21:00:00+00:00,43084.2,43162.0,42870.7,42988.2,135642
1750885200000,2025-06-25T21:00:00+00:00,42982.4,43453.6,42973.4,43424.6,127898
1750971600000,2025-06-26T21:00:00+00:00,43463.5,43995.2,43450.5,43963.0,144958
1751230800000,2025-06-29T21:00:00+00:00,43985.5,44165.6,43913.1,44066.6,138912
1751317200000,2025-06-30T21:00:00+00:00,44067.0,44646.2,44015.4,44555.0,147868
1751403600000,2025-07-01T21:00:00+00:00,44546.1,44695.0,44378.6,44526.1,115522
1751490000000,2025-07-02T21:00:00+00:00,44507.9,44901.4,44475.4,44834.6,78220
1751576400000,2025-07-03T21:00:00+00:00,44813.5,44813.5,44520.9,44579.4,60076
1751835600000,2025-07-06T21:00:00+00:00,44734.9,44879.3,44176.6,44315.7,125934
1751922000000,2025-07-07T21:00:00+00:00,44340.2,44469.1,44225.1,44262.2,122492
1752008400000,2025-07-08T21:00:00+00:00,44276.7,44587.9,44181.0,44487.2,109118
1752094800000,2025-07-09T21:00:00+00:00,44467.3,44803.5,44327.2,44628.0,99378
1752181200000,2025-07-10T21:00:00+00:00,44644.0,44707.5,44277.5,44340.8,129300
1752440400000,2025-07-13T21:00:00+00:00,44167.9,44489.5,44108.2,44458.8,105603
1752526800000,2025-07-14T21:00:00+00:00,44434.8,44617.0,43972.5,43979.0,123172
1752613200000,2025-07-15T21:00:00+00:00,43984.7,44276.9,43772.4,44212.2,124654
1752699600000,2025-07-16T21:00:00+00:00,44219.9,44574.6,44154.8,44526.4,105576
1752786000000,2025-07-17T21:00:00+00:00,44505.2,44659.3,44224.4,44329.2,99496
1753045200000,2025-07-20T21:00:00+00:00,44324.1,44622.8,44301.4,44401.1,80515
1753131600000,2025-07-21T21:00:00+00:00,44409.2,44563.6,44238.3,44557.2,95806
1753218000000,2025-07-22T21:00:00+00:00,44575.4,45052.4,44538.2,44924.4,115246
1753304400000,2025-07-23T21:00:00+00:00,44930.7,44957.8,44693.8,44762.4,100652
1753390800000,2025-07-24T21:00:00+00:00,44767.2,44956.9,44649.9,44911.2,86384
1753650000000,2025-07-27T21:00:00+00:00,45131.6,45159.7,44760.8,44855.3,89298
1753736400000,2025-07-28T21:00:00+00:00,44866.0,44973.9,44590.2,44627.8,102934
1753822800000,2025-07-29T21:00:00+00:00,44652.0,44769.2,44279.9,44523.7,106516
1753909200000,2025-07-30T21:00:00+00:00,44531.0,44717.9,44074.7,44131.0,125756
1753995600000,2025-07-31T21:00:00+00:00,44168.8,44196.3,43336.0,43590.8,172382
1754254800000,2025-08-03T21:00:00+00:00,43571.6,44279.1,43520.8,44279.1,129606
1754341200000,2025-08-04T21:00:00+00:00,44290.6,44325.6,43934.8,44155.6,121592
1754427600000,2025-08-05T21:00:00+00:00,44175.9,44381.3,44026.1,44216.9,128708
1754514000000,2025-08-06T21:00:00+00:00,44176.1,44517.0,43806.3,44023.4,139322
1754600400000,2025-08-07T21:00:00+00:00,44016.8,44285.8,43984.1,44244.1,111974
1754859600000,2025-08-10T21:00:00+00:00,44239.2,44329.2,43922.4,43985.0,103098
1754946000000,2025-08-11T21:00:00+00:00,43992.1,44520.6,43944.9,44467.4,114786
1755032400000,2025-08-12T21:00:00+00:00,44473.1,44992.6,44428.6,44937.4,94972
1755118800000,2025-08-13T21:00:00+00:00,44947.6,45069.3,44701.0,45058.3,104258
1755205200000,2025-08-14T21:00:00+00:00,45062.4,45291.3,44905.6,44935.4,102320
1755464400000,2025-08-17T21:00:00+00:00,44982.9,45055.2,44840.1,44923.4,94090
1755550800000,2025-08-18T21:00:00+00:00,44933.4,45225.1,44778.3,44961.9,99156
1755637200000,2025-08-19T21:00:00+00:00,44987.4,45063.4,44772.9,44952.2,124320
1755723600000,2025-08-20T21:00:00+00:00,44950.3,44967.8,44584.0,44822.8,124752
1755810000000,2025-08-21T21:00:00+00:00,44835.2,45773.7,44679.6,45657.5,114080
1756069200000,2025-08-24T21:00:00+00:00,45677.1,45686.3,45283.0,45338.8,88772
1756155600000,2025-08-25T21:00:00+00:00,45342.0,45473.5,45127.4,45473.0,115222
1756242000000,2025-08-26T21:00:00+00:00,45462.7,45646.9,45397.1,45605.2,86916
1756328400000,2025-08-27T21:00:00+00:00,45588.2,45755.8,45457.4,45618.9,115466
1756414800000,2025-08-28T21:00:00+00:00,45579.8,45623.5,45371.3,45573.6,102974
1756674000000,2025-08-31T21:00:00+00:00,45609.7,45701.9,45482.6,45589.6,62524
1756760400000,2025-09-01T21:00:00+00:00,45561.8,45592.6,44949.0,45265.3,142134
1756846800000,2025-09-02T21:00:00+00:00,45271.8,45329.0,44987.8,45225.6,120832
1756933200000,2025-09-03T21:00:00+00:00,45173.1,45660.6,45167.3,45641.6,106578
1757019600000,2025-09-04T21:00:00+00:00,45626.3,45780.5,45209.0,45410.8,118794
1757278800000,2025-09-07T21:00:00+00:00,45414.3,45557.0,45289.0,45551.5,109028
1757365200000,2025-09-08T21:00:00+00:00,45566.7,45779.9,45443.9,45672.5,105578
1757451600000,2025-09-09T21:00:00+00:00,45651.0,45807.1,45387.9,45496.7,111828
1757538000000,2025-09-10T21:00:00+00:00,45492.6,46154.3,45487.8,46120.8,108564
1757624400000,2025-09-11T21:00:00+00:00,46133.4,46147.2,45814.4,45908.4,88668
1757883600000,2025-09-14T21:00:00+00:00,45838.9,45987.1,45776.3,45899.3,101346
1757970000000,2025-09-15T21:00:00+00:00,45866.4,45972.6,45665.7,45770.7,99096
1758056400000,2025-09-16T21:00:00+00:00,45803.0,46288.3,45690.3,46032.8,104754
1758142800000,2025-09-17T21:00:00+00:00,46044.1,46378.5,45955.8,46165.6,118872
1758229200000,2025-09-18T21:00:00+00:00,46208.6,46397.6,46060.8,46397.6,117672
1758488400000,2025-09-21T21:00:00+00:00,46285.1,46465.1,46045.1,46402.1,101818
1758574800000,2025-09-22T21:00:00+00:00,46384.4,46742.4,46234.1,46328.9,99786
1758661200000,2025-09-23T21:00:00+00:00,46335.7,46481.7,46108.7,46129.2,98652
1758747600000,2025-09-24T21:00:00+00:00,46178.0,46237.9,45797.6,45974.9,117006
1758834000000,2025-09-25T21:00:00+00:00,45975.1,46369.9,45938.7,46269.7,131172
1759093200000,2025-09-28T21:00:00+00:00,46284.0,46508.6,46165.4,46309.2,106880
1759179600000,2025-09-29T21:00:00+00:00,46320.8,46444.5,46118.5,46326.6,123776
1759266000000,2025-09-30T21:00:00+00:00,46347.2,46550.2,46071.1,46429.7,123344
1759352400000,2025-10-01T21:00:00+00:00,46444.9,46606.1,46284.8,46539.9,108684
1759438800000,2025-10-02T21:00:00+00:00,46542.0,47067.0,46504.8,46785.8,105632
1759698000000,2025-10-05T21:00:00+00:00,46809.2,46902.7,46435.3,46706.8,162972
1759784400000,2025-10-06T21:00:00+00:00,46711.6,46887.7,46454.1,46633.2,161663
1759870800000,2025-10-07T21:00:00+00:00,46647.0,46844.2,46515.5,46640.2,153810
1759957200000,2025-10-08T21:00:00+00:00,46642.8,46698.5,46270.9,46374.5,159258
1760043600000,2025-10-09T21:00:00+00:00,46286.0,46648.0,45185.6,45217.8,144050
1760302800000,2025-10-12T21:00:00+00:00,45873.9,46167.6,45751.1,46063.6,168174
1760389200000,2025-10-13T21:00:00+00:00,46111.5,46531.7,45451.9,46262.2,188012
1760475600000,2025-10-14T21:00:00+00:00,46282.0,46710.2,46031.2,46279.0,155880
1760562000000,2025-10-15T21:00:00+00:00,46340.8,46500.7,45788.5,45926.5,168072
1760648400000,2025-10-16T21:00:00+00:00,45940.0,46324.7,45414.7,46233.8,201470
1760907600000,2025-10-19T21:00:00+00:00,46304.7,46775.9,46129.2,46767.7,127722
1760994000000,2025-10-20T21:00:00+00:00,46773.0,47154.9,46632.9,46981.2,120866
1761080400000,2025-10-21T21:00:00+00:00,46946.6,47027.0,46472.5,46542.1,144080
1761166800000,2025-10-22T21:00:00+00:00,46549.5,46822.1,46433.5,46712.0,183716
1761253200000,2025-10-23T21:00:00+00:00,46721.6,47334.0,46716.3,47210.7,156042
1761512400000,2025-10-26T21:00:00+00:00,47551.1,47608.3,47382.4,47587.0,151727
1761598800000,2025-10-27T21:00:00+00:00,47580.8,47961.2,47528.8,47723.5,159354
1761685200000,2025-10-28T21:00:00+00:00,47714.1,48056.8,47459.8,47600.0,167404
1761771600000,2025-10-29T21:00:00+00:00,47602.5,48031.1,47401.6,47591.8,216194
1761858000000,2025-10-30T21:00:00+00:00,47612.2,47717.6,47344.5,47566.1,187456
1762120800000,2025-11-02T22:00:00+00:00,47610.1,47741.7,47134.5,47318.7,173468
1762207200000,2025-11-03T22:00:00+00:00,47333.8,47337.4,46851.4,47165.8,215104
1762293600000,2025-11-04T22:00:00+00:00,47201.0,47465.7,46956.6,47355.8,218504
1762380000000,2025-11-05T22:00:00+00:00,47326.4,47369.0,46768.3,46971.9,205288
1762466400000,2025-11-06T22:00:00+00:00,47017.6,47057.4,46483.2,47055.9,225064
1762725600000,2025-11-09T22:00:00+00:00,47178.8,47412.7,46934.1,47366.8,185449
1762812000000,2025-11-10T22:00:00+00:00,47372.0,47993.1,47323.9,47959.3,183684
1762898400000,2025-11-11T22:00:00+00:00,47926.6,48427.7,47918.8,48289.8,179312
1762984800000,2025-11-12T22:00:00+00:00,48287.6,48399.1,47398.4,47482.6,209852
1763071200000,2025-11-13T22:00:00+00:00,47501.6,47547.2,46845.9,47174.9,235020
1763330400000,2025-11-16T22:00:00+00:00,47135.9,47292.8,46432.5,46631.1,212058
1763416800000,2025-11-17T22:00:00+00:00,46604.1,46677.3,45910.9,46032.1,247108
1763503200000,2025-11-18T22:00:00+00:00,46085.6,46306.0,45903.9,46163.8,234322
1763589600000,2025-11-19T22:00:00+00:00,46154.3,46859.8,45710.0,45764.8,224115
1763676000000,2025-11-20T22:00:00+00:00,45775.4,46570.5,45698.5,46282.0,256626
1763935200000,2025-11-23T22:00:00+00:00,46461.8,46587.5,46099.7,46460.4,208182
1764021600000,2025-11-24T22:00:00+00:00,46430.7,47165.9,46319.9,47110.3,202838
1764108000000,2025-11-25T22:00:00+00:00,47106.8,47552.4,47095.4,47430.3,181892
1764194400000,2025-11-26T22:00:00+00:00,47444.9,47473.7,47379.1,47415.7,77010
1764280800000,2025-11-27T22:00:00+00:00,47420.5,47732.5,47420.5,47679.9,49008
1764540000000,2025-11-30T22:00:00+00:00,47705.8,47724.9,47262.1,47286.6,190930
1764626400000,2025-12-01T22:00:00+00:00,47278.6,47593.4,47193.8,47480.9,178146
1764712800000,2025-12-02T22:00:00+00:00,47491.9,48012.7,47363.3,47978.8,168038
1764799200000,2025-12-03T22:00:00+00:00,47912.7,48050.7,47678.5,47827.9,164856
1764885600000,2025-12-04T22:00:00+00:00,47834.0,48103.7,47738.8,47929.8,161414
1765144800000,2025-12-07T22:00:00+00:00,47963.3,47994.7,47597.4,47740.3,159130
1765231200000,2025-12-08T22:00:00+00:00,47728.1,47945.0,47522.4,47535.7,167525
1765317600000,2025-12-09T22:00:00+00:00,47543.0,48186.2,47446.7,48102.6,170440
1765404000000,2025-12-10T22:00:00+00:00,48113.9,48774.3,47810.2,48762.2,198892
1765490400000,2025-12-11T22:00:00+00:00,48822.0,48867.0,48310.1,48476.5,184004
1765749600000,2025-12-14T22:00:00+00:00,48470.2,48717.7,48261.6,48425.9,171484
1765836000000,2025-12-15T22:00:00+00:00,48444.6,48509.8,47908.1,48046.9,208712
1765922400000,2025-12-16T22:00:00+00:00,48086.1,48373.7,47832.8,47918.7,205470
1766008800000,2025-12-17T22:00:00+00:00,47884.3,48373.2,47791.6,47902.2,207718
1766095200000,2025-12-18T22:00:00+00:00,47908.2,48281.9,47777.3,48137.2,196254
1766354400000,2025-12-21T22:00:00+00:00,48233.3,48442.0,48115.1,48334.5,141398
1766440800000,2025-12-22T22:00:00+00:00,48346.6,48518.0,48195.6,48403.7,132968
1766527200000,2025-12-23T22:00:00+00:00,48418.0,48765.2,48363.4,48699.1,80416
1766700000000,2025-12-25T22:00:00+00:00,48720.3,48765.2,48556.4,48688.1,111007
1766959200000,2025-12-28T22:00:00+00:00,48717.1,48760.0,48374.5,48470.7,147609
1767045600000,2025-12-29T22:00:00+00:00,48467.8,48482.9,48288.6,48393.4,134052
1767132000000,2025-12-30T22:00:00+00:00,48401.8,48410.7,48149.7,48155.7,116580
1767304800000,2026-01-01T22:00:00+00:00,48118.2,48378.1,47820.1,48321.4,159384
1767564000000,2026-01-04T22:00:00+00:00,48385.7,49206.8,48302.2,48970.2,178980
1767650400000,2026-01-05T22:00:00+00:00,48967.8,49506.6,48836.7,49487.2,157124
1767736800000,2026-01-06T22:00:00+00:00,49487.4,49615.6,48923.8,48980.7,157294
1767823200000,2026-01-07T22:00:00+00:00,49009.7,49355.0,48755.2,49334.5,176694
1767909600000,2026-01-08T22:00:00+00:00,49339.3,49556.9,49172.0,49481.8,167048
1768168800000,2026-01-11T22:00:00+00:00,49494.4,49623.5,48984.4,49529.7,173418
1768255200000,2026-01-12T22:00:00+00:00,49543.0,49676.4,49051.4,49159.2,162338
1768341600000,2026-01-13T22:00:00+00:00,49155.5,49180.0,48839.5,49066.7,185328
1768428000000,2026-01-14T22:00:00+00:00,49093.5,49587.6,49050.6,49442.4,183690
1768514400000,2026-01-15T22:00:00+00:00,49452.0,49589.0,49216.1,49344.2,161458
1768773600000,2026-01-18T22:00:00+00:00,48980.2,49120.4,48853.5,48947.0,122240
1768860000000,2026-01-19T22:00:00+00:00,48926.7,48976.9,48409.8,48531.8,215708
1768946400000,2026-01-20T22:00:00+00:00,48539.1,49287.5,48298.3,49082.0,204725
1769032800000,2026-01-21T22:00:00+00:00,49116.5,49607.7,49063.3,49313.1,190585
1769119200000,2026-01-22T22:00:00+00:00,49334.2,49434.1,48933.5,48990.7,182438
1769378400000,2026-01-25T22:00:00+00:00,48793.7,49470.7,48679.0,49218.6,191772
1769464800000,2026-01-26T22:00:00+00:00,49227.5,49399.8,48844.2,48965.2,163484
1769551200000,2026-01-27T22:00:00+00:00,48961.5,49131.5,48838.7,48966.5,187168
1769637600000,2026-01-28T22:00:00+00:00,48982.9,49290.7,48571.0,48965.7,217090
1769724000000,2026-01-29T22:00:00+00:00,48967.0,49016.8,48421.2,48836.5,246488
1769983200000,2026-02-01T22:00:00+00:00,48705.9,49474.4,48381.2,49368.0,247422
1770069600000,2026-02-02T22:00:00+00:00,49367.0,49642.6,48809.3,49237.8,206168
1770156000000,2026-02-03T22:00:00+00:00,49270.2,49642.6,49100.6,49435.5,215520
1770242400000,2026-02-04T22:00:00+00:00,49416.4,49576.0,48732.7,48767.5,242356
1770328800000,2026-02-05T22:00:00+00:00,48774.9,50162.1,48601.2,50086.2,235672
1770588000000,2026-02-08T22:00:00+00:00,50191.7,50245.1,49815.6,50098.6,104354
1770674400000,2026-02-09T22:00:00+00:00,50095.1,50505.6,50004.6,50228.6,95282
1770760800000,2026-02-10T22:00:00+00:00,50256.0,50494.2,49888.6,50119.9,189086
1770847200000,2026-02-11T22:00:00+00:00,50124.3,50437.0,49412.5,49466.7,203794
1770933600000,2026-02-12T22:00:00+00:00,49464.9,49726.6,49065.6,49433.0,239818
1771192800000,2026-02-15T22:00:00+00:00,49472.3,49748.9,49434.7,49534.8,116477
1771279200000,2026-02-16T22:00:00+00:00,49555.5,49722.0,49170.6,49551.4,217982
1771365600000,2026-02-17T22:00:00+00:00,49543.1,49893.1,49421.6,49638.9,185168
1771452000000,2026-02-18T22:00:00+00:00,49618.1,49714.8,49184.1,49348.7,196151
1771538400000,2026-02-19T22:00:00+00:00,49372.3,49702.7,49138.3,49609.2,198684
1771797600000,2026-02-22T22:00:00+00:00,49558.2,49704.7,48719.4,48827.7,202521
1771884000000,2026-02-23T22:00:00+00:00,48858.6,49288.8,48749.1,49145.7,196534
1771970400000,2026-02-24T22:00:00+00:00,49161.6,49527.8,49090.2,49447.0,180453
1772056800000,2026-02-25T22:00:00+00:00,49482.0,49826.5,49224.6,49318.0,192204
1772143200000,2026-02-26T22:00:00+00:00,49254.4,49347.8,48651.9,48864.0,215942
1772402400000,2026-03-01T22:00:00+00:00,48378.5,49059.6,48106.8,48859.2,238689
1772488800000,2026-03-02T22:00:00+00:00,48845.8,48870.0,47618.1,48423.2,271872
1772575200000,2026-03-03T22:00:00+00:00,48425.2,48862.9,48214.0,48746.4,267949
1772661600000,2026-03-04T22:00:00+00:00,48704.6,48826.7,47553.9,47874.3,253748
1772748000000,2026-03-05T22:00:00+00:00,47898.7,48073.3,46976.0,47441.4,252853
1773003600000,2026-03-08T21:00:00+00:00,47057.5,47879.4,46293.9,47699.4,271824
1773090000000,2026-03-09T21:00:00+00:00,47703.2,48221.6,47432.2,47715.7,265741
1773176400000,2026-03-10T21:00:00+00:00,47742.2,47931.7,47173.8,47346.2,224231
1773262800000,2026-03-11T21:00:00+00:00,47329.7,47343.2,46663.0,46732.2,233414
1773349200000,2026-03-12T21:00:00+00:00,46723.9,47108.9,46409.8,46502.0,246574
1773608400000,2026-03-15T21:00:00+00:00,46399.7,47192.2,46389.2,46932.4,236565
1773694800000,2026-03-16T21:00:00+00:00,46915.9,47420.7,46662.2,46998.0,216032
1773781200000,2026-03-17T21:00:00+00:00,47020.5,47303.3,46037.8,46080.8,207805
1773867600000,2026-03-18T21:00:00+00:00,46150.0,46299.7,45716.1,46082.0,235854
1773954000000,2026-03-19T21:00:00+00:00,46092.9,46229.5,45347.2,45784.1,223462
1774213200000,2026-03-22T21:00:00+00:00,45298.4,46909.0,45159.8,46214.6,274812
1774299600000,2026-03-23T21:00:00+00:00,46207.3,46599.8,45742.0,46395.2,231724
1774386000000,2026-03-24T21:00:00+00:00,46414.5,46744.3,46191.0,46411.9,199581
1774472400000,2026-03-25T21:00:00+00:00,46430.9,46553.2,45889.5,46034.9,195576
1774558800000,2026-03-26T21:00:00+00:00,46069.9,46237.4,44997.8,45051.8,199644
1774818000000,2026-03-29T21:00:00+00:00,44964.8,45657.3,44810.4,45202.3,269766
1774904400000,2026-03-30T21:00:00+00:00,45215.3,46383.1,45045.4,46302.8,279437
1774990800000,2026-03-31T21:00:00+00:00,46277.8,46792.0,46256.9,46574.0,255059
1775077200000,2026-04-01T21:00:00+00:00,46565.8,46734.0,45827.5,46493.6,261434
1775163600000,2026-04-02T21:00:00+00:00,46506.0,46613.0,46351.5,46396.5,72994
1775422800000,2026-04-05T21:00:00+00:00,46269.8,46807.7,46120.9,46769.2,228222
1775509200000,2026-04-06T21:00:00+00:00,46762.6,46808.8,46192.5,46638.4,257665
1775595600000,2026-04-07T21:00:00+00:00,46819.2,48038.7,46613.4,47883.1,259566
1775682000000,2026-04-08T21:00:00+00:00,47850.9,48321.0,47667.6,48165.4,231625
1775768400000,2026-04-09T21:00:00+00:00,48154.2,48277.9,47838.8,47934.0,202870
1776027600000,2026-04-12T21:00:00+00:00,47412.4,48237.0,47315.0,48226.5,108286
1776114000000,2026-04-13T21:00:00+00:00,48208.9,48592.0,48132.0,48567.5,87459
1776200400000,2026-04-14T21:00:00+00:00,48514.9,48693.3,48273.0,48488.5,85796
1776286800000,2026-04-15T21:00:00+00:00,48484.9,48664.0,48325.0,48620.0,80813
1776373200000,2026-04-16T21:00:00+00:00,48609.4,49719.0,48608.4,49468.0,89203
1776632400000,2026-04-19T21:00:00+00:00,49037.4,49535.0,48890.9,49496.0,104974
1776718800000,2026-04-20T21:00:00+00:00,49491.9,49849.0,49038.0,49318.0,106314
1776805200000,2026-04-21T21:00:00+00:00,49312.4,49619.0,49231.0,49302.0,101784
1776891600000,2026-04-22T21:00:00+00:00,49337.9,49519.0,48856.0,49203.0,131700
1776978000000,2026-04-23T21:00:00+00:00,49240.4,49416.0,49061.0,49245.0,111473
1777237200000,2026-04-26T21:00:00+00:00,49182.9,49356.0,49028.0,49180.0,88134
1777323600000,2026-04-27T21:00:00+00:00,49186.4,49387.0,49066.0,49186.0,105310
1777410000000,2026-04-28T21:00:00+00:00,49194.9,49259.0,48630.0,48644.0,103620
1777496400000,2026-04-29T21:00:00+00:00,48636.9,49773.0,48453.0,49745.0,128234
1777582800000,2026-04-30T21:00:00+00:00,49761.4,49989.0,49448.0,49449.0,79214
1777842000000,2026-05-03T21:00:00+00:00,49606.4,49675.4,48895.0,48949.0,114835
1777928400000,2026-05-04T21:00:00+00:00,48971.4,49356.0,48941.0,49272.0,87066
1778014800000,2026-05-05T21:00:00+00:00,49243.4,50019.0,49235.4,49906.0,115394
1778101200000,2026-05-06T21:00:00+00:00,49940.4,50128.0,49474.0,49528.4,106934
1778187600000,2026-05-07T21:00:00+00:00,49489.9,49841.0,49469.0,49627.0,101412
1778446800000,2026-05-10T21:00:00+00:00,49486.9,49767.0,49372.0,49706.0,96254
1778533200000,2026-05-11T21:00:00+00:00,49695.4,49824.0,49299.0,49763.0,107949
1778619600000,2026-05-12T21:00:00+00:00,49763.9,49821.0,49445.0,49807.0,92701
1778706000000,2026-05-13T21:00:00+00:00,49810.4,50207.0,49788.0,50057.0,98581
1778792400000,2026-05-14T21:00:00+00:00,50058.4,50068.0,49347.0,49401.0,128126
1779051600000,2026-05-17T21:00:00+00:00,49374.4,49777.0,49084.0,49678.0,149849
1779138000000,2026-05-18T21:00:00+00:00,49675.9,49765.0,49251.3,49356.0,138050
1779224400000,2026-05-19T21:00:00+00:00,49366.4,50091.0,49228.0,49982.0,138574
1779310800000,2026-05-20T21:00:00+00:00,49967.9,50403.0,49711.0,50334.5,131470
1779397200000,2026-05-21T21:00:00+00:00,50348.4,50845.0,50343.0,50565.0,106281
1779656400000,2026-05-24T21:00:00+00:00,50826.9,51166.0,50822.0,51096.0,48072
1779742800000,2026-05-25T21:00:00+00:00,51071.9,51090.9,50380.0,50473.0,95220
1779829200000,2026-05-26T21:00:00+00:00,50477.9,50855.0,50463.0,50753.0,93200
1779915600000,2026-05-27T21:00:00+00:00,50768.9,50818.0,50353.0,50727.0,101695
1780002000000,2026-05-28T21:00:00+00:00,50736.9,51112.0,50675.0,51024.0,90459
1780261200000,2026-05-31T21:00:00+00:00,51017.4,51353.5,50794.0,51092.0,92443
1780347600000,2026-06-01T21:00:00+00:00,51032.4,51406.0,50808.0,51391.0,92201
1780434000000,2026-06-02T21:00:00+00:00,51385.4,51389.9,50710.0,50720.0,96428
1780520400000,2026-06-03T21:00:00+00:00,50752.4,51722.0,50724.0,51640.0,114573
1780606800000,2026-06-04T21:00:00+00:00,51642.9,51797.0,50718.0,50774.0,122791
1780866000000,2026-06-07T21:00:00+00:00,50766.4,51326.0,50621.9,50820.0,163741
1780952400000,2026-06-08T21:00:00+00:00,50829.4,51316.0,50272.0,50863.0,154868
1781038800000,2026-06-09T21:00:00+00:00,50872.4,50910.0,49878.4,49912.0,175239
1781125200000,2026-06-10T21:00:00+00:00,49906.4,51025.0,49762.0,50919.0,175212
1781211600000,2026-06-11T21:00:00+00:00,50908.4,51462.0,50846.0,51242.0,172376
1781470800000,2026-06-14T21:00:00+00:00,51528.4,52027.0,51492.9,51786.0,118050
1781557200000,2026-06-15T21:00:00+00:00,51800.9,52289.0,51731.0,52101.0,104878
1781643600000,2026-06-16T21:00:00+00:00,52082.4,52390.6,51497.0,51700.0,111981
1781730000000,2026-06-17T21:00:00+00:00,51718.9,52037.0,51626.0,51710.0,129923
1781816400000,2026-06-18T21:00:00+00:00,51722.4,51731.0,51459.9,51548.9,66733
1782075600000,2026-06-21T21:00:00+00:00,51512.4,51989.0,51395.4,51856.0,130291
1782162000000,2026-06-22T21:00:00+00:00,51867.4,51974.0,51380.0,51815.0,146567
1782248400000,2026-06-23T21:00:00+00:00,51791.4,52374.0,51635.0,52096.0,157569
1782334800000,2026-06-24T21:00:00+00:00,52088.4,52796.0,51923.0,52162.0,140733
1782421200000,2026-06-25T21:00:00+00:00,52144.9,52253.0,51720.0,51927.0,168995
1782680400000,2026-06-28T21:00:00+00:00,51922.9,52431.0,51922.9,52283.0,139009
1782766800000,2026-06-29T21:00:00+00:00,52285.9,52493.0,52114.0,52313.0,117091
1782853200000,2026-06-30T21:00:00+00:00,52318.9,52841.0,52118.0,52338.0,115373
1782939600000,2026-07-01T21:00:00+00:00,52357.4,52956.0,52288.0,52901.0,122679
1783026000000,2026-07-02T21:00:00+00:00,52894.4,53142.0,52813.0,52899.0,52976
