timestamp_ms,datetime_utc,open,high,low,close,volume
1688331600000,2023-07-02 21:00:00,7553.5,7563.9,7514.2,7531.9,43031
1688418000000,2023-07-03 21:00:00,7522.4,7547.0,7515.7,7519.7,25494
1688504400000,2023-07-04 21:00:00,7519.6,7521.6,7433.1,7436.1,45378
1688590800000,2023-07-05 21:00:00,7436.2,7443.5,7266.8,7279.7,59627
1688677200000,2023-07-06 21:00:00,7275.7,7288.3,7227.0,7275.5,60180
1688936400000,2023-07-09 21:00:00,7263.5,7306.6,7228.6,7261.2,49958
1689022800000,2023-07-10 21:00:00,7261.0,7295.6,7238.1,7289.9,46637
1689109200000,2023-07-11 21:00:00,7288.5,7425.6,7288.1,7410.3,52273
1689195600000,2023-07-12 21:00:00,7404.5,7457.5,7403.1,7421.6,38781
1689282000000,2023-07-13 21:00:00,7429.5,7481.0,7415.1,7417.4,38424
1689541200000,2023-07-16 21:00:00,7409.8,7437.8,7393.5,7410.9,39676
1689627600000,2023-07-17 21:00:00,7413.7,7463.0,7396.2,7450.0,37477
1689714000000,2023-07-18 21:00:00,7451.4,7625.5,7451.4,7581.0,58212
1689800400000,2023-07-19 21:00:00,7577.2,7662.0,7565.2,7650.4,51512
1689886800000,2023-07-20 21:00:00,7645.1,7673.7,7636.2,7671.6,42298
1690146000000,2023-07-23 21:00:00,7672.5,7687.6,7621.0,7677.3,42538
1690232400000,2023-07-24 21:00:00,7676.5,7700.8,7665.2,7681.2,42714
1690318800000,2023-07-25 21:00:00,7681.3,7703.5,7628.9,7666.7,60391
1690405200000,2023-07-26 21:00:00,7673.4,7709.4,7654.7,7667.5,58281
1690491600000,2023-07-27 21:00:00,7666.9,7717.7,7644.7,7676.7,57360
1690750800000,2023-07-30 21:00:00,7678.0,7723.2,7655.8,7699.6,47668
1690837200000,2023-07-31 21:00:00,7698.7,7713.2,7649.6,7657.5,46256
1690923600000,2023-08-01 21:00:00,7633.6,7659.3,7518.8,7544.7,69184
1691010000000,2023-08-02 21:00:00,7535.3,7563.4,7437.1,7531.6,85850
1691096400000,2023-08-03 21:00:00,7534.7,7570.0,7485.4,7508.6,70204
1691355600000,2023-08-06 21:00:00,7523.2,7568.5,7504.3,7566.5,52682
1691442000000,2023-08-07 21:00:00,7566.3,7567.4,7486.4,7544.4,69814
1691528400000,2023-08-08 21:00:00,7544.8,7605.4,7539.8,7597.4,57052
1691614800000,2023-08-09 21:00:00,7567.0,7623.8,7559.6,7589.2,71900
1691701200000,2023-08-10 21:00:00,7590.5,7597.7,7506.3,7535.6,67708
1691960400000,2023-08-13 21:00:00,7541.8,7549.4,7475.2,7514.9,65004
1692046800000,2023-08-14 21:00:00,7514.1,7524.0,7368.9,7381.9,72184
1692133200000,2023-08-15 21:00:00,7382.7,7398.0,7326.9,7332.4,68502
1692219600000,2023-08-16 21:00:00,7327.2,7352.7,7268.7,7270.8,68670
1692306000000,2023-08-17 21:00:00,7276.1,7297.5,7215.1,7260.7,73728
1692565200000,2023-08-20 21:00:00,7268.7,7316.7,7249.2,7263.2,56243
1692651600000,2023-08-21 21:00:00,7263.9,7310.5,7255.0,7258.9,51757
1692738000000,2023-08-22 21:00:00,7262.4,7350.7,7258.1,7336.0,59338
1692824400000,2023-08-23 21:00:00,7321.4,7384.6,7306.6,7314.6,65283
1692910800000,2023-08-24 21:00:00,7319.1,7389.3,7310.2,7360.6,64404
1693256400000,2023-08-28 21:00:00,7385.6,7484.8,7367.6,7482.3,55280
1693342800000,2023-08-29 21:00:00,7480.3,7510.1,7463.6,7475.8,52176
1693429200000,2023-08-30 21:00:00,7474.5,7501.2,7418.1,7433.1,50798
1693515600000,2023-08-31 21:00:00,7432.3,7493.0,7428.1,7487.5,53726
1693774800000,2023-09-03 21:00:00,7484.0,7523.5,7446.7,7451.2,35632
1693861200000,2023-09-04 21:00:00,7449.3,7481.9,7388.2,7421.3,57696
1693947600000,2023-09-05 21:00:00,7420.9,7448.6,7367.9,7420.3,58440
1694034000000,2023-09-06 21:00:00,7419.6,7462.4,7381.4,7443.6,60555
1694120400000,2023-09-07 21:00:00,7444.5,7490.9,7400.6,7480.6,60328
1694379600000,2023-09-10 21:00:00,7481.9,7550.2,7466.7,7504.2,60419
1694466000000,2023-09-11 21:00:00,7501.6,7550.8,7495.5,7515.8,63609
1694552400000,2023-09-12 21:00:00,7515.5,7545.4,7488.7,7523.5,72322
1694638800000,2023-09-13 21:00:00,7524.2,7710.2,7519.5,7705.6,58714
1694725200000,2023-09-14 21:00:00,7701.7,7747.7,7692.3,7698.3,70971
1694984400000,2023-09-17 21:00:00,7699.7,7721.3,7640.8,7662.1,59574
1695070800000,2023-09-18 21:00:00,7661.7,7682.1,7641.4,7657.4,53975
1695157200000,2023-09-19 21:00:00,7659.0,7742.0,7635.0,7703.6,63480
1695243600000,2023-09-20 21:00:00,7706.7,7745.7,7633.0,7636.1,81851
1695330000000,2023-09-21 21:00:00,7640.0,7735.3,7633.9,7662.6,76856
1695589200000,2023-09-24 21:00:00,7666.2,7685.7,7580.6,7636.2,76174
1695675600000,2023-09-25 21:00:00,7633.2,7656.8,7589.8,7607.2,77280
1695762000000,2023-09-26 21:00:00,7610.4,7645.3,7560.1,7605.4,76360
1695848400000,2023-09-27 21:00:00,7597.9,7620.9,7522.4,7610.7,93385
1695934800000,2023-09-28 21:00:00,7609.7,7674.4,7573.9,7585.4,85758
1696194000000,2023-10-01 21:00:00,7604.6,7631.0,7485.9,7509.2,93414
1696280400000,2023-10-02 21:00:00,7504.5,7545.8,7457.3,7464.8,100424
1696366800000,2023-10-03 21:00:00,7463.7,7489.8,7383.1,7415.6,111421
1696453200000,2023-10-04 21:00:00,7414.2,7489.9,7406.0,7457.4,93270
1696539600000,2023-10-05 21:00:00,7457.0,7530.7,7421.9,7518.8,90828
1696798800000,2023-10-08 21:00:00,7481.7,7540.8,7470.8,7519.1,81664
1696885200000,2023-10-09 21:00:00,7519.2,7641.5,7516.6,7615.1,76310
1696971600000,2023-10-10 21:00:00,7616.4,7651.7,7605.9,7638.8,72619
1697058000000,2023-10-11 21:00:00,7632.5,7686.8,7602.9,7635.1,70031
1697144400000,2023-10-12 21:00:00,7636.4,7660.8,7590.1,7614.3,87178
1697403600000,2023-10-15 21:00:00,7616.4,7651.0,7583.2,7644.8,84346
1697490000000,2023-10-16 21:00:00,7645.3,7700.7,7618.5,7673.1,86314
1697576400000,2023-10-17 21:00:00,7670.6,7699.0,7563.1,7577.5,102939
1697662800000,2023-10-18 21:00:00,7574.4,7586.8,7465.8,7478.1,108952
1697749200000,2023-10-19 21:00:00,7478.0,7489.9,7384.9,7385.6,96099
1698008400000,2023-10-22 21:00:00,7387.7,7410.1,7337.6,7357.3,86984
1698094800000,2023-10-23 21:00:00,7352.7,7422.3,7323.3,7394.7,82068
1698181200000,2023-10-24 21:00:00,7393.5,7428.1,7367.8,7395.3,85123
1698267600000,2023-10-25 21:00:00,7381.8,7396.2,7322.7,7343.9,98182
1698354000000,2023-10-26 21:00:00,7358.6,7380.6,7257.3,7264.3,88390
1698613200000,2023-10-29 21:00:00,7292.6,7362.0,7273.1,7332.4,69819
1698699600000,2023-10-30 21:00:00,7329.6,7373.9,7307.2,7326.8,72167
1698786000000,2023-10-31 21:00:00,7328.9,7385.9,7304.7,7366.0,74147
1698872400000,2023-11-01 21:00:00,7362.3,7471.0,7361.4,7466.7,62508
1698958800000,2023-11-02 21:00:00,7454.8,7482.8,7395.3,7401.0,58808
1699221600000,2023-11-05 22:00:00,7403.7,7448.1,7397.2,7419.9,50836
1699308000000,2023-11-06 22:00:00,7418.1,7431.2,7394.5,7402.6,52088
1699394400000,2023-11-07 22:00:00,7399.4,7441.5,7379.9,7384.0,56801
1699480800000,2023-11-08 22:00:00,7367.5,7466.6,7363.8,7424.8,56957
1699567200000,2023-11-09 22:00:00,7419.8,7420.8,7319.0,7403.1,59438
1699826400000,2023-11-12 22:00:00,7388.0,7434.3,7358.1,7430.1,47399
1699912800000,2023-11-13 22:00:00,7427.1,7456.4,7385.0,7432.5,54408
1699999200000,2023-11-14 22:00:00,7437.9,7534.6,7426.3,7474.4,60379
1700085600000,2023-11-15 22:00:00,7461.2,7493.9,7402.4,7436.1,57588
1700172000000,2023-11-16 22:00:00,7431.2,7515.8,7421.9,7506.2,46438
1700431200000,2023-11-19 22:00:00,7508.6,7508.7,7469.7,7490.4,46048
1700517600000,2023-11-20 22:00:00,7493.1,7497.8,7445.6,7480.4,43071
1700604000000,2023-11-21 22:00:00,7476.4,7506.1,7451.9,7476.8,46005
1700690400000,2023-11-22 22:00:00,7463.5,7494.6,7448.8,7482.1,30796
1700776800000,2023-11-23 22:00:00,7483.1,7500.3,7448.8,7494.8,35275
1701036000000,2023-11-26 22:00:00,7486.7,7494.8,7451.4,7456.8,39894
1701122400000,2023-11-27 22:00:00,7458.7,7463.1,7401.7,7437.1,48223
1701208800000,2023-11-28 22:00:00,7435.1,7457.9,7407.2,7423.3,49830
1701295200000,2023-11-29 22:00:00,7422.2,7496.8,7384.7,7462.9,59744
1701381600000,2023-11-30 22:00:00,7462.5,7542.5,7462.1,7524.7,51556
1701640800000,2023-12-03 22:00:00,7523.4,7538.4,7475.8,7503.8,51840
1701727200000,2023-12-04 22:00:00,7503.4,7505.0,7459.2,7475.2,52398
1701813600000,2023-12-05 22:00:00,7475.1,7542.4,7475.1,7495.3,45924
1701900000000,2023-12-06 22:00:00,7491.8,7524.3,7475.0,7509.0,48715
1701986400000,2023-12-07 22:00:00,7511.9,7581.2,7507.4,7559.6,49290
1702245600000,2023-12-10 22:00:00,7560.9,7571.5,7492.5,7547.7,46385
1702332000000,2023-12-11 22:00:00,7546.6,7607.9,7539.8,7553.7,49452
1702418400000,2023-12-12 22:00:00,7557.3,7600.0,7541.8,7591.9,51702
1702504800000,2023-12-13 22:00:00,7598.0,7727.0,7598.0,7631.4,71431
1702591200000,2023-12-14 22:00:00,7635.7,7668.7,7545.7,7553.6,63443
1702850400000,2023-12-17 22:00:00,7557.4,7630.9,7550.3,7612.3,47983
1702936800000,2023-12-18 22:00:00,7612.7,7655.1,7603.9,7643.8,42484
1703023200000,2023-12-19 22:00:00,7643.5,7767.4,7643.1,7670.4,60166
1703109600000,2023-12-20 22:00:00,7669.2,7710.3,7652.4,7698.6,52939
1703196000000,2023-12-21 22:00:00,7693.9,7715.6,7660.5,7694.8,24609
1703628000000,2023-12-26 22:00:00,7716.8,7761.0,7708.1,7721.9,44330
1703714400000,2023-12-27 22:00:00,7721.3,7754.1,7706.6,7718.4,37774
1703800800000,2023-12-28 22:00:00,7718.9,7747.2,7717.1,7735.1,17712
1704146400000,2024-01-01 22:00:00,7729.6,7766.1,7688.4,7710.8,55554
1704232800000,2024-01-02 22:00:00,7711.7,7745.2,7648.5,7692.1,65474
1704319200000,2024-01-03 22:00:00,7695.9,7728.7,7672.5,7701.0,57360
1704405600000,2024-01-04 22:00:00,7705.7,7709.1,7641.0,7675.7,59874
1704664800000,2024-01-07 22:00:00,7669.7,7724.3,7633.9,7712.6,55866
1704751200000,2024-01-08 22:00:00,7711.9,7718.9,7667.7,7668.9,52738
1704837600000,2024-01-09 22:00:00,7667.4,7681.0,7643.5,7655.7,49228
1704924000000,2024-01-10 22:00:00,7651.4,7694.3,7571.7,7588.5,67183
1705010400000,2024-01-11 22:00:00,7584.9,7655.9,7578.9,7632.1,63146
1705269600000,2024-01-14 22:00:00,7616.1,7643.8,7576.8,7592.4,38178
1705356000000,2024-01-15 22:00:00,7586.6,7590.3,7529.1,7538.2,64799
1705442400000,2024-01-16 22:00:00,7537.9,7540.3,7403.1,7431.7,67697
1705528800000,2024-01-17 22:00:00,7425.8,7480.8,7422.7,7476.7,58632
1705615200000,2024-01-18 22:00:00,7474.4,7522.8,7449.8,7486.3,56193
1705874400000,2024-01-21 22:00:00,7489.9,7506.3,7454.4,7487.2,52493
1705960800000,2024-01-22 22:00:00,7485.4,7525.4,7464.9,7507.2,50975
1706047200000,2024-01-23 22:00:00,7508.5,7539.1,7495.3,7516.7,55004
1706133600000,2024-01-24 22:00:00,7512.8,7560.1,7500.3,7551.1,56178
1706220000000,2024-01-25 22:00:00,7546.9,7652.0,7539.4,7645.2,54832
1706479200000,2024-01-28 22:00:00,7632.9,7665.1,7623.6,7652.7,43758
1706565600000,2024-01-29 22:00:00,7655.1,7684.4,7640.5,7653.5,47400
1706652000000,2024-01-30 22:00:00,7654.3,7689.2,7603.2,7615.0,61582
1706738400000,2024-01-31 22:00:00,7617.8,7680.7,7598.8,7669.6,70402
1706824800000,2024-02-01 22:00:00,7661.8,7683.7,7608.8,7638.7,61425
1707084000000,2024-02-04 22:00:00,7626.3,7668.3,7596.5,7625.8,58108
1707170400000,2024-02-05 22:00:00,7626.6,7699.4,7619.1,7690.0,53376
1707256800000,2024-02-06 22:00:00,7693.4,7707.2,7625.8,7637.3,49835
1707343200000,2024-02-07 22:00:00,7632.5,7652.6,7589.4,7608.4,55630
1707429600000,2024-02-08 22:00:00,7607.5,7612.3,7556.6,7591.0,38639
1707688800000,2024-02-11 22:00:00,7583.6,7592.1,7554.6,7577.7,41540
1707775200000,2024-02-12 22:00:00,7576.6,7585.3,7463.5,7487.1,59080
1707861600000,2024-02-13 22:00:00,7484.1,7591.3,7480.5,7581.7,55487
1707948000000,2024-02-14 22:00:00,7564.9,7628.3,7560.1,7627.7,46434
1708034400000,2024-02-15 22:00:00,7622.6,7722.2,7613.6,7700.0,53148
1708293600000,2024-02-18 22:00:00,7699.4,7742.3,7687.9,7739.4,32260
1708380000000,2024-02-19 22:00:00,7730.3,7748.9,7701.6,7712.1,52020
1708466400000,2024-02-20 22:00:00,7712.4,7723.8,7630.3,7658.1,63126
1708552800000,2024-02-21 22:00:00,7652.4,7702.3,7649.7,7685.4,59088
1708639200000,2024-02-22 22:00:00,7690.4,7716.5,7674.4,7715.0,41903
1708898400000,2024-02-25 22:00:00,7705.1,7716.4,7674.0,7677.4,41403
1708984800000,2024-02-26 22:00:00,7676.3,7698.8,7666.6,7688.9,38678
1709071200000,2024-02-27 22:00:00,7686.4,7693.4,7591.3,7605.3,43204
1709157600000,2024-02-28 22:00:00,7606.9,7677.6,7604.9,7662.4,49170
1709244000000,2024-02-29 22:00:00,7668.3,7695.7,7643.7,7683.3,47439
1709503200000,2024-03-03 22:00:00,7684.4,7688.2,7622.3,7635.7,37976
1709589600000,2024-03-04 22:00:00,7636.1,7655.2,7597.8,7642.7,47317
1709676000000,2024-03-05 22:00:00,7637.9,7701.5,7631.6,7681.2,51058
1709762400000,2024-03-06 22:00:00,7649.4,7711.8,7631.1,7687.5,60600
1709848800000,2024-03-07 22:00:00,7692.3,7712.4,7645.2,7653.4,60475
1710104400000,2024-03-10 21:00:00,7637.4,7692.6,7609.9,7691.1,54073
1710190800000,2024-03-11 21:00:00,7693.7,7764.5,7692.5,7756.2,58296
1710277200000,2024-03-12 21:00:00,7753.0,7785.9,7736.9,7782.0,43866
1710363600000,2024-03-13 21:00:00,7772.7,7778.8,7710.7,7736.2,46868
1710450000000,2024-03-14 21:00:00,7727.2,7761.4,7715.3,7734.8,53122
1710709200000,2024-03-17 21:00:00,7737.7,7750.7,7713.8,7718.2,37479
1710795600000,2024-03-18 21:00:00,7712.2,7743.6,7692.2,7737.0,45414
1710882000000,2024-03-19 21:00:00,7734.2,7777.1,7709.7,7772.5,41682
1710968400000,2024-03-20 21:00:00,7764.8,7902.7,7763.0,7884.8,48060
1711054800000,2024-03-21 21:00:00,7881.3,7961.8,7873.6,7925.6,42246
1711314000000,2024-03-24 21:00:00,7925.4,7939.3,7890.4,7904.9,33884
1711400400000,2024-03-25 21:00:00,7904.0,7934.4,7888.5,7917.2,34331
1711486800000,2024-03-26 21:00:00,7920.0,7949.8,7892.4,7948.4,30119
1711573200000,2024-03-27 21:00:00,7937.9,7976.3,7932.1,7964.7,34220
1712005200000,2024-04-01 21:00:00,7953.6,8015.9,7923.4,7943.9,46768
1712091600000,2024-04-02 21:00:00,7943.6,7944.3,7881.3,7931.2,44741
1712178000000,2024-04-03 21:00:00,7931.9,7991.1,7879.3,7893.2,52010
1712264400000,2024-04-04 21:00:00,7903.2,7927.6,7854.3,7919.1,64433
1712523600000,2024-04-07 21:00:00,7925.3,7954.0,7886.8,7942.6,46768
1712610000000,2024-04-08 21:00:00,7944.6,7962.4,7917.1,7948.1,49234
1712696400000,2024-04-09 21:00:00,7948.2,7999.8,7915.3,7966.8,66947
1712782800000,2024-04-10 21:00:00,7949.5,7979.3,7885.9,7943.7,71825
1712869200000,2024-04-11 21:00:00,7943.0,8045.4,7922.3,7928.3,74888
1713128400000,2024-04-14 21:00:00,7933.4,8010.7,7898.5,7911.6,89636
1713214800000,2024-04-15 21:00:00,7913.0,7917.2,7792.6,7825.2,93362
1713301200000,2024-04-16 21:00:00,7829.4,7893.5,7792.7,7870.4,84127
1713387600000,2024-04-17 21:00:00,7871.7,7899.3,7844.3,7858.1,70356
1713474000000,2024-04-18 21:00:00,7860.9,7933.2,7747.6,7928.1,112907
1713733200000,2024-04-21 21:00:00,7941.0,8065.2,7934.8,8045.5,67270
1713819600000,2024-04-22 21:00:00,8053.0,8077.5,8019.9,8070.3,64160
1713906000000,2024-04-23 21:00:00,8077.8,8115.4,7995.1,8000.9,61966
1713992400000,2024-04-24 21:00:00,7990.2,8161.2,7988.5,8143.8,78642
1714078800000,2024-04-25 21:00:00,8142.4,8164.0,8079.6,8154.0,58873
1714338000000,2024-04-28 21:00:00,8159.8,8192.5,8105.8,8144.5,43213
1714424400000,2024-04-29 21:00:00,8145.8,8200.3,8113.3,8125.1,59194
1714510800000,2024-04-30 21:00:00,8119.4,8177.1,8097.2,8117.5,62165
1714597200000,2024-05-01 21:00:00,8121.4,8201.0,8114.1,8190.7,64553
1714683600000,2024-05-02 21:00:00,8190.6,8249.5,8180.6,8235.2,60225
1715029200000,2024-05-06 21:00:00,8280.9,8336.5,8279.2,8330.0,40816
1715115600000,2024-05-07 21:00:00,8328.6,8365.4,8317.0,8360.4,37040
1715202000000,2024-05-08 21:00:00,8354.3,8414.9,8346.4,8409.0,40182
1715288400000,2024-05-09 21:00:00,8407.5,8455.9,8396.7,8424.3,34537
1715547600000,2024-05-12 21:00:00,8417.2,8447.6,8396.3,8401.9,30386
1715634000000,2024-05-13 21:00:00,8401.2,8448.6,8390.7,8443.5,35781
1715720400000,2024-05-14 21:00:00,8440.2,8476.5,8427.3,8436.9,42370
1715806800000,2024-05-15 21:00:00,8418.4,8455.6,8405.7,8428.0,40374
1715893200000,2024-05-16 21:00:00,8428.2,8439.1,8401.1,8428.8,37706
1716152400000,2024-05-19 21:00:00,8436.0,8451.7,8393.8,8397.0,27880
1716238800000,2024-05-20 21:00:00,8397.1,8425.2,8359.7,8417.8,34942
1716325200000,2024-05-21 21:00:00,8417.1,8437.5,8330.2,8360.1,53267
1716411600000,2024-05-22 21:00:00,8377.5,8382.1,8276.4,8288.7,52806
1716498000000,2024-05-23 21:00:00,8290.3,8330.8,8248.7,8316.7,42597
1716843600000,2024-05-27 21:00:00,8336.7,8342.9,8237.8,8254.3,44212
1716930000000,2024-05-28 21:00:00,8253.2,8262.5,8152.6,8154.9,52929
1717016400000,2024-05-29 21:00:00,8157.9,8243.0,8138.1,8231.3,49762
1717102800000,2024-05-30 21:00:00,8231.6,8302.8,8219.5,8301.8,55367
1717362000000,2024-06-02 21:00:00,8294.9,8363.3,8234.5,8255.1,68248
1717448400000,2024-06-03 21:00:00,8253.6,8266.5,8198.9,8252.8,57470
1717534800000,2024-06-04 21:00:00,8251.5,8290.3,8234.0,8264.1,41554
1717621200000,2024-06-05 21:00:00,8253.2,8295.1,8243.8,8284.7,43226
1717707600000,2024-06-06 21:00:00,8284.0,8304.4,8207.9,8220.2,53328
1717966800000,2024-06-09 21:00:00,8221.3,8250.0,8170.4,8238.5,52025
1718053200000,2024-06-10 21:00:00,8239.0,8264.0,8113.7,8142.9,57998
1718139600000,2024-06-11 21:00:00,8142.2,8244.2,8137.1,8226.2,69407
1718226000000,2024-06-12 21:00:00,8227.3,8227.5,8146.4,8164.3,58838
1718312400000,2024-06-13 21:00:00,8161.6,8209.5,8112.1,8169.6,67214
1718571600000,2024-06-16 21:00:00,8163.9,8200.1,8119.7,8168.2,55640
1718658000000,2024-06-17 21:00:00,8169.4,8202.6,8156.4,8191.6,56122
1718744400000,2024-06-18 21:00:00,8191.5,8212.4,8163.4,8207.6,31690
1718830800000,2024-06-19 21:00:00,8202.5,8286.0,8174.0,8176.9,51029
1718917200000,2024-06-20 21:00:00,8284.8,8285.2,8186.9,8231.3,54000
1719176400000,2024-06-23 21:00:00,8236.0,8309.1,8203.5,8292.0,47856
1719262800000,2024-06-24 21:00:00,8295.8,8310.1,8218.8,8240.5,40740
1719349200000,2024-06-25 21:00:00,8237.6,8302.2,8204.1,8229.8,43954
1719435600000,2024-06-26 21:00:00,8203.2,8239.0,8167.1,8190.2,42452
1719522000000,2024-06-27 21:00:00,8202.0,8238.7,8147.2,8170.2,54382
1719781200000,2024-06-30 21:00:00,8162.7,8227.2,8151.4,8160.8,48996
1719867600000,2024-07-01 21:00:00,8155.6,8169.6,8105.5,8139.2,48648
1719954000000,2024-07-02 21:00:00,8138.5,8195.1,8138.5,8189.0,38260
1720040400000,2024-07-03 21:00:00,8189.9,8258.5,8173.7,8256.2,25689
1720126800000,2024-07-04 21:00:00,8260.6,8280.4,8181.8,8209.3,46198
1720386000000,2024-07-07 21:00:00,8197.2,8233.3,8175.3,8200.0,36269
1720472400000,2024-07-08 21:00:00,8199.3,8218.2,8128.9,8158.0,41724
1720558800000,2024-07-09 21:00:00,8157.4,8211.5,8139.7,8208.6,33555
1720645200000,2024-07-10 21:00:00,8199.1,8233.8,8187.4,8219.6,49801
1720731600000,2024-07-11 21:00:00,8220.0,8276.4,8220.0,8240.5,42905
1720990800000,2024-07-14 21:00:00,8233.6,8251.0,8159.6,8168.2,48296
1721077200000,2024-07-15 21:00:00,8171.1,8200.9,8124.2,8200.6,44414
1721163600000,2024-07-16 21:00:00,8189.5,8207.6,8130.2,8207.1,54588
1721250000000,2024-07-17 21:00:00,8224.3,8270.3,8159.2,8171.1,59486
1721336400000,2024-07-18 21:00:00,8190.9,8192.0,8128.1,8165.7,69300
1721595600000,2024-07-21 21:00:00,8179.0,8240.2,8159.8,8213.0,72316
1721682000000,2024-07-22 21:00:00,8213.8,8228.2,8147.7,8160.8,75590
1721768400000,2024-07-23 21:00:00,8147.4,8169.5,8106.6,8125.5,77331
1721854800000,2024-07-24 21:00:00,8141.4,8221.7,8047.2,8191.0,115108
1721941200000,2024-07-25 21:00:00,8205.7,8324.7,8190.6,8302.2,91920
1722200400000,2024-07-28 21:00:00,8320.0,8369.2,8277.3,8280.8,91960
1722286800000,2024-07-29 21:00:00,8255.1,8297.8,8230.7,8294.8,88042
1722373200000,2024-07-30 21:00:00,8306.6,8408.4,8287.2,8370.1,93584
1722459600000,2024-07-31 21:00:00,8389.1,8401.7,8249.9,8294.0,110102
1722546000000,2024-08-01 21:00:00,8287.3,8295.6,8148.2,8203.2,136568
1722805200000,2024-08-04 21:00:00,8177.2,8191.1,7906.4,7995.0,204742
1722891600000,2024-08-05 21:00:00,8046.6,8113.9,7941.1,8067.4,166026
1722978000000,2024-08-06 21:00:00,8036.7,8172.6,8029.6,8096.6,132510
1723064400000,2024-08-07 21:00:00,8064.8,8163.8,8052.1,8145.3,117394
1723150800000,2024-08-08 21:00:00,8158.4,8197.1,8127.9,8187.4,98966
1723410000000,2024-08-11 21:00:00,8189.5,8227.3,8177.8,8209.9,70416
1723496400000,2024-08-12 21:00:00,8218.2,8255.4,8180.8,8252.9,65136
1723582800000,2024-08-13 21:00:00,8253.2,8307.2,8238.4,8298.7,73358
1723669200000,2024-08-14 21:00:00,8273.3,8363.2,8263.9,8340.5,68540
1723755600000,2024-08-15 21:00:00,8353.3,8354.3,8283.7,8287.3,60260
1724014800000,2024-08-18 21:00:00,8296.8,8372.2,8272.0,8334.4,52138
1724101200000,2024-08-19 21:00:00,8331.0,8346.6,8234.9,8235.7,55382
1724187600000,2024-08-20 21:00:00,8234.5,8293.9,8234.5,8282.0,61660
1724274000000,2024-08-21 21:00:00,8283.8,8313.3,8259.2,8267.9,63264
1724360400000,2024-08-22 21:00:00,8288.7,8334.4,8280.9,8333.7,63606
1724706000000,2024-08-26 21:00:00,8329.7,8400.9,8327.7,8352.0,61048
1724792400000,2024-08-27 21:00:00,8341.1,8376.4,8319.0,8345.8,62986
1724878800000,2024-08-28 21:00:00,8334.9,8416.9,8333.1,8394.6,72338
1724965200000,2024-08-29 21:00:00,8405.6,8417.6,8362.2,8404.0,67608
1725224400000,2024-09-01 21:00:00,8389.7,8402.2,8351.9,8377.5,36730
1725310800000,2024-09-02 21:00:00,8364.8,8390.8,8243.1,8261.7,83112
1725397200000,2024-09-03 21:00:00,8253.3,8281.8,8204.6,8258.6,104464
1725483600000,2024-09-04 21:00:00,8243.5,8283.5,8211.9,8232.1,87630
1725570000000,2024-09-05 21:00:00,8231.4,8259.6,8159.7,8163.2,107296
1725829200000,2024-09-08 21:00:00,8180.0,8295.6,8179.2,8263.1,84568
1725915600000,2024-09-09 21:00:00,8272.0,8272.1,8172.9,8221.6,87178
1726002000000,2024-09-10 21:00:00,8213.2,8267.0,8168.9,8264.7,109222
1726088400000,2024-09-11 21:00:00,8258.6,8304.4,8217.0,8259.4,95216
1726174800000,2024-09-12 21:00:00,8268.2,8287.6,8228.1,8279.4,63160
1726434000000,2024-09-15 21:00:00,8289.7,8316.7,8249.0,8312.0,57674
1726520400000,2024-09-16 21:00:00,8313.7,8354.1,8274.1,8293.2,81410
1726606800000,2024-09-17 21:00:00,8300.3,8307.7,8239.7,8270.8,87810
1726693200000,2024-09-18 21:00:00,8293.5,8372.6,8281.5,8326.5,86384
1726779600000,2024-09-19 21:00:00,8317.4,8320.1,8194.9,8201.6,77894
1727038800000,2024-09-22 21:00:00,8214.7,8269.0,8208.6,8267.7,71308
1727125200000,2024-09-23 21:00:00,8264.5,8316.0,8249.7,8262.2,69370
1727211600000,2024-09-24 21:00:00,8263.8,8319.7,8229.3,8264.8,60162
1727298000000,2024-09-25 21:00:00,8274.0,8328.5,8259.6,8286.0,73104
1727384400000,2024-09-26 21:00:00,8285.2,8336.0,8269.0,8302.4,68704
1727643600000,2024-09-29 21:00:00,8327.1,8333.3,8225.7,8259.9,70040
1727730000000,2024-09-30 21:00:00,8254.2,8304.7,8225.6,8278.9,78240
1727816400000,2024-10-01 21:00:00,8272.2,8325.0,8257.6,8272.0,80283
1727902800000,2024-10-02 21:00:00,8282.6,8334.5,8246.7,8275.1,82808
1727989200000,2024-10-03 21:00:00,8272.7,8310.0,8230.2,8309.5,84092
1728248400000,2024-10-06 21:00:00,8307.4,8332.3,8259.0,8289.4,82276
1728334800000,2024-10-07 21:00:00,8291.1,8308.8,8182.2,8217.6,78056
1728421200000,2024-10-08 21:00:00,8212.3,8279.2,8189.4,8276.0,68230
1728507600000,2024-10-09 21:00:00,8268.9,8277.9,8214.6,8254.6,72142
1728594000000,2024-10-10 21:00:00,8257.4,8263.8,8207.5,8258.4,57064
1728853200000,2024-10-13 21:00:00,8243.5,8318.4,8233.3,8315.8,60745
1728939600000,2024-10-14 21:00:00,8313.5,8330.6,8233.2,8237.0,84776
1729026000000,2024-10-15 21:00:00,8241.7,8361.9,8236.3,8361.0,71260
1729112400000,2024-10-16 21:00:00,8359.5,8398.4,8320.5,8374.2,69046
1729198800000,2024-10-17 21:00:00,8374.6,8379.8,8314.7,8367.6,62852
1729458000000,2024-10-20 21:00:00,8376.0,8396.4,8317.4,8326.1,65028
1729544400000,2024-10-21 21:00:00,8326.4,8331.2,8252.4,8326.7,70406
1729630800000,2024-10-22 21:00:00,8316.4,8324.8,8241.4,8271.2,69768
1729717200000,2024-10-23 21:00:00,8263.5,8338.5,8255.1,8280.6,68940
1729803600000,2024-10-24 21:00:00,8280.5,8287.8,8218.5,8232.0,66076
1730062800000,2024-10-27 21:00:00,8264.1,8311.7,8209.3,8297.3,70206
1730149200000,2024-10-28 21:00:00,8298.9,8329.5,8201.1,8209.4,74252
1730235600000,2024-10-29 21:00:00,8213.3,8215.8,8153.6,8159.1,81194
1730322000000,2024-10-30 21:00:00,8156.3,8165.1,8067.7,8118.0,83902
1730408400000,2024-10-31 21:00:00,8115.5,8201.4,8105.1,8164.5,80614
1730671200000,2024-11-03 22:00:00,8169.1,8241.8,8164.0,8172.9,70730
1730757600000,2024-11-04 22:00:00,8174.6,8217.0,8148.5,8177.9,66826
1730844000000,2024-11-05 22:00:00,8188.7,8305.6,8144.7,8180.1,128975
1730930400000,2024-11-06 22:00:00,8156.4,8193.0,8129.9,8178.9,85755
1731016800000,2024-11-07 22:00:00,8178.7,8183.8,8057.7,8078.8,75484
1731276000000,2024-11-10 22:00:00,8084.6,8151.0,8079.1,8110.6,57874
1731362400000,2024-11-11 22:00:00,8109.1,8115.8,8012.6,8041.6,73604
1731448800000,2024-11-12 22:00:00,8034.0,8059.9,7994.6,8048.9,77508
1731535200000,2024-11-13 22:00:00,8040.8,8080.8,7999.9,8055.0,79977
1731621600000,2024-11-14 22:00:00,8044.9,8092.1,8025.2,8079.7,87084
1731880800000,2024-11-17 22:00:00,8089.1,8127.5,8053.5,8108.1,63784
1731967200000,2024-11-18 22:00:00,8122.1,8150.8,8051.7,8093.1,87084
1732053600000,2024-11-19 22:00:00,8107.8,8130.7,8073.4,8109.0,78876
1732140000000,2024-11-20 22:00:00,8092.9,8185.4,8063.1,8185.4,84932
1732226400000,2024-11-21 22:00:00,8175.6,8278.1,8171.8,8268.1,76520
1732485600000,2024-11-24 22:00:00,8306.3,8312.2,8270.2,8292.1,64430
1732572000000,2024-11-25 22:00:00,8251.0,8288.9,8238.6,8268.3,71536
1732658400000,2024-11-26 22:00:00,8267.1,8284.6,8240.1,8278.2,68608
1732744800000,2024-11-27 22:00:00,8281.1,8305.2,8271.9,8289.2,38312
1732831200000,2024-11-28 22:00:00,8259.6,8300.4,8253.5,8284.4,59062
1733090400000,2024-12-01 22:00:00,8279.8,8338.9,8278.2,8328.5,56942
1733176800000,2024-12-02 22:00:00,8330.2,8394.9,8316.0,8353.9,58912
1733263200000,2024-12-03 22:00:00,8354.3,8366.9,8317.5,8326.8,56176
1733349600000,2024-12-04 22:00:00,8320.8,8364.8,8317.2,8348.5,55496
1733436000000,2024-12-05 22:00:00,8347.0,8358.9,8292.3,8307.3,54016
1733695200000,2024-12-08 22:00:00,8303.4,8377.9,8299.9,8338.5,56698
1733781600000,2024-12-09 22:00:00,8341.4,8341.4,8253.4,8253.9,58608
1733868000000,2024-12-10 22:00:00,8253.6,8324.7,8240.4,8322.2,57088
1733954400000,2024-12-11 22:00:00,8309.8,8331.5,8287.4,8290.4,62146
1734040800000,2024-12-12 22:00:00,8296.8,8333.9,8279.2,8296.6,55292
1734300000000,2024-12-15 22:00:00,8313.0,8313.2,8235.7,8236.7,52092
1734386400000,2024-12-16 22:00:00,8236.5,8255.6,8189.3,8198.6,61008
1734472800000,2024-12-17 22:00:00,8194.4,8234.7,8112.3,8114.3,74415
1734559200000,2024-12-18 22:00:00,8110.6,8125.5,8071.9,8103.3,97356
1734645600000,2024-12-19 22:00:00,8094.3,8107.5,7989.9,8059.0,92894
1734904800000,2024-12-22 22:00:00,8074.0,8132.1,8037.0,8128.3,65309
1734991200000,2024-12-23 22:00:00,8114.4,8134.6,8103.4,8109.9,10980
1735250400000,2024-12-26 22:00:00,8131.5,8141.0,8096.0,8113.5,56098
1735509600000,2024-12-29 22:00:00,8125.6,8137.1,8079.7,8110.3,59661
1735596000000,2024-12-30 22:00:00,8109.4,8167.5,8077.9,8150.6,13906
1735768800000,2025-01-01 22:00:00,8132.5,8258.9,8131.0,8214.0,78000
1735855200000,2025-01-02 22:00:00,8230.5,8257.9,8203.3,8208.0,54492
1736114400000,2025-01-05 22:00:00,8208.4,8245.1,8185.7,8193.9,62822
1736200800000,2025-01-06 22:00:00,8197.5,8249.0,8178.1,8221.0,63570
1736287200000,2025-01-07 22:00:00,8219.1,8259.4,8178.4,8248.8,78260
1736373600000,2025-01-08 22:00:00,8242.5,8315.6,8231.3,8301.4,40182
1736460000000,2025-01-09 22:00:00,8288.0,8315.7,8228.9,8244.5,77776
1736719200000,2025-01-12 22:00:00,8242.4,8243.4,8179.8,8213.9,75228
1736805600000,2025-01-13 22:00:00,8224.9,8235.1,8171.5,8205.7,80554
1736892000000,2025-01-14 22:00:00,8209.8,8323.7,8206.2,8307.1,67964
1736978400000,2025-01-15 22:00:00,8308.7,8414.2,8294.5,8409.0,65562
1737064800000,2025-01-16 22:00:00,8406.1,8525.5,8402.4,8496.8,63246
1737324000000,2025-01-19 22:00:00,8487.4,8543.8,8476.5,8514.4,47024
1737410400000,2025-01-20 22:00:00,8496.5,8559.0,8488.3,8554.5,57474
1737496800000,2025-01-21 22:00:00,8567.6,8580.5,8508.4,8509.1,49450
1737583200000,2025-01-22 22:00:00,8509.0,8565.9,8503.4,8558.5,48420
1737669600000,2025-01-23 22:00:00,8561.4,8582.1,8470.4,8470.4,56546
1737928800000,2025-01-26 22:00:00,8456.9,8521.7,8423.8,8514.7,80864
1738015200000,2025-01-27 22:00:00,8513.3,8569.2,8492.8,8535.0,57290
1738101600000,2025-01-28 22:00:00,8532.7,8580.5,8512.6,8537.1,58800
1738188000000,2025-01-29 22:00:00,8541.1,8678.4,8539.8,8658.2,46494
1738274400000,2025-01-30 22:00:00,8660.7,8686.9,8623.3,8631.8,59786
1738533600000,2025-02-02 22:00:00,8539.1,8589.7,8504.1,8544.6,97109
1738620000000,2025-02-03 22:00:00,8569.2,8582.0,8517.6,8545.4,63570
1738706400000,2025-02-04 22:00:00,8553.0,8658.7,8535.2,8652.2,49662
1738792800000,2025-02-05 22:00:00,8657.6,8763.0,8657.6,8701.1,57390
1738879200000,2025-02-06 22:00:00,8696.5,8725.4,8676.1,8684.9,55332
1739138400000,2025-02-09 22:00:00,8707.9,8784.1,8697.1,8777.8,40452
1739224800000,2025-02-10 22:00:00,8780.1,8788.8,8746.6,8777.9,46614
1739311200000,2025-02-11 22:00:00,8775.7,8829.0,8756.1,8824.2,53922
1739397600000,2025-02-12 22:00:00,8835.1,8835.1,8725.4,8753.2,68888
1739484000000,2025-02-13 22:00:00,8752.1,8763.5,8697.0,8701.2,48078
1739743200000,2025-02-16 22:00:00,8716.4,8780.7,8711.1,8772.1,34572
1739829600000,2025-02-17 22:00:00,8765.5,8786.1,8754.8,8765.1,50994
1739916000000,2025-02-18 22:00:00,8769.5,8773.8,8691.4,8716.2,65782
1740002400000,2025-02-19 22:00:00,8698.8,8703.8,8641.9,8655.8,63352
1740088800000,2025-02-20 22:00:00,8657.8,8680.9,8607.5,8628.7,70476
1740348000000,2025-02-23 22:00:00,8658.9,8687.8,8611.8,8630.6,78388
1740434400000,2025-02-24 22:00:00,8639.2,8711.6,8626.9,8695.7,79766
1740520800000,2025-02-25 22:00:00,8704.2,8739.6,8679.7,8705.7,73638
1740607200000,2025-02-26 22:00:00,8701.2,8780.9,8696.7,8729.7,85144
1740693600000,2025-02-27 22:00:00,8712.1,8818.7,8676.4,8818.2,88924
1740952800000,2025-03-02 22:00:00,8835.5,8911.4,8793.2,8835.0,101010
1741039200000,2025-03-03 22:00:00,8841.6,8871.5,8745.6,8793.1,123042
1741125600000,2025-03-04 22:00:00,8829.7,8838.6,8745.0,8809.6,109256
1741212000000,2025-03-05 22:00:00,8756.5,8797.2,8625.9,8641.7,109276
1741298400000,2025-03-06 22:00:00,8644.3,8748.7,8623.8,8744.0,113808
1741554000000,2025-03-09 21:00:00,8724.2,8730.1,8532.0,8602.6,116468
1741640400000,2025-03-10 21:00:00,8561.3,8633.4,8464.1,8509.2,135486
1741726800000,2025-03-11 21:00:00,8524.0,8569.4,8497.9,8539.5,104688
1741813200000,2025-03-12 21:00:00,8547.3,8580.0,8507.3,8543.1,104802
1741899600000,2025-03-13 21:00:00,8559.2,8675.2,8536.6,8663.7,88112
1742158800000,2025-03-16 21:00:00,8666.1,8718.5,8625.7,8700.8,81250
1742245200000,2025-03-17 21:00:00,8706.2,8729.1,8679.6,8700.4,88924
1742331600000,2025-03-18 21:00:00,8717.5,8726.8,8663.1,8712.4,105254
1742418000000,2025-03-19 21:00:00,8721.5,8741.7,8661.2,8695.9,101866
1742504400000,2025-03-20 21:00:00,8699.9,8707.8,8611.2,8644.4,89142
1742763600000,2025-03-23 21:00:00,8670.6,8698.1,8614.8,8639.4,72654
1742850000000,2025-03-24 21:00:00,8648.8,8718.2,8610.0,8676.8,59358
1742936400000,2025-03-25 21:00:00,8676.4,8715.3,8655.5,8673.0,78082
1743022800000,2025-03-26 21:00:00,8647.6,8666.1,8605.5,8661.6,82056
1743109200000,2025-03-27 21:00:00,8660.5,8691.4,8630.8,8639.1,80628
1743368400000,2025-03-30 21:00:00,8631.9,8634.4,8527.3,8625.1,110716
1743454800000,2025-03-31 21:00:00,8606.2,8671.7,8571.8,8611.5,99538
1743541200000,2025-04-01 21:00:00,8634.6,8635.4,8544.3,8608.6,96176
1743627600000,2025-04-02 21:00:00,8452.1,8532.8,8425.3,8466.6,151450
1743714000000,2025-04-03 21:00:00,8458.7,8475.4,7969.7,7990.8,221916
1743973200000,2025-04-06 21:00:00,7760.2,8007.0,7524.8,7782.3,214355
1744059600000,2025-04-07 21:00:00,7820.3,7972.9,7642.3,7719.9,199456
1744146000000,2025-04-08 21:00:00,7653.3,8177.5,7581.7,8115.3,203166
1744232400000,2025-04-09 21:00:00,8121.2,8152.7,7785.2,7941.4,210337
1744318800000,2025-04-10 21:00:00,7895.9,8105.6,7846.6,8087.6,189882
1744578000000,2025-04-13 21:00:00,8098.3,8162.4,8055.6,8122.8,129617
1744664400000,2025-04-14 21:00:00,8117.5,8257.6,8114.4,8221.2,114032
1744750800000,2025-04-15 21:00:00,8194.5,8271.7,8154.2,8182.4,120273
1744837200000,2025-04-16 21:00:00,8181.6,8316.8,8178.4,8249.4,115564
1745269200000,2025-04-21 21:00:00,8195.8,8371.2,8195.4,8351.0,108057
1745355600000,2025-04-22 21:00:00,8449.3,8464.3,8371.0,8400.4,128720
1745442000000,2025-04-23 21:00:00,8402.4,8428.4,8352.5,8426.1,95789
1745528400000,2025-04-24 21:00:00,8436.3,8441.2,8388.1,8436.8,95428
1745787600000,2025-04-27 21:00:00,8438.2,8449.5,8389.6,8430.2,72303
1745874000000,2025-04-28 21:00:00,8427.1,8497.9,8398.6,8479.3,72021
1745960400000,2025-04-29 21:00:00,8471.7,8496.0,8425.3,8477.1,89130
1746046800000,2025-04-30 21:00:00,8487.4,8517.7,8441.0,8472.2,53282
1746133200000,2025-05-01 21:00:00,8461.5,8632.9,8461.5,8626.1,86172
1746478800000,2025-05-05 21:00:00,8623.8,8684.3,8562.9,8565.9,81481
1746565200000,2025-05-06 21:00:00,8598.5,8608.1,8530.2,8581.7,85166
1746651600000,2025-05-07 21:00:00,8561.7,8614.6,8507.6,8545.2,83402
1746738000000,2025-05-08 21:00:00,8533.7,8577.3,8514.9,8537.8,68955
1746997200000,2025-05-11 21:00:00,8585.7,8637.7,8542.9,8623.0,99855
1747083600000,2025-05-12 21:00:00,8616.4,8622.1,8548.9,8589.3,70679
1747170000000,2025-05-13 21:00:00,8579.2,8614.9,8554.6,8583.6,67331
1747256400000,2025-05-14 21:00:00,8547.0,8644.5,8529.2,8636.1,70989
1747342800000,2025-05-15 21:00:00,8635.7,8693.4,8627.8,8688.5,62869
1747602000000,2025-05-18 21:00:00,8673.7,8732.4,8608.8,8731.0,68321
1747688400000,2025-05-19 21:00:00,8734.0,8796.2,8711.2,8780.1,63779
1747774800000,2025-05-20 21:00:00,8785.2,8796.7,8716.7,8727.5,84115
1747861200000,2025-05-21 21:00:00,8710.4,8765.4,8683.5,8737.8,72603
1747947600000,2025-05-22 21:00:00,8751.3,8773.7,8597.2,8720.2,104097
1748293200000,2025-05-26 21:00:00,8777.3,8824.3,8766.3,8797.2,66670
1748379600000,2025-05-27 21:00:00,8803.8,8804.2,8722.1,8750.6,65241
1748466000000,2025-05-28 21:00:00,8806.9,8811.7,8692.7,8741.4,81268
1748552400000,2025-05-29 21:00:00,8722.0,8801.1,8722.0,8795.9,85001
1748811600000,2025-06-01 21:00:00,8790.2,8815.4,8728.2,8814.3,89711
1748898000000,2025-06-02 21:00:00,8806.1,8808.5,8739.4,8791.0,71528
1748984400000,2025-06-03 21:00:00,8801.9,8823.1,8779.6,8802.7,65430
1749070800000,2025-06-04 21:00:00,8795.1,8836.3,8773.9,8786.1,76907
1749157200000,2025-06-05 21:00:00,8790.0,8849.8,8789.1,8843.4,63637
1749416400000,2025-06-08 21:00:00,8843.9,8853.4,8812.3,8817.3,47609
1749502800000,2025-06-09 21:00:00,8821.4,8888.6,8815.5,8862.3,69613
1749589200000,2025-06-10 21:00:00,8862.8,8887.3,8836.2,8853.9,73732
1749675600000,2025-06-11 21:00:00,8849.8,8899.7,8823.8,8885.2,76280
1749762000000,2025-06-12 21:00:00,8858.8,8883.5,8816.3,8825.1,106225
1750021200000,2025-06-15 21:00:00,8852.0,8904.5,8832.9,8844.1,69537
1750107600000,2025-06-16 21:00:00,8821.2,8865.2,8807.7,8839.2,93289
1750194000000,2025-06-17 21:00:00,8842.7,8866.8,8820.9,8854.9,89634
1750280400000,2025-06-18 21:00:00,8846.3,8869.7,8781.3,8807.5,76312
1750366800000,2025-06-19 21:00:00,8815.5,8845.0,8739.6,8748.1,74787
1750626000000,2025-06-22 21:00:00,8738.4,8786.5,8725.3,8773.5,79571
1750712400000,2025-06-23 21:00:00,8787.0,8822.6,8751.5,8764.6,78475
1750798800000,2025-06-24 21:00:00,8757.8,8793.5,8702.4,8704.4,60278
1750885200000,2025-06-25 21:00:00,8692.2,8759.4,8692.2,8758.4,62368
1750971600000,2025-06-26 21:00:00,8758.0,8800.0,8742.5,8778.5,68461
1751230800000,2025-06-29 21:00:00,8793.5,8818.9,8752.8,8773.8,56965
1751317200000,2025-06-30 21:00:00,8769.5,8806.9,8726.0,8788.6,64924
1751403600000,2025-07-01 21:00:00,8786.5,8828.3,8738.1,8794.8,56990
1751490000000,2025-07-02 21:00:00,8790.2,8836.7,8785.0,8815.7,43048
1751576400000,2025-07-03 21:00:00,8813.1,8829.7,8777.2,8793.5,36118
1751835600000,2025-07-06 21:00:00,8809.9,8837.7,8766.8,8768.3,52750
1751922000000,2025-07-07 21:00:00,8770.9,8876.6,8765.1,8866.7,48795
1752008400000,2025-07-08 21:00:00,8856.4,8906.5,8849.4,8905.6,46871
1752094800000,2025-07-09 21:00:00,8898.2,8992.7,8890.7,8984.4,43589
1752181200000,2025-07-10 21:00:00,8980.6,8985.4,8916.8,8943.4,50242
1752440400000,2025-07-13 21:00:00,8933.4,9025.8,8918.8,9022.3,44900
1752526800000,2025-07-14 21:00:00,9024.8,9042.9,8936.7,8947.9,53779
1752613200000,2025-07-15 21:00:00,8936.7,8987.0,8915.7,8984.0,55921
1752699600000,2025-07-16 21:00:00,8985.5,8995.4,8941.1,8985.8,45812
1752786000000,2025-07-17 21:00:00,8990.7,9013.9,8967.6,8983.6,49071
1753045200000,2025-07-20 21:00:00,8992.2,9015.8,8976.7,8985.1,41922
1753131600000,2025-07-21 21:00:00,8988.3,9049.2,8980.8,9048.4,48235
1753218000000,2025-07-22 21:00:00,9067.2,9114.4,9051.0,9112.4,48690
1753304400000,2025-07-23 21:00:00,9111.5,9158.7,9099.0,9130.8,49854
1753390800000,2025-07-24 21:00:00,9138.5,9149.9,9092.7,9141.4,41544
1753650000000,2025-07-27 21:00:00,9166.3,9177.0,9060.3,9086.4,44677
1753736400000,2025-07-28 21:00:00,9087.5,9165.8,9081.9,9145.7,53473
1753822800000,2025-07-29 21:00:00,9147.4,9164.9,9092.9,9137.8,61975
1753909200000,2025-07-30 21:00:00,9153.3,9191.2,9107.4,9115.7,70991
1753995600000,2025-07-31 21:00:00,9116.7,9129.1,9027.0,9095.9,79155
1754254800000,2025-08-03 21:00:00,9099.7,9158.2,9066.6,9153.7,59781
1754341200000,2025-08-04 21:00:00,9148.6,9183.1,9129.1,9153.0,60350
1754427600000,2025-08-05 21:00:00,9149.0,9187.2,9137.2,9145.2,55728
1754514000000,2025-08-06 21:00:00,9128.9,9150.0,9075.5,9086.5,67606
1754600400000,2025-08-07 21:00:00,9091.4,9126.9,9079.5,9092.7,46036
1754859600000,2025-08-10 21:00:00,9092.7,9141.2,9092.7,9132.3,47333
1754946000000,2025-08-11 21:00:00,9130.0,9174.1,9122.0,9172.2,46419
1755032400000,2025-08-12 21:00:00,9171.9,9190.8,9146.4,9188.6,39959
1755118800000,2025-08-13 21:00:00,9158.7,9215.2,9136.1,9215.0,44358
1755205200000,2025-08-14 21:00:00,9224.7,9230.3,9128.1,9147.6,45487
1755464400000,2025-08-17 21:00:00,9162.3,9185.1,9128.7,9181.8,39442
1755550800000,2025-08-18 21:00:00,9179.3,9200.9,9157.2,9185.6,45360
1755637200000,2025-08-19 21:00:00,9184.8,9321.6,9168.2,9311.5,54655
1755723600000,2025-08-20 21:00:00,9307.7,9317.9,9257.7,9312.1,50092
1755810000000,2025-08-21 21:00:00,9318.2,9360.5,9284.2,9336.4,47150
1756155600000,2025-08-25 21:00:00,9331.5,9332.0,9250.2,9298.0,53009
1756242000000,2025-08-26 21:00:00,9302.3,9310.0,9232.4,9263.8,42141
1756328400000,2025-08-27 21:00:00,9254.5,9269.8,9204.2,9225.8,43124
1756414800000,2025-08-28 21:00:00,9222.0,9234.5,9177.1,9191.3,46251
1756674000000,2025-08-31 21:00:00,9204.0,9225.7,9178.5,9196.9,31283
1756760400000,2025-09-01 21:00:00,9185.0,9210.0,9102.1,9157.1,61004
1756846800000,2025-09-02 21:00:00,9156.4,9184.3,9106.4,9183.1,52969
1756933200000,2025-09-03 21:00:00,9180.9,9231.3,9152.9,9227.0,45110
1757019600000,2025-09-04 21:00:00,9229.1,9252.2,9193.7,9222.0,54306
1757278800000,2025-09-07 21:00:00,9231.8,9242.6,9191.3,9230.7,45662
1757365200000,2025-09-08 21:00:00,9233.6,9266.4,9212.1,9256.6,49422
1757451600000,2025-09-09 21:00:00,9257.2,9294.9,9220.3,9245.3,54289
1757538000000,2025-09-10 21:00:00,9251.3,9320.5,9238.1,9319.7,46996
1757624400000,2025-09-11 21:00:00,9318.2,9342.7,9262.0,9274.6,40681
1757883600000,2025-09-14 21:00:00,9272.2,9302.6,9265.0,9278.8,43548
1757970000000,2025-09-15 21:00:00,9286.5,9289.7,9193.2,9209.7,47513
1758056400000,2025-09-16 21:00:00,9212.6,9250.6,9181.8,9198.3,56671
1758142800000,2025-09-17 21:00:00,9218.9,9248.5,9198.0,9241.6,64214
1758229200000,2025-09-18 21:00:00,9245.1,9251.2,9199.3,9226.0,50715
1758488400000,2025-09-21 21:00:00,9231.4,9255.4,9194.8,9254.6,43745
1758574800000,2025-09-22 21:00:00,9241.7,9273.6,9207.0,9207.0,45417
1758661200000,2025-09-23 21:00:00,9206.3,9274.2,9180.0,9239.9,44362
1758747600000,2025-09-24 21:00:00,9240.5,9250.6,9204.0,9231.4,52546
1758834000000,2025-09-25 21:00:00,9238.8,9312.0,9214.4,9308.0,51162
1759093200000,2025-09-28 21:00:00,9316.0,9363.2,9289.9,9305.1,44304
1759179600000,2025-09-29 21:00:00,9307.6,9386.3,9272.7,9382.6,54841
1759266000000,2025-09-30 21:00:00,9379.9,9473.1,9355.3,9463.9,55217
1759352400000,2025-10-01 21:00:00,9463.7,9494.6,9420.8,9430.2,58819
1759438800000,2025-10-02 21:00:00,9433.6,9503.5,9432.2,9489.8,45127
1759698000000,2025-10-05 21:00:00,9496.0,9522.8,9468.0,9476.9,53500
1759784400000,2025-10-06 21:00:00,9467.3,9512.4,9465.3,9495.1,50947
1759870800000,2025-10-07 21:00:00,9492.6,9584.7,9487.8,9557.9,49703
1759957200000,2025-10-08 21:00:00,9560.8,9561.1,9489.2,9502.0,56110
1760043600000,2025-10-09 21:00:00,9513.5,9524.5,9369.6,9380.9,81787
1760302800000,2025-10-12 21:00:00,9435.1,9466.4,9415.7,9456.9,72881
1760389200000,2025-10-13 21:00:00,9450.7,9499.0,9389.3,9479.6,89636
1760475600000,2025-10-14 21:00:00,9488.8,9495.2,9381.8,9418.2,72923
1760562000000,2025-10-15 21:00:00,9413.6,9446.0,9360.5,9372.0,79810
1760648400000,2025-10-16 21:00:00,9361.6,9392.4,9274.5,9384.6,96138
1760907600000,2025-10-19 21:00:00,9377.0,9443.5,9371.0,9437.8,53404
1760994000000,2025-10-20 21:00:00,9439.7,9453.4,9409.8,9422.1,48505
1761080400000,2025-10-21 21:00:00,9421.0,9552.9,9413.7,9521.3,62505
1761166800000,2025-10-22 21:00:00,9512.8,9599.9,9510.6,9587.6,55011
1761253200000,2025-10-23 21:00:00,9594.9,9662.3,9563.0,9644.1,42785
1761512400000,2025-10-26 21:00:00,9661.0,9680.4,9640.1,9680.0,38008
1761598800000,2025-10-27 21:00:00,9671.1,9736.3,9652.2,9705.1,46180
1761685200000,2025-10-28 21:00:00,9704.7,9798.3,9695.6,9754.7,68083
1761771600000,2025-10-29 21:00:00,9759.9,9777.4,9695.8,9759.9,71297
1761858000000,2025-10-30 21:00:00,9761.0,9762.8,9702.7,9741.0,57355
1762120800000,2025-11-02 22:00:00,9761.5,9761.5,9699.7,9710.7,48012
1762207200000,2025-11-03 22:00:00,9704.1,9733.9,9579.0,9715.4,67680
1762293600000,2025-11-04 22:00:00,9680.4,9810.6,9644.5,9793.5,65192
1762380000000,2025-11-05 22:00:00,9768.2,9792.1,9705.4,9714.0,68857
1762466400000,2025-11-06 22:00:00,9727.6,9738.9,9641.5,9734.6,87120
1762725600000,2025-11-09 22:00:00,9769.0,9853.9,9731.8,9848.9,62522
1762812000000,2025-11-10 22:00:00,9854.0,9923.0,9853.8,9908.5,61680
1762898400000,2025-11-11 22:00:00,9919.6,9939.8,9883.8,9903.7,61620
1762984800000,2025-11-12 22:00:00,9894.7,9922.0,9739.9,9746.5,78025
1763071200000,2025-11-13 22:00:00,9769.3,9785.8,9610.4,9695.1,100349
1763330400000,2025-11-16 22:00:00,9693.2,9713.3,9609.9,9633.2,91596
1763416800000,2025-11-17 22:00:00,9621.6,9632.6,9516.0,9579.4,122897
1763503200000,2025-11-18 22:00:00,9568.4,9576.3,9504.6,9552.9,100939
1763589600000,2025-11-19 22:00:00,9569.8,9596.9,9439.0,9443.5,113205
1763676000000,2025-11-20 22:00:00,9466.7,9599.1,9425.2,9575.2,127924
1763935200000,2025-11-23 22:00:00,9594.0,9601.9,9516.1,9545.9,89682
1764021600000,2025-11-24 22:00:00,9537.4,9649.9,9522.7,9641.9,84926
1764108000000,2025-11-25 22:00:00,9644.7,9716.5,9595.5,9695.2,81981
1764194400000,2025-11-26 22:00:00,9693.1,9702.8,9657.2,9699.8,40198
1764280800000,2025-11-27 22:00:00,9710.2,9744.0,9693.4,9716.3,41290
1764540000000,2025-11-30 22:00:00,9702.5,9739.4,9689.0,9693.3,69823
1764626400000,2025-12-01 22:00:00,9697.2,9749.8,9686.1,9711.0,67254
1764712800000,2025-12-02 22:00:00,9715.7,9719.3,9678.7,9709.2,62201
1764799200000,2025-12-03 22:00:00,9711.8,9729.7,9675.7,9707.6,60937
1764885600000,2025-12-04 22:00:00,9719.5,9738.9,9659.5,9659.7,53767
1765144800000,2025-12-07 22:00:00,9666.3,9682.2,9624.9,9639.6,55861
1765231200000,2025-12-08 22:00:00,9648.0,9676.2,9609.6,9609.8,57600
1765317600000,2025-12-09 22:00:00,9614.8,9693.0,9609.5,9684.0,71303
1765404000000,2025-12-10 22:00:00,9680.0,9735.2,9633.2,9721.5,70897
1765490400000,2025-12-11 22:00:00,9725.0,9764.3,9632.4,9659.4,73176
1765749600000,2025-12-14 22:00:00,9673.1,9775.6,9671.4,9757.2,68578
1765836000000,2025-12-15 22:00:00,9754.9,9764.9,9657.7,9686.2,85640
1765922400000,2025-12-16 22:00:00,9683.7,9859.5,9679.2,9757.7,88804
1766008800000,2025-12-17 22:00:00,9764.2,9850.3,9742.7,9802.7,91561
1766095200000,2025-12-18 22:00:00,9796.2,9918.6,9794.6,9879.2,66587
1766354400000,2025-12-21 22:00:00,9897.2,9904.7,9831.2,9871.8,46321
1766440800000,2025-12-22 22:00:00,9872.7,9903.5,9844.5,9883.4,48496
1766527200000,2025-12-23 22:00:00,9878.1,9896.3,9859.4,9867.9,12528
1766959200000,2025-12-28 22:00:00,9897.8,9902.1,9859.1,9875.6,54540
1767045600000,2025-12-29 22:00:00,9871.2,9960.7,9859.5,9950.0,40397
1767132000000,2025-12-30 22:00:00,9927.2,9963.9,9915.7,9951.9,14688
1767304800000,2026-01-01 22:00:00,9931.7,10054.3,9928.0,9999.6,70223
1767564000000,2026-01-04 22:00:00,10011.9,10032.7,9958.4,10027.1,71680
1767650400000,2026-01-05 22:00:00,10028.7,10163.2,10028.7,10109.7,64946
1767736800000,2026-01-06 22:00:00,10111.1,10120.3,10017.8,10028.3,70478
1767823200000,2026-01-07 22:00:00,10033.1,10075.6,9995.2,10074.4,73039
1767909600000,2026-01-08 22:00:00,10073.8,10141.1,10053.4,10131.7,62072
1768168800000,2026-01-11 22:00:00,10121.8,10151.9,10094.8,10147.7,58124
1768255200000,2026-01-12 22:00:00,10141.3,10155.6,10095.9,10148.1,60105
1768341600000,2026-01-13 22:00:00,10151.8,10220.9,10137.7,10219.4,70351
1768428000000,2026-01-14 22:00:00,10221.0,10251.9,10171.5,10223.5,69294
1768514400000,2026-01-15 22:00:00,10230.1,10258.9,10212.0,10250.0,55580
1768773600000,2026-01-18 22:00:00,10155.3,10232.6,10155.3,10180.9,59191
1768860000000,2026-01-19 22:00:00,10188.9,10190.5,10048.4,10099.8,99982
1768946400000,2026-01-20 22:00:00,10109.3,10222.3,10092.2,10208.8,102471
1769032800000,2026-01-21 22:00:00,10218.8,10227.9,10140.1,10146.6,75015
1769119200000,2026-01-22 22:00:00,10156.4,10183.1,10113.9,10147.7,78890
1769378400000,2026-01-25 22:00:00,10141.4,10187.6,10121.2,10157.7,73238
1769464800000,2026-01-26 22:00:00,10165.4,10229.6,10160.5,10190.5,64398
1769551200000,2026-01-27 22:00:00,10204.3,10233.8,10140.5,10163.2,76290
1769637600000,2026-01-28 22:00:00,10154.2,10280.1,10142.5,10215.4,93190
1769724000000,2026-01-29 22:00:00,10209.7,10240.2,10135.8,10227.7,111319
1769983200000,2026-02-01 22:00:00,10230.5,10366.9,10120.8,10332.9,103290
1770069600000,2026-02-02 22:00:00,10337.9,10371.4,10226.5,10300.1,101153
1770156000000,2026-02-03 22:00:00,10309.1,10482.7,10301.9,10404.7,112270
1770242400000,2026-02-04 22:00:00,10423.1,10425.2,10250.4,10254.7,119112
1770328800000,2026-02-05 22:00:00,10244.4,10403.1,10219.6,10403.1,97410
1770588000000,2026-02-08 22:00:00,10406.6,10420.9,10313.9,10393.3,87325
1770674400000,2026-02-09 22:00:00,10383.5,10425.5,10329.2,10362.9,88728
1770760800000,2026-02-10 22:00:00,10387.1,10525.2,10365.5,10511.2,91965
1770847200000,2026-02-11 22:00:00,10518.8,10543.2,10375.1,10426.6,104714
1770933600000,2026-02-12 22:00:00,10420.8,10460.7,10375.3,10452.2,117883
1771192800000,2026-02-15 22:00:00,10443.8,10491.3,10436.3,10462.6,62818
1771279200000,2026-02-16 22:00:00,10469.0,10586.1,10441.7,10567.8,109449
1771365600000,2026-02-17 22:00:00,10567.0,10716.4,10558.2,10704.2,83328
1771452000000,2026-02-18 22:00:00,10692.8,10702.7,10590.1,10660.8,96195
1771538400000,2026-02-19 22:00:00,10666.2,10744.8,10636.1,10712.0,94030
1771797600000,2026-02-22 22:00:00,10658.9,10738.1,10653.5,10679.8,94424
1771884000000,2026-02-23 22:00:00,10683.4,10722.3,10642.8,10709.2,83918
1771970400000,2026-02-24 22:00:00,10707.3,10819.0,10698.2,10808.2,79198
1772056800000,2026-02-25 22:00:00,10797.6,10865.9,10782.3,10852.3,75886
1772143200000,2026-02-26 22:00:00,10840.5,10932.0,10837.2,10866.8,99551
1772402400000,2026-03-01 22:00:00,10846.9,10865.0,10723.4,10791.5,114130
1772488800000,2026-03-02 22:00:00,10768.6,10777.9,10397.0,10522.6,167512
1772575200000,2026-03-03 22:00:00,10526.7,10628.4,10432.7,10619.4,138509
1772661600000,2026-03-04 22:00:00,10604.9,10630.7,10333.7,10392.5,140305
1772748000000,2026-03-05 22:00:00,10415.0,10474.8,10224.1,10315.9,149249
1773003600000,2026-03-08 21:00:00,10116.5,10383.4,10073.0,10331.3,182248
1773090000000,2026-03-09 21:00:00,10314.3,10472.5,10274.2,10381.1,144246
1773176400000,2026-03-10 21:00:00,10399.7,10420.2,10288.3,10337.6,122029
1773262800000,2026-03-11 21:00:00,10277.2,10344.1,10239.9,10287.2,130678
1773349200000,2026-03-12 21:00:00,10316.8,10366.0,10193.2,10240.5,124857
1773608400000,2026-03-15 21:00:00,10303.5,10380.1,10256.2,10345.0,106501
1773694800000,2026-03-16 21:00:00,10326.8,10440.4,10303.5,10371.7,100177
1773781200000,2026-03-17 21:00:00,10389.3,10451.4,10219.7,10226.6,112502
1773867600000,2026-03-18 21:00:00,10215.3,10253.7,9992.1,10066.2,152534
1773954000000,2026-03-19 21:00:00,10065.6,10124.5,9790.0,9838.8,145171
1774213200000,2026-03-22 21:00:00,9791.9,10038.9,9669.2,9944.2,178917
1774299600000,2026-03-23 21:00:00,9859.3,10028.2,9825.0,10002.2,154448
1774386000000,2026-03-24 21:00:00,10035.8,10130.0,9997.5,10103.8,112328
1774472400000,2026-03-25 21:00:00,10095.9,10097.6,9925.6,9946.3,112350
1774558800000,2026-03-26 21:00:00,9947.4,10025.5,9876.7,9905.8,112390
1774818000000,2026-03-29 21:00:00,9860.6,10155.4,9859.9,10069.7,136920
1774904400000,2026-03-30 21:00:00,10057.4,10283.0,10025.7,10273.3,165427
1774990800000,2026-03-31 21:00:00,10286.9,10423.0,10266.9,10423.0,129189
1775077200000,2026-04-01 21:00:00,10422.1,10467.6,10254.8,10453.7,134696
1775509200000,2026-04-06 21:00:00,10490.4,10522.3,10332.0,10408.6,155807
1775595600000,2026-04-07 21:00:00,10602.4,10727.5,10561.0,10687.5,139433
1775682000000,2026-04-08 21:00:00,10642.4,10654.4,10553.2,10596.6,125024
1775768400000,2026-04-09 21:00:00,10587.4,10662.7,10570.8,10599.5,107012
1776027600000,2026-04-12 21:00:00,10505.9,10623.2,10505.9,10615.8,112298
1776114000000,2026-04-13 21:00:00,10603.4,10647.2,10573.6,10628.7,89523
1776200400000,2026-04-14 21:00:00,10627.1,10644.6,10546.9,10557.8,100622
1776286800000,2026-04-15 21:00:00,10555.1,10648.0,10550.5,10587.6,85749
1776373200000,2026-04-16 21:00:00,10593.4,10698.0,10548.7,10690.8,89312
1776632400000,2026-04-19 21:00:00,10605.7,10642.1,10584.2,10612.1,88599
1776718800000,2026-04-20 21:00:00,10623.2,10638.9,10434.6,10434.7,99849
1776805200000,2026-04-21 21:00:00,10475.6,10526.1,10454.8,10477.0,91647
1776891600000,2026-04-22 21:00:00,10455.5,10470.2,10338.8,10408.1,126847
1776978000000,2026-04-23 21:00:00,10397.8,10448.1,10358.5,10378.3,107950
1777237200000,2026-04-26 21:00:00,10381.4,10413.8,10316.5,10323.4,85306
1777323600000,2026-04-27 21:00:00,10331.4,10385.9,10289.4,10307.6,100644
1777410000000,2026-04-28 21:00:00,10316.4,10334.1,10170.7,10195.4,103383
1777496400000,2026-04-29 21:00:00,10202.5,10387.7,10177.0,10365.3,115250
1777582800000,2026-04-30 21:00:00,10365.3,10390.5,10284.8,10366.2,43949
1777928400000,2026-05-04 21:00:00,10307.7,10312.9,10162.8,10267.8,85467
1778014800000,2026-05-05 21:00:00,10308.4,10491.8,10295.7,10452.1,111141
1778101200000,2026-05-06 21:00:00,10429.7,10470.1,10195.8,10202.0,109573
1778187600000,2026-05-07 21:00:00,10229.7,10271.7,10174.8,10248.3,94564
1778446800000,2026-05-10 21:00:00,10240.5,10284.2,10216.3,10233.6,79045
1778533200000,2026-05-11 21:00:00,10231.3,10291.6,10146.2,10277.0,104255
1778619600000,2026-05-12 21:00:00,10275.6,10357.0,10235.0,10352.1,82064
1778706000000,2026-05-13 21:00:00,10337.9,10397.3,10298.9,10352.0,80368
1778792400000,2026-05-14 21:00:00,10336.3,10362.3,10152.5,10187.0,108744
1779051600000,2026-05-17 21:00:00,10171.0,10347.7,10107.0,10347.6,137804
1779138000000,2026-05-18 21:00:00,10338.0,10408.7,10285.7,10287.5,114078
1779224400000,2026-05-19 21:00:00,10287.5,10458.7,10231.5,10443.3,109871
1779310800000,2026-05-20 21:00:00,10404.8,10518.2,10344.7,10490.7,109825
1779397200000,2026-05-21 21:00:00,10500.3,10519.7,10435.6,10436.6,91391
1779742800000,2026-05-25 21:00:00,10514.8,10559.7,10481.4,10507.2,90766
1779829200000,2026-05-26 21:00:00,10510.3,10523.5,10461.3,10488.2,80253
1779915600000,2026-05-27 21:00:00,10471.6,10480.4,10378.8,10407.1,99119
1780002000000,2026-05-28 21:00:00,10411.9,10461.9,10368.0,10368.2,87923
1780261200000,2026-05-31 21:00:00,10368.9,10412.5,10286.2,10329.3,84978
1780347600000,2026-06-01 21:00:00,10320.3,10398.1,10299.9,10382.4,86130
1780434000000,2026-06-02 21:00:00,10387.4,10388.0,10305.4,10305.4,82609
1780520400000,2026-06-03 21:00:00,10287.8,10398.8,10236.5,10391.8,106986
1780606800000,2026-06-04 21:00:00,10359.0,10417.0,10314.1,10334.5,109924
1780866000000,2026-06-07 21:00:00,10336.4,10412.3,10289.5,10354.2,142621
1780952400000,2026-06-08 21:00:00,10331.3,10375.6,10183.4,10296.6,136241
1781038800000,2026-06-09 21:00:00,10292.5,10307.5,10126.5,10194.6,143708
1781125200000,2026-06-10 21:00:00,10164.5,10419.6,10152.8,10410.8,140352
1781211600000,2026-06-11 21:00:00,10400.6,10485.4,10367.9,10460.9,132477
1781470800000,2026-06-14 21:00:00,10507.0,10574.7,10404.6,10415.6,88649
1781557200000,2026-06-15 21:00:00,10415.5,10529.6,10414.5,10472.3,97666
1781643600000,2026-06-16 21:00:00,10467.2,10515.9,10434.9,10445.4,107078
1781730000000,2026-06-17 21:00:00,10492.2,10497.2,10373.1,10409.2,125341
1781816400000,2026-06-18 21:00:00,10400.4,10417.3,10337.9,10352.6,75753
1782075600000,2026-06-21 21:00:00,10354.5,10446.6,10343.2,10422.7,99150
1782162000000,2026-06-22 21:00:00,10411.8,10470.1,10318.1,10429.9,113132
1782248400000,2026-06-23 21:00:00,10416.8,10468.6,10373.6,10451.2,130527
1782334800000,2026-06-24 21:00:00,10445.5,10577.7,10409.5,10518.2,105448
1782421200000,2026-06-25 21:00:00,10516.2,10526.8,10401.6,10476.0,134636
1782680400000,2026-06-28 21:00:00,10506.1,10532.7,10468.8,10511.9,98212
1782766800000,2026-06-29 21:00:00,10500.3,10608.6,10485.0,10505.9,82557
1782853200000,2026-06-30 21:00:00,10500.5,10504.1,10416.0,10462.2,90894
1782939600000,2026-07-01 21:00:00,10447.0,10686.7,10426.1,10664.9,102837
1783026000000,2026-07-02 21:00:00,10674.3,10698.5,10590.6,10629.6,65436
1783285200000,2026-07-05 21:00:00,10647.6,10726.7,10608.2,10660.9,79417
1783371600000,2026-07-06 21:00:00,10658.9,10739.6,10631.8,10650.5,96534
1783458000000,2026-07-07 21:00:00,10627.1,10674.1,10454.7,10492.6,135212
1783544400000,2026-07-08 21:00:00,10478.7,10514.2,10380.4,10457.0,104074
1783630800000,2026-07-09 21:00:00,10440.5,10537.3,10438.8,10522.4,84899
1783890000000,2026-07-12 21:00:00,10498.1,10526.3,10443.2,10490.9,105568
1783976400000,2026-07-13 21:00:00,10461.6,10545.1,10411.7,10478.2,127384
1784062800000,2026-07-14 21:00:00,10488.9,10536.2,10431.2,10471.8,93123
1784149200000,2026-07-15 21:00:00,10468.8,10576.4,10426.3,10558.8,98546
1784235600000,2026-07-16 21:00:00,10543.5,10616.2,10487.0,10568.4,122504
1784494800000,2026-07-19 21:00:00,10566.6,10589.4,10443.1,10453.0,114367
1784581200000,2026-07-20 21:00:00,10452.6,10603.1,10433.8,10594.7,89754
1784667600000,2026-07-21 21:00:00,10594.1,10759.0,10557.2,10705.0,105768
1784754000000,2026-07-22 21:00:00,10713.2,10723.0,10580.9,10594.9,114071
1784840400000,2026-07-23 21:00:00,10606.2,10737.5,10566.3,10714.3,103955
1785099600000,2026-07-26 21:00:00,10734.9,10826.2,10710.6,10787.0,116870
1785186000000,2026-07-27 21:00:00,10786.3,10911.4,10752.5,10893.2,109717
1785272400000,2026-07-28 21:00:00,10885.4,10945.6,10813.3,10817.9,144683
1785358800000,2026-07-29 21:00:00,10840.0,10969.4,10782.4,10928.4,132169
1785445200000,2026-07-30 21:00:00,10929.5,10981.0,10817.5,10868.9,107666
1785704400000,2026-08-02 21:00:00,10882.3,10911.9,10827.2,10864.5,98417
1785790800000,2026-08-03 21:00:00,10870.8,10927.2,10859.7,10895.9,108257
1785877200000,2026-08-04 21:00:00,10912.5,10948.6,10833.1,10882.7,101164
1785963600000,2026-08-05 21:00:00,10885.3,10937.4,10843.7,10847.2,99209
1786050000000,2026-08-06 21:00:00,10844.9,10953.3,10833.4,10884.1,76153
1786309200000,2026-08-09 21:00:00,10865.9,10894.0,10819.5,10848.5,61196
1786395600000,2026-08-10 21:00:00,10862.3,10888.9,10803.9,10819.4,70347
1786482000000,2026-08-11 21:00:00,10813.7,10856.8,10801.6,10841.8,61752
1786568400000,2026-08-12 21:00:00,10810.2,10828.6,10742.8,10785.4,56293
1786654800000,2026-08-13 21:00:00,10787.6,10793.5,10710.3,10737.8,54034
1786914000000,2026-08-16 21:00:00,10748.2,10789.3,10702.8,10724.4,51376
1787000400000,2026-08-17 21:00:00,10726.5,10776.1,10695.8,10720.6,75052
1787086800000,2026-08-18 21:00:00,10715.5,10759.7,10692.8,10740.6,75169
1787173200000,2026-08-19 21:00:00,10741.8,10759.1,10673.9,10733.5,74726
