date,orb_hi,orb_lo,orb_range,vol_rejects,vol_best_ratio,trend_blocked_why,trend_blocked,no_trade_why,no_trade,blocked_why,blocked,max_locked_R,early,be,trail,log
2024-01-02,37811.4,37461.4,350.0,,,,,,,,,,,,,2024
2024-01-03,37726.8,37553.2,173.6,,,,,,,,,,,,,2024
2024-01-04,37541.1,37451.9,89.2,13384.0,0.995475113122172,,,,,,,,,,,2024
2024-01-05,37454.3,37249.3,205.0,13870.0,0.9992862241256246,"Neutral trend, policy=BlockAll",44.0,,,,,,,,,2024
2024-01-06,,,,,,,,Trading disabled for Saturday.,1.0,,,,,,,2024
2024-01-07,,,,,,,,Trading disabled for Sunday.,1.0,,,,,,,2024
2024-01-08,37371.9,37215.4,156.5,15218.0,1.0,,,,,"KillSwitch already active (now=16:58, kill=16:31).",12.0,,,,,2024
2024-01-09,37614.1,37439.8,174.3,,,,,,,,,,,,,2024
2024-01-10,37552.1,37466.5,85.6,17356.0,0.9993425378040763,,,,,existing open bot position found: ORBV_US30.cash_20240110 vo,30.0,1.0,1.0,1.0,2.0,2024
2024-01-11,37811.1,37590.0,221.1,,,,,,,,,,,,,2024
2024-01-12,37795.7,37441.7,354.0,959.0,0.9992862241256246,"Neutral trend, policy=BlockAll",64.0,,,,,,,,,2024
2024-01-13,,,,,,,,Trading disabled for Saturday.,1.0,,,,,,,2024
2024-01-14,,,,,,,,Trading disabled for Sunday.,1.0,,,,,,,2024
2024-01-15,37598.6,37491.4,107.2,,,,,,,,,,,,,2024
2024-01-16,37550.2,37381.9,168.3,,,,,,,,,,,,,2024
2024-01-17,37267.0,37149.9,117.1,10337.0,0.9962406015037594,,,,,"ClosePositionsTime already reached (now=20:51, close=20:50).",1.0,,,,,2024
2024-01-18,37334.7,37180.6,154.1,7248.0,0.9993084370677732,,,,,"KillSwitch already active (now=19:25, kill=16:31).",10.0,,,,,2024
2024-01-19,37705.8,37461.0,244.8,9947.0,0.9930715935334873,,,,,"KillSwitch already active (now=19:16, kill=16:31).",3.0,,,,,2024
2024-01-20,,,,,,,,Trading disabled for Saturday.,1.0,,,,,,,2024
2024-01-21,,,,,,,,Trading disabled for Sunday.,1.0,,,,,,,2024
2024-01-22,37986.0,37875.2,110.8,12330.0,1.0,,,,,existing open bot position found: ORBV_US30.cash_20240122 vo,15.0,1.0,1.0,1.0,1.0,2024
2024-01-23,38023.2,37922.3,100.9,,,,,,,,,,,,,2024
2024-01-24,38078.1,37936.6,141.5,,,,,,,,,,,,,2024
2024-01-25,37937.0,37753.6,183.4,6174.0,1.0,"Neutral trend, policy=BlockAll",2.0,,,"ClosePositionsTime already reached (now=20:51, close=20:50).",6.0,,,,,2024
2024-01-26,38070.4,37906.1,164.3,18308.0,0.998389694041868,"Neutral trend, policy=BlockAll",134.0,,,"ClosePositionsTime already reached (now=21:00, close=20:50).",1.0,,,,,2024
2024-01-27,,,,,,,,Trading disabled for Saturday.,1.0,,,,,,,2024
2024-01-28,,,,,,,,Trading disabled for Sunday.,1.0,,,,,,,2024
2024-01-29,38112.2,38038.2,74.0,11134.0,0.9995869475423379,,,,,existing open bot position found: ORBV_US30.cash_20240129 vo,18.0,,1.0,1.0,,2024
2024-01-30,38304.5,38238.4,66.1,14859.0,0.999495204442201,"Neutral trend, policy=BlockAll",104.0,,,"KillSwitch already active (now=20:07, kill=16:31).",11.0,,,,,2024
2024-01-31,38565.4,38468.4,97.0,249.0,0.850253807106599,"Neutral trend, policy=BlockAll",2.0,,,,,,,,,2024
2024-02-01,38244.9,38126.2,118.7,19766.0,0.9966530308664932,,,,,"ClosePositionsTime already reached (now=20:51, close=20:50).",3.0,,,,,2024
2024-02-02,38588.1,38343.9,244.2,12415.0,0.9727626459143969,,,,,"ClosePositionsTime already reached (now=21:41, close=20:50).",1.0,,,,,2024
2024-02-03,,,,,,,,Trading disabled for Saturday.,1.0,,,,,,,2024
2024-02-04,,,,,,,,Trading disabled for Sunday.,1.0,,,,,,,2024
2024-02-05,38692.6,38520.2,172.4,,,,,,,,,,,,,2024
2024-02-06,38403.5,38276.1,127.4,23565.0,0.9992810927390368,,,,,existing open bot position found: ORBV_US30.cash_20240206 vo,11.0,2.0,1.0,1.0,3.0,2024
2024-02-07,38652.6,38455.6,197.0,16934.0,1.0,,,,,existing open bot position found: ORBV_US30.cash_20240207 vo,15.0,,1.0,,,2024
2024-02-08,38731.4,38612.6,118.8,189.0,0.9944037882049074,,,,,"ClosePositionsTime already reached (now=21:00, close=20:50).",1.0,,,,,2024
2024-02-09,38893.9,38695.0,198.9,,,,,,,,,,,,,2024
2024-02-10,,,,,,,,Trading disabled for Saturday.,1.0,,,,,,,2024
2024-02-11,,,,,,,,Trading disabled for Sunday.,1.0,,,,,,,2024
2024-02-12,38661.2,38602.2,59.0,19489.0,1.0,"Neutral trend, policy=BlockAll",203.0,,,"KillSwitch already active (now=16:34, kill=16:31).",7.0,,,,,2024
2024-02-13,38820.7,38385.4,435.3,,,,,,,,,,,,,2024
2024-02-14,38424.1,38290.0,134.1,690.0,0.9900990099009901,,,,,"ClosePositionsTime already reached (now=21:37, close=20:50).",3.0,,,,,2024
2024-02-15,38528.2,38431.8,96.4,20335.0,0.9996429846483398,,,,,"KillSwitch already active (now=18:09, kill=16:31).",7.0,,,,,2024
2024-02-16,38754.0,38603.2,150.8,5641.0,0.998062015503876,,,,,"KillSwitch already active (now=19:41, kill=16:31).",1.0,,,,,2024
2024-02-17,,,,,,,,Trading disabled for Saturday.,1.0,,,,,,,2024
2024-02-18,,,,,,,,Trading disabled for Sunday.,1.0,,,,,,,2024
2024-02-19,38666.7,38597.7,69.0,,,,,,,,,,,,,2024
2024-02-20,38578.1,38450.3,127.8,10620.0,0.9995147986414362,"Neutral trend, policy=BlockAll",222.0,,,"ClosePositionsTime already reached (now=21:39, close=20:50).",1.0,,,,,2024
2024-02-21,38536.9,38463.9,73.0,4174.0,0.9989909182643795,,,,,"ClosePositionsTime already reached (now=21:21, close=20:50).",8.0,,,,,2024
2024-02-22,38867.8,38676.4,191.4,19721.0,0.9978494623655914,,,,,existing open bot position found: ORBV_US30.cash_20240222 vo,11.0,,,,,2024
2024-02-23,39188.7,39036.8,151.9,9607.0,0.9903011740684022,,,,,,,,,,,2024
2024-02-24,,,,,,,,Trading disabled for Saturday.,1.0,,,,,,,2024
2024-02-25,,,,,,,,Trading disabled for Sunday.,1.0,,,,,,,2024
2024-02-26,39166.3,39056.8,109.5,4249.0,0.998389694041868,,,,,existing open bot position found: ORBV_US30.cash_20240226 vo,4.0,,1.0,1.0,,2024
2024-02-27,39112.0,39026.0,86.0,,,,,,,,,,,,,2024
2024-02-28,38913.7,38771.2,142.5,2531.0,0.9996378123868163,,,,,"ClosePositionsTime already reached (now=21:00, close=20:50).",1.0,,,,,2024
2024-02-29,39061.6,38788.7,272.9,126.0,0.8037825059101655,,,,,,,,,,,2024
2024-03-01,39011.3,38882.3,129.0,15349.0,0.9951348960636887,,,,,"KillSwitch already active (now=19:01, kill=16:31).",3.0,,,,,2024
2024-03-02,,,,,,,,Trading disabled for Saturday.,1.0,,,,,,,2024
2024-03-03,,,,,,,,Trading disabled for Sunday.,1.0,,,,,,,2024
2024-03-04,39046.3,38863.1,183.2,2629.0,0.9976470588235294,,,,,"KillSwitch already active (now=19:40, kill=16:31).",2.0,,,,,2024
2024-03-05,38962.1,38834.1,128.0,,,,,,,,,,,,,2024
2024-03-06,38803.8,38572.5,231.3,4295.0,0.9907120743034055,,,,,existing open bot position found: ORBV_US30.cash_20240306 vo,1.0,,,,,2024
2024-03-07,38859.7,38521.2,338.5,3516.0,0.9950998869204674,,,,,existing open bot position found: ORBV_US30.cash_20240307 vo,3.0,,,,,2024
2024-03-08,38825.6,38596.1,229.5,16075.0,0.8462164361269325,,,,,,,,,,,2024
2024-03-09,,,,,,,,Trading disabled for Saturday.,1.0,,,,,,,2024
2024-03-10,,,,,,,,Trading disabled for Sunday.,1.0,,,,,,,2024
2024-03-11,38697.3,38474.4,222.9,12191.0,0.9927360774818402,,,,,"KillSwitch already active (now=20:31, kill=16:31).",9.0,,,,,2024
2024-03-12,38974.6,38638.9,335.7,12817.0,1.0,,,,,"KillSwitch already active (now=18:33, kill=16:31).",15.0,,1.0,1.0,,2024
2024-03-13,39160.6,38993.5,167.1,4574.0,0.9995852343425965,,,,,"KillSwitch already active (now=17:06, kill=16:31).",1.0,,,,,2024
2024-03-14,39229.1,38838.6,390.5,,,,,,,,,,,,,2024
2024-03-15,38991.5,38722.8,268.7,,,,,,,,,,,,,2024
2024-03-16,,,,,,,,Trading disabled for Saturday.,1.0,,,,,,,2024
2024-03-17,,,,,,,,Trading disabled for Sunday.,1.0,,,,,,,2024
2024-03-18,38891.9,38657.7,234.2,659.0,0.8049645390070922,,,,,,,,,,,2024
2024-03-19,38896.2,38687.2,209.0,16418.0,0.997946611909651,,,,,existing open bot position found: ORBV_US30.cash_20240319 vo,9.0,1.0,1.0,1.0,2.0,2024
2024-03-20,39143.8,38997.3,146.5,13649.0,1.0,"Neutral trend, policy=BlockAll",2.0,,,"KillSwitch already active (now=18:01, kill=16:31).",21.0,,,,,2024
2024-03-21,39861.1,39588.3,272.8,869.0,0.8705114254624592,,,,,,,,,,,2024
2024-03-22,39850.9,39639.3,211.6,,,,,,,,,,,,,2024
2024-03-23,,,,,,,,Trading disabled for Saturday.,1.0,,,,,,,2024
2024-03-24,,,,,,,,Trading disabled for Sunday.,1.0,,,,,,,2024
2024-03-25,39459.7,39345.4,114.3,,,,,,,,,,,,,2024
2024-03-26,39429.0,39302.85,126.2,273.0,0.9772348695169351,,,,,,,,,,,2024
2024-03-27,39623.65,39425.75,197.9,4040.0,0.9996033320111067,,,,,"KillSwitch already active (now=19:29, kill=16:31).",11.0,,,,,2024
2024-03-28,39855.65,39713.35,142.3,155.0,0.9701824655095683,,,,,,,,,,,2024
2024-03-30,,,,,,,,Trading disabled for Saturday.,1.0,,,,,,,2024
2024-03-31,,,,,,,,Trading disabled for Sunday.,1.0,,,,,,,2024
2024-04-01,39945.85,39563.35,382.5,,,,,,,,,,,,,2024
2024-04-02,39473.45,39048.55,424.9,,,,,,,,,,,,,2024
2024-04-03,39311.55,39112.85,198.7,,,,,,,,,,,,,2024
2024-04-04,39425.35,39227.55,197.8,,,,,,,,,,,,,2024
2024-04-05,38761.25,38585.65,175.6,22312.0,0.8931804465902233,,,,,,,,,,,2024
2024-04-06,,,,,,,,Trading disabled for Saturday.,1.0,,,,,,,2024
2024-04-07,,,,,,,,Trading disabled for Sunday.,1.0,,,,,,,2024
2024-04-08,39013.15,38800.35,212.8,,,,,,,,,,,,,2024
2024-04-09,38992.75,38796.55,196.2,,,,,,,,,,,,,2024
2024-04-10,39028.45,38334.25,694.2,,,,,ORB range 694.2 pips >= max 500. Standing down.,1.0,,,,,,,2024
2024-04-11,38566.15,38195.15,371.0,1536.0,0.9897927621404268,,,,,,,,,,,2024
2024-04-12,38567.95,38117.25,450.7,,,,,,,,,,,,,2024
2024-04-13,,,,,,,,Trading disabled for Saturday.,1.0,,,,,,,2024
2024-04-14,,,,,,,,Trading disabled for Sunday.,1.0,,,,,,,2024
2024-04-15,38376.95,38047.95,329.0,,,,,,,,,,,,,2024
2024-04-16,38033.95,37654.95,379.0,,,,,,,,,,,,,2024
2024-04-17,38011.95,37810.45,201.5,,,,,,,,,,,,,2024
2024-04-18,38014.65,37750.15,264.5,4251.0,0.8052287581699347,,,,,,,,,,,2024
2024-04-19,37998.15,37589.25,408.9,3360.0,0.791838717512752,,,,,,,,,,,2024
2024-04-20,,,,,,,,Trading disabled for Saturday.,1.0,,,,,,,2024
2024-04-21,,,,,,,,Trading disabled for Sunday.,1.0,,,,,,,2024
2024-04-22,38222.25,37999.15,223.1,12086.0,1.0,,,,,"ClosePositionsTime already reached (now=22:21, close=20:50).",11.0,,,,,2024
2024-04-23,38439.05,38245.15,193.9,18155.0,1.0,,,,,"KillSwitch already active (now=17:03, kill=16:31).",27.0,,,,,2024
2024-04-24,38532.25,38412.15,120.1,262.0,0.8610125765881973,,,,,,,,,,,2024
2024-04-25,38393.95,37748.85,645.1,,,,,ORB range 645.1 pips >= max 500. Standing down.,1.0,,,,,,,2024
2024-04-26,38306.65,38052.95,253.7,2218.0,0.9017889740781307,,,,,,,,,,,2024
2024-04-27,,,,,,,,Trading disabled for Saturday.,1.0,,,,,,,2024
2024-04-28,,,,,,,,Trading disabled for Sunday.,1.0,,,,,,,2024
2024-04-29,38400.75,38266.65,134.1,334.0,0.826353992183138,,,,,,,,,,,2024
2024-04-30,38389.45,38131.15,258.3,,,,,,,,,,,,,2024
2024-05-01,37935.85,37701.35,234.5,13581.0,0.9979381443298969,,,,,"KillSwitch already active (now=18:01, kill=16:31).",14.0,,,,,2024
2024-05-02,38160.75,37891.85,268.9,10466.0,0.9967845659163986,,,,,"KillSwitch already active (now=20:31, kill=16:31).",10.0,,,,,2024
2024-05-03,38807.05,38460.85,346.2,,,,,,,,,,,,,2024
2024-05-04,,,,,,,,Trading disabled for Saturday.,1.0,,,,,,,2024
2024-05-05,,,,,,,,Trading disabled for Sunday.,1.0,,,,,,,2024
2024-05-06,38879.15,38704.35,174.8,,,,,,,,,,,,,2024
2024-05-07,38981.35,38844.95,136.4,,,,,,,,,,,,,2024
2024-05-08,38918.85,38798.05,120.8,13177.0,0.999553770638108,,,,,existing open bot position found: ORBV_US30.cash_20240508 vo,22.0,1.0,1.0,1.0,2.0,2024
2024-05-09,39222.55,38950.25,272.3,12805.0,0.9990749306197966,,,,,"KillSwitch already active (now=16:36, kill=16:31).",19.0,,,,,2024
2024-05-10,39580.55,39453.25,127.3,,,,,,,,,,,,,2024
2024-05-11,,,,,,,,Trading disabled for Saturday.,1.0,,,,,,,2024
2024-05-12,,,,,,,,Trading disabled for Sunday.,1.0,,,,,,,2024
2024-05-13,39655.75,39519.55,136.2,,,,,,,,,,,,,2024
2024-05-14,39547.95,39292.05,255.9,4046.0,0.9995147986414362,,,,,"KillSwitch already active (now=18:42, kill=16:31).",18.0,,,,,2024
2024-05-15,39796.75,39531.25,265.5,10576.0,1.0,,,,,"KillSwitch already active (now=16:56, kill=16:31).",23.0,0.0,1.0,1.0,1.0,2024
2024-05-16,39995.95,39871.85,124.1,3772.0,0.9030654515327258,,,,,,,,1.0,1.0,,2024
2024-05-17,39934.15,39821.25,112.9,4626.0,1.0,,,,,"KillSwitch already active (now=17:14, kill=16:31).",7.0,,,,,2024
2024-05-18,,,,,,,,Trading disabled for Saturday.,1.0,,,,,,,2024
2024-05-19,,,,,,,,Trading disabled for Sunday.,1.0,,,,,,,2024
2024-05-20,40052.15,39901.55,150.6,1272.0,0.9137314956610515,"Neutral trend, policy=BlockAll",1.0,,,,,,,,,2024
2024-05-21,39872.65,39777.25,95.4,1501.0,0.9995852343425965,,,,,"KillSwitch already active (now=19:36, kill=16:31).",11.0,,,,,2024
2024-05-22,39886.25,39781.75,104.5,44.0,0.4427083333333333,,,,,,,,,,,2024
2024-05-23,39783.55,39382.95,400.6,,,,,,,,,,,,,2024
2024-05-24,39195.35,39081.95,113.4,743.0,0.738944365192582,,,,,,,,,,,2024
2024-05-25,,,,,,,,Trading disabled for Saturday.,1.0,,,,,,,2024
2024-05-26,,,,,,,,Trading disabled for Sunday.,1.0,,,,,,,2024
2024-05-27,39057.25,39008.15,49.1,1601.0,1.0,"Neutral trend, policy=BlockAll",38.0,,,existing open bot position found: ORBV_US30.cash_20240527 vo,11.0,,1.0,1.0,,2024
2024-05-28,39105.85,38899.55,206.3,,,,,,,,,,,,,2024
2024-05-29,38708.75,38414.85,293.9,,,,,,,,,,,,,2024
2024-05-30,38190.45,38009.95,180.5,263.0,0.9130624726955002,,,,,,,,,,,2024
2024-05-31,38261.35,38026.65,234.7,12032.0,0.9953051643192489,,,,,"KillSwitch already active (now=20:44, kill=16:31).",2.0,,,,,2024
2024-06-01,,,,,,,,Trading disabled for Saturday.,1.0,,,,,,,2024
2024-06-02,,,,,,,,Trading disabled for Sunday.,1.0,,,,,,,2024
2024-06-03,38739.05,38569.35,169.7,,,,,,,,,,,,,2024
2024-06-04,38670.95,38336.45,334.5,5095.0,1.0,,,,,"KillSwitch already active (now=18:16, kill=16:31).",17.0,,,,,2024
2024-06-05,38834.55,38548.65,285.9,915.0,0.9922680412371133,,,,,"KillSwitch already active (now=18:34, kill=16:31).",2.0,,,,,2024
2024-06-06,39006.75,38727.65,279.1,,,,,,,,,,,,,2024
2024-06-07,38992.95,38650.15,342.8,1656.0,0.9972583961617546,,,,,"KillSwitch already active (now=17:24, kill=16:31).",1.0,,,,,2024
2024-06-08,,,,,,,,Trading disabled for Saturday.,1.0,,,,,,,2024
2024-06-09,,,,,,,,Trading disabled for Sunday.,1.0,,,,,,,2024
2024-06-10,38854.25,38660.25,194.0,1370.0,0.9965742759265026,,,,,"KillSwitch already active (now=17:50, kill=16:31).",2.0,,,,,2024
2024-06-11,38824.05,38426.95,397.1,,,,,,,,,,,,,2024
2024-06-12,39147.71,38765.71,382.0,,,,,,,,,,,,,2024
2024-06-13,38725.91,38436.91,289.0,,,,,,,,,,,,,2024
2024-06-14,38536.61,38281.11,255.5,9311.0,0.9941897998708844,,,,,"KillSwitch already active (now=20:00, kill=16:31).",1.0,,,,,2024
2024-06-15,,,,,,,,Trading disabled for Saturday.,1.0,,,,,,,2024
2024-06-16,,,,,,,,Trading disabled for Sunday.,1.0,,,,,,,2024
2024-06-17,38590.31,38422.95,167.4,16346.0,1.0,,,,,existing open bot position found: ORBV_US30.cash_20240617 vo,20.0,,1.0,1.0,,2024
2024-06-18,38940.65,38726.65,214.0,,,,,,,,,,,,,2024
2024-06-19,38833.35,38771.75,61.6,,,,,,,,,,,,,2024
2024-06-20,39016.05,38760.25,255.8,11157.0,1.0,,,,,"KillSwitch already active (now=19:04, kill=16:31).",17.0,,,,,2024
2024-06-21,39262.35,39053.85,208.5,,,,,,,,,,,,,2024
2024-06-22,,,,,,,,Trading disabled for Saturday.,1.0,,,,,,,2024
2024-06-23,,,,,,,,Trading disabled for Sunday.,1.0,,,,,,,2024
2024-06-24,39514.15,39189.75,324.4,4094.0,0.8412836079791848,,,,,,,,,,,2024
2024-06-25,39459.15,39222.65,236.5,,,,,,,,,,,,,2024
2024-06-26,39160.15,38911.65,248.5,3606.0,0.9988474836726853,,,,,"KillSwitch already active (now=19:56, kill=16:31).",2.0,,,,,2024
2024-06-27,39197.65,39025.55,172.1,6311.0,0.9691119691119691,,,,,,,,,,,2024
2024-06-28,39437.65,39097.15,340.5,345.0,0.6912096168294515,,,,,,,,,,,2024
2024-06-29,,,,,,,,Trading disabled for Saturday.,1.0,,,,,,,2024
2024-06-30,,,,,,,,Trading disabled for Sunday.,1.0,,,,,,,2024
2024-07-01,39452.75,39141.65,311.1,,,,,,,,,,,,,2024
2024-07-02,39219.25,38995.65,223.6,5570.0,0.9995577178239717,,,,,"KillSwitch already active (now=17:56, kill=16:31).",15.0,,,,,2024
2024-07-03,39418.75,39288.95,129.8,,,,,,,,,,,,,2024
2024-07-04,39439.95,39282.85,157.1,,,,,,,,,,,,,2024
2024-07-05,39374.65,39158.75,215.9,700.0,0.994602929838088,,,,,"KillSwitch already active (now=19:45, kill=16:31).",4.0,,,,,2024
2024-07-06,,,,,,,,Trading disabled for Saturday.,1.0,,,,,,,2024
2024-07-07,,,,,,,,Trading disabled for Sunday.,1.0,,,,,,,2024
2024-07-08,39679.85,39352.05,327.8,,,,,,,,,,,,,2024
2024-07-09,39399.85,39139.65,260.2,4049.0,0.9804630969609263,,,,,,,,,,,2024
2024-07-10,39361.35,39262.85,98.5,13363.0,1.0,,,,,"KillSwitch already active (now=18:19, kill=16:31).",21.0,1.0,1.0,1.0,1.0,2024
2024-07-11,39871.95,39622.85,249.1,,,,,,,,,,,,,2024
2024-07-12,39964.45,39721.25,243.2,16421.0,0.9973285841495994,,,,,MaxTradesPerDay reached (1/1).,4.0,,,,,2024
2024-07-13,,,,,,,,Trading disabled for Saturday.,1.0,,,,,,,2024
2024-07-14,,,,,,,,Trading disabled for Sunday.,1.0,,,,,,,2024
2024-07-15,40303.85,40118.95,184.9,4076.0,0.8587854832914121,,,,,,,,,,,2024
2024-07-16,40768.15,40160.75,607.4,18259.0,0.9977470228516254,,,ORB range 607.4 pips >= max 500. Standing down.,1.0,_noTradeToday=true (range/day filter).,8.0,,,,,2024
2024-07-17,41134.15,40791.95,342.2,17635.0,0.9912536443148688,,,,,"KillSwitch already active (now=20:48, kill=16:31).",11.0,,,,,2024
2024-07-18,41380.15,41029.35,350.8,,,,,,,,,,,,,2024
2024-07-19,40638.85,40361.15,277.7,,,,,,,,,,,,,2024
2024-07-20,,,,,,,,Trading disabled for Saturday.,1.0,,,,,,,2024
2024-07-21,,,,,,,,Trading disabled for Sunday.,1.0,,,,,,,2024
2024-07-22,40479.75,40221.15,258.6,,,,,,,,,,,,,2024
2024-07-23,40506.65,40312.25,194.4,800.0,0.81120513568719,,,,,,,,,,,2024
2024-07-24,40258.95,39938.15,320.8,,,,,,,,,,,,,2024
2024-07-25,40084.35,39813.85,270.5,15755.0,0.9027193720213065,,,,,,,,,,,2024
2024-07-26,40609.35,40132.65,476.7,10977.0,0.9836065573770492,,,,,"KillSwitch already active (now=20:47, kill=16:31).",1.0,,,,,2024
2024-07-27,,,,,,,,Trading disabled for Saturday.,1.0,,,,,,,2024
2024-07-28,,,,,,,,Trading disabled for Sunday.,1.0,,,,,,,2024
2024-07-29,40821.75,40434.75,387.0,,,,,,,,,,,,,2024
2024-07-30,40778.45,40496.95,281.5,732.0,0.813245678110543,,,,,,,,,,,2024
2024-07-31,40935.05,40647.35,287.7,16054.0,1.0,,,,,"KillSwitch already active (now=17:01, kill=16:31).",7.0,,,,,2024
2024-08-01,41089.45,40578.95,510.5,,,,,ORB range 510.5 pips >= max 500. Standing down.,1.0,,,,,,,2024
2024-08-02,40142.65,39595.55,547.1,,,,,ORB range 547.1 pips >= max 500. Standing down.,1.0,,,,,,,2024
2024-08-03,,,,,,,,Trading disabled for Saturday.,1.0,,,,,,,2024
2024-08-04,,,,,,,,Trading disabled for Sunday.,1.0,,,,,,,2024
2024-08-05,39237.65,38389.85,847.8,,,,,ORB range 847.8 pips >= max 500. Standing down.,1.0,,,,,,,2024
2024-08-06,39154.15,38628.65,525.5,17882.0,0.9822235613136487,,,ORB range 525.5 pips >= max 500. Standing down.,1.0,,,,,,,2024
2024-08-07,39478.55,39157.05,321.5,,,,,,,,,,,,,2024
2024-08-08,39344.65,38594.45,750.2,12488.0,0.9982174688057041,,,ORB range 750.2 pips >= max 500. Standing down.,1.0,_noTradeToday=true (range/day filter).,14.0,,,,,2024
2024-08-09,39575.75,39225.25,350.5,947.0,1.0,,,,,"KillSwitch already active (now=17:31, kill=16:31).",1.0,,,,,2024
2024-08-10,,,,,,,,Trading disabled for Saturday.,1.0,,,,,,,2024
2024-08-11,,,,,,,,Trading disabled for Sunday.,1.0,,,,,,,2024
2024-08-12,39606.25,39240.35,365.9,,,,,,,,,,,,,2024
2024-08-13,39645.45,39222.05,423.4,12836.0,1.0,,,,,"KillSwitch already active (now=17:48, kill=16:31).",13.0,,,,,2024
2024-08-14,39874.85,39671.53,203.3,18631.0,0.9977324263038548,,,,,"KillSwitch already active (now=20:41, kill=16:31).",15.0,,,,,2024
2024-08-15,40547.65,40003.55,544.1,4188.0,0.9996599795987758,,,ORB range 544.1 pips >= max 500. Standing down.,1.0,_noTradeToday=true (range/day filter).,9.0,,,,,2024
2024-08-16,40634.05,40416.15,217.9,10783.0,0.9986082115518442,,,,,"KillSwitch already active (now=16:58, kill=16:31).",6.0,,,,,2024
2024-08-17,,,,,,,,Trading disabled for Saturday.,1.0,,,,,,,2024
2024-08-18,,,,,,,,Trading disabled for Sunday.,1.0,,,,,,,2024
2024-08-19,40824.15,40619.65,204.5,11640.0,1.0,,,,,"KillSwitch already active (now=18:01, kill=16:31).",22.0,,,,,2024
2024-08-20,40944.35,40786.15,158.2,,,,,,,,,,,,,2024
2024-08-21,40953.75,40767.15,186.6,548.0,0.7465900933237617,,,,,,,,,,,2024
2024-08-22,41025.75,40776.45,249.3,,,,,,,,,,,,,2024
2024-08-23,41161.15,40812.25,348.9,3773.0,0.9756097560975611,,,,,"KillSwitch already active (now=20:38, kill=16:31).",1.0,,,,,2024
2024-08-24,,,,,,,,Trading disabled for Saturday.,1.0,,,,,,,2024
2024-08-25,,,,,,,,Trading disabled for Sunday.,1.0,,,,,,,2024
2024-08-26,41411.45,41180.85,230.6,374.0,0.7647345348270823,,,,,,,,,,,2024
2024-08-27,41292.65,41084.85,207.8,,,,,,,,,,,,,2024
2024-08-28,41361.75,41169.15,192.6,,,,,,,,,,,,,2024
2024-08-29,41409.25,41077.35,331.9,10008.0,0.9951365506921062,,,,,"KillSwitch already active (now=16:51, kill=16:31).",1.0,,,,,2024
2024-08-30,41503.45,41318.95,184.5,2069.0,0.9996754300551768,,,,,"KillSwitch already active (now=19:51, kill=16:31).",2.0,,,,,2024
2024-08-31,,,,,,,,Trading disabled for Saturday.,1.0,,,,,,,2024
2024-09-01,,,,,,,,Trading disabled for Sunday.,1.0,,,,,,,2024
2024-09-02,41525.05,41450.25,74.8,972.0,0.9990917347865578,,,,,"KillSwitch already active (now=16:34, kill=16:31).",4.0,,,,,2024
2024-09-03,41517.35,41043.35,474.0,,,,,,,,,,,,,2024
2024-09-04,41081.25,40818.75,262.5,2046.0,0.7485760781122864,,,,,,,,,,,2024
2024-09-05,41088.95,40825.95,263.0,,,,,,,,,,,,,2024
2024-09-06,41012.05,40579.75,432.3,,,,,,,,,,,,,2024
2024-09-07,,,,,,,,Trading disabled for Saturday.,1.0,,,,,,,2024
2024-09-08,,,,,,,,Trading disabled for Sunday.,1.0,,,,,,,2024
2024-09-09,40803.65,40502.15,301.5,12411.0,0.9947643979057591,,,,,"ClosePositionsTime already reached (now=22:47, close=20:50).",8.0,,,,,2024
2024-09-10,40929.75,40547.75,382.0,,,,,,,,,,,,,2024
2024-09-11,40652.65,40011.15,641.5,9340.0,0.99601593625498,,,ORB range 641.5 pips >= max 500. Standing down.,1.0,_noTradeToday=true (range/day filter).,11.0,,,,,2024
2024-09-12,41016.45,40656.85,359.6,8605.0,1.0,,,,,"KillSwitch already active (now=17:31, kill=16:31).",16.0,,,,,2024
2024-09-13,41420.05,41105.35,314.7,7795.0,0.8687615526802217,,,,,,,,,,,2024
2024-09-14,,,,,,,,Trading disabled for Saturday.,1.0,,,,,,,2024
2024-09-15,,,,,,,,Trading disabled for Sunday.,1.0,,,,,,,2024
2024-09-16,41742.35,41392.65,349.7,,,,,,,,,,,,,2024
2024-09-17,41838.05,41639.85,198.2,,,,,,,,,,,,,2024
2024-09-18,41677.95,41477.85,200.1,5925.0,0.9993060374739764,,,,,"KillSwitch already active (now=18:01, kill=16:31).",4.0,,,,,2024
2024-09-19,42111.65,41831.65,280.0,1495.0,0.9980806142034548,,,,,"KillSwitch already active (now=17:47, kill=16:31).",1.0,,,,,2024
2024-09-20,42087.25,41860.85,226.4,4471.0,0.9317681584739544,,,,,,,,,,,2024
2024-09-21,,,,,,,,Trading disabled for Saturday.,1.0,,,,,,,2024
2024-09-22,,,,,,,,Trading disabled for Sunday.,1.0,,,,,,,2024
2024-09-23,42173.45,42000.75,172.7,,,,,,,,,,,,,2024
2024-09-24,42244.25,42078.05,166.2,750.0,0.7820710973724884,,,,,,,,,,,2024
2024-09-25,42305.55,42008.55,297.0,,,,,,,,,,,,,2024
2024-09-26,42198.35,42028.35,170.0,1351.0,1.0,,,,,"KillSwitch already active (now=18:16, kill=16:31).",10.0,,,,,2024
2024-09-27,42553.75,42135.45,418.3,2728.0,0.9194583036350676,,,,,,,,,,,2024
2024-09-28,,,,,,,,Trading disabled for Saturday.,1.0,,,,,,,2024
2024-09-29,,,,,,,,Trading disabled for Sunday.,1.0,,,,,,,2024
2024-09-30,42309.05,42056.15,252.9,685.0,0.8763157894736842,,,,,,,,,,,2024
2024-10-01,42284.85,41934.85,350.0,2906.0,0.860280658938377,,,,,,,,,,,2024
2024-10-02,42211.15,41978.15,233.0,6978.0,0.9954751131221719,,,,,"ClosePositionsTime already reached (now=22:07, close=20:50).",10.0,,,,,2024
2024-10-03,42141.55,41837.95,303.6,,,,,,,,,,,,,2024
2024-10-04,42332.25,41963.35,368.9,969.0,0.9384998222538216,,,,,,,,,,,2024
2024-10-05,,,,,,,,Trading disabled for Saturday.,1.0,,,,,,,2024
2024-10-06,,,,,,,,Trading disabled for Sunday.,1.0,,,,,,,2024
2024-10-07,42287.75,42115.75,172.0,,,,,,,,,,,,,2024
2024-10-08,42084.15,41867.25,216.9,1734.0,1.0,,,,,"KillSwitch already active (now=18:40, kill=16:31).",10.0,,,,,2024
2024-10-09,42301.05,41962.45,338.6,14296.0,1.0,,,,,"KillSwitch already active (now=17:17, kill=16:31).",12.0,,,,,2024
2024-10-10,42513.45,42355.25,158.2,16.0,0.960591133004926,,,,,"ClosePositionsTime already reached (now=23:21, close=20:50).",1.0,,,,,2024
2024-10-11,42791.95,42393.75,398.2,7966.0,1.0,,,,,"KillSwitch already active (now=18:40, kill=16:31).",7.0,,,,,2024
2024-10-12,,,,,,,,Trading disabled for Saturday.,1.0,,,,,,,2024
2024-10-13,,,,,,,,Trading disabled for Sunday.,1.0,,,,,,,2024
2024-10-14,42908.65,42717.55,191.1,10825.0,0.999383096853794,,,,,"KillSwitch already active (now=17:37, kill=16:31).",23.0,,,,,2024
2024-10-15,43173.35,42753.05,420.3,,,,,,,,,,,,,2024
2024-10-16,42957.65,42687.15,270.5,9197.0,0.9986194201564657,,,,,"KillSwitch already active (now=17:01, kill=16:31).",18.0,,,,,2024
2024-10-17,43282.65,43048.75,233.9,654.0,0.9073958980733374,,,,,,,,,,,2024
2024-10-18,43307.05,43035.65,271.4,776.0,0.9967141292442497,,,,,"KillSwitch already active (now=18:27, kill=16:31).",1.0,,,,,2024
2024-10-19,,,,,,,,Trading disabled for Saturday.,1.0,,,,,,,2024
2024-10-20,,,,,,,,Trading disabled for Sunday.,1.0,,,,,,,2024
2024-10-21,43311.95,43107.65,204.3,,,,,,,,,,,,,2024
2024-10-22,42855.35,42714.25,141.1,9877.0,0.9981515711645101,,,,,"KillSwitch already active (now=17:36, kill=16:31).",3.0,1.0,1.0,1.0,1.0,2024
2024-10-23,42818.55,42621.05,197.5,,,,,,,,,,,,,2024
2024-10-24,42517.35,42347.56,169.8,,,,,,,,,,,,,2024
2024-10-25,42604.06,42404.76,199.3,,,,,,,,,,,,,2024
2024-10-26,,,,,,,,Trading disabled for Saturday.,1.0,,,,,,,2024
2024-10-27,,,,,,,,Trading disabled for Sunday.,1.0,,,,,,,2024
2024-10-28,42473.26,42202.76,270.5,500.0,0.8693009118541033,,,,,,,,,,,2024
2024-10-29,42498.66,42168.66,330.0,,,,,,,,,,,,,2024
2024-10-30,42438.76,42117.36,321.4,722.0,0.8475609756097561,,,,,,,,,,,2024
2024-10-31,42008.56,41825.76,182.8,,,,,,,,,,,,,2024
2024-11-01,42294.96,41811.06,483.9,1529.0,0.8300395256916996,,,,,,,,,,,2024
2024-11-02,,,,,,,,Trading disabled for Saturday.,1.0,,,,,,,2024
2024-11-03,,,,,,,,Trading disabled for Sunday.,1.0,,,,,,,2024
2024-11-04,42130.36,41951.56,178.8,,,,,,,,,,,,,2024
2024-11-05,41894.08,41804.88,89.2,20874.0,0.998492840994725,"Neutral trend, policy=BlockAll",77.0,,,"KillSwitch already active (now=18:39, kill=16:31).",12.0,,,,,2024
2024-11-06,43643.68,43076.88,566.8,10057.0,0.995775497887749,,,ORB range 566.8 pips >= max 500. Standing down.,1.0,_noTradeToday=true (range/day filter).,5.0,,,,,2024
2024-11-07,43857.92,43702.92,155.0,,,,,,,,,,,,,2024
2024-11-08,43828.26,43703.46,124.8,18527.0,0.9990706319702602,,,,,existing open bot position found: ORBV_US30.cash_20241108 vo,10.0,,,,,2024
2024-11-09,,,,,,,,Trading disabled for Saturday.,1.0,,,,,,,2024
2024-11-10,,,,,,,,Trading disabled for Sunday.,1.0,,,,,,,2024
2024-11-11,44222.16,44080.16,142.0,16444.0,0.9996404171161452,"Neutral trend, policy=BlockAll",390.0,,,"KillSwitch already active (now=18:02, kill=16:31).",12.0,,,,,2024
2024-11-12,44386.06,44201.06,185.0,559.0,0.9965397923875432,,,,,MaxTradesPerDay reached (1/1).,1.0,,,,,2024
2024-11-13,44037.56,43761.56,276.0,11085.0,0.9928544565626176,,,,,,,,,,,2024
2024-11-14,44114.36,43976.96,137.4,,,,,,,,,,,,,2024
2024-11-15,43656.76,43476.96,179.8,,,,,,,,,,,,,2024
2024-11-16,,,,,,,,Trading disabled for Saturday.,1.0,,,,,,,2024
2024-11-17,,,,,,,,Trading disabled for Sunday.,1.0,,,,,,,2024
2024-11-18,43400.86,43248.86,152.0,8565.0,0.9960681520314547,"Neutral trend, policy=BlockAll",80.0,,,"KillSwitch already active (now=16:52, kill=16:31).",3.0,,,,,2024
2024-11-19,43469.16,42849.66,619.5,,,,,ORB range 619.5 pips >= max 500. Standing down.,1.0,,,,,,,2024
2024-11-20,43428.36,43249.26,179.1,662.0,0.9915611814345991,,,,,,,,,,,2024
2024-11-21,43619.96,43252.96,367.0,19553.0,0.9977324263038548,,,,,"KillSwitch already active (now=17:30, kill=16:31).",17.0,,,,,2024
2024-11-22,43941.66,43706.56,235.1,27232.0,0.9995217599234816,,,,,existing open bot position found: ORBV_US30.cash_20241122 vo,13.0,,,,,2024
2024-11-23,,,,,,,,Trading disabled for Saturday.,1.0,,,,,,,2024
2024-11-24,,,,,,,,Trading disabled for Sunday.,1.0,,,,,,,2024
2024-11-25,44702.66,44521.06,181.6,11062.0,0.9997619614377529,"Neutral trend, policy=BlockAll",328.0,,,"KillSwitch already active (now=19:56, kill=16:31).",8.0,,,,,2024
2024-11-26,44812.56,44531.46,281.1,3428.0,0.9980506822612085,,,,,"KillSwitch already active (now=20:47, kill=16:31).",8.0,,,,,2024
2024-11-27,44936.46,44786.06,150.4,4015.0,0.9949409780775718,"Neutral trend, policy=BlockAll",399.0,,,,,,,,,2024
2024-11-28,44802.96,44728.06,74.9,2330.0,1.0,,,,,existing open bot position found: ORBV_US30.cash_20241128 vo,23.0,,1.0,1.0,,2024
2024-11-29,44913.46,44762.26,151.2,6403.0,0.9978463747307967,,,,,"KillSwitch already active (now=17:55, kill=16:31).",2.0,,,,,2024
2024-11-30,,,,,,,,Trading disabled for Saturday.,1.0,,,,,,,2024
2024-12-01,,,,,,,,Trading disabled for Sunday.,1.0,,,,,,,2024
2024-12-02,44974.06,44830.06,144.0,62.0,0.7515657620041755,,,,,existing open bot position found: ORBV_US30.cash_20241202 vo,1.0,,,,,2024
2024-12-03,44834.76,44735.55,99.2,287.0,0.9971671388101983,,,,,existing open bot position found: ORBV_US30.cash_20241203 vo,2.0,,,,,2024
2024-12-04,44934.66,44771.36,163.3,9252.0,0.9997947033463354,,,,,existing open bot position found: ORBV_US30.cash_20241204 vo,20.0,1.0,1.0,1.0,1.0,2024
2024-12-05,45056.56,44928.86,127.7,,,,,,,,,,,,,2024
2024-12-06,44878.16,44704.36,173.8,99.0,0.976460331299041,,,,,,,,,,,2024
2024-12-07,,,,,,,,Trading disabled for Saturday.,1.0,,,,,,,2024
2024-12-08,,,,,,,,Trading disabled for Sunday.,1.0,,,,,,,2024
2024-12-09,44702.96,44582.16,120.8,240.0,0.9988518943742825,,,,,MaxTradesPerDay reached (1/1).,1.0,,,,,2024
2024-12-10,44427.56,44276.36,151.2,2579.0,0.9923076923076923,,,,,"KillSwitch already active (now=17:37, kill=16:31).",1.0,,,,,2024
2024-12-11,44366.26,44175.16,191.1,,,,,,,,,,,,,2024
2024-12-12,44156.09,44026.26,129.8,1917.0,0.9962264150943396,,,,,existing open bot position found: ORBV_US30.cash_20241212 vo,2.0,,,,,2024
2024-12-13,44042.16,43912.36,129.8,7.0,0.3467706978760295,,,,,,,,,,,2024
2024-12-14,,,,,,,,Trading disabled for Saturday.,1.0,,,,,,,2024
2024-12-15,,,,,,,,Trading disabled for Sunday.,1.0,,,,,,,2024
2024-12-16,43919.76,43814.36,105.4,412.0,0.6001348617666891,,,,,,,,,,,2024
2024-12-17,43608.56,43481.36,127.2,137.0,0.9953051643192489,,,,,"ClosePositionsTime already reached (now=23:06, close=20:50).",1.0,,,,,2024
2024-12-18,43626.46,43449.26,177.2,3583.0,0.9043838453572661,,,,,,,,,,,2024
2024-12-19,42669.06,42377.06,292.0,1139.0,0.9996110462854919,,,,,MaxTradesPerDay reached (1/1).,4.0,,1.0,1.0,,2024
2024-12-20,42284.16,42024.66,259.5,38737.0,0.9652509652509653,,,,,,,,,,,2024
2024-12-21,,,,,,,,Trading disabled for Saturday.,1.0,,,,,,,2024
2024-12-22,,,,,,,,Trading disabled for Sunday.,1.0,,,,,,,2024
2024-12-23,42971.96,42608.46,363.5,,,,,,,,,,,,,2024
2024-12-24,42918.16,42843.76,74.4,11889.0,0.9993634627625716,,,,,"KillSwitch already active (now=16:55, kill=16:31).",5.0,,,,,2024
2024-12-26,43230.26,43017.16,213.1,15510.0,1.0,,,,,"KillSwitch already active (now=16:52, kill=16:31).",12.0,,,,,2024
2024-12-27,43211.26,43007.96,203.3,,,,,,,,,,,,,2024
2024-12-28,,,,,,,,Trading disabled for Saturday.,1.0,,,,,,,2024
2024-12-29,,,,,,,,Trading disabled for Sunday.,1.0,,,,,,,2024
2024-12-30,42934.96,42489.66,445.3,,,,,,,,,,,,,2024
2024-12-31,42714.16,42541.86,172.3,1031.0,0.7815219110900173,,,,,,,,,,,2024
2025-01-02,42907.36,42624.46,282.9,,,,,,,,,,,,,2025
2025-01-03,42553.16,42391.16,162.0,20056.0,1.0,,,,,existing open bot position found: ORBV_US30.cash_20250103 vo,20.0,,1.0,1.0,,2025
2025-01-04,,,,,,,,Trading disabled for Saturday.,1.0,,,,,,,2025
2025-01-05,,,,,,,,Trading disabled for Sunday.,1.0,,,,,,,2025
2025-01-06,42949.26,42664.76,284.5,8978.0,0.8695652173913043,,,,,,,,,,,2025
2025-01-07,42880.36,42642.66,237.7,1305.0,0.9991386735572783,,,,,existing open bot position found: ORBV_US30.cash_20250107 vo,4.0,,1.0,1.0,,2025
2025-01-08,42658.16,42387.96,270.2,,,,,,,,,,,,,2025
2025-01-09,42641.96,42460.76,181.2,,,,,,,,,,,,,2025
2025-01-10,42653.06,42198.32,454.7,,,,,,,,,,,,,2025
2025-01-11,,,,,,,,Trading disabled for Saturday.,1.0,,,,,,,2025
2025-01-12,,,,,,,,Trading disabled for Sunday.,1.0,,,,,,,2025
2025-01-13,41922.36,41734.36,188.0,36620.0,0.999275887038378,,,,,existing open bot position found: ORBV_US30.cash_20250113 vo,10.0,1.0,1.0,1.0,1.0,2025
2025-01-14,42552.26,42296.26,256.0,1249.0,0.9939759036144578,,,,,"ClosePositionsTime already reached (now=21:36, close=20:50).",5.0,,,,,2025
2025-01-15,43227.26,42530.36,696.9,9365.0,0.9966654316413487,,,ORB range 696.9 pips >= max 500. Standing down.,1.0,_noTradeToday=true (range/day filter).,9.0,,,,,2025
2025-01-16,43335.86,43051.36,284.5,,,,,,,,,,,,,2025
2025-01-17,43482.06,43224.06,258.0,21812.0,0.9967260822117134,,,,,"KillSwitch already active (now=16:34, kill=16:31).",4.0,,,,,2025
2025-01-18,,,,,,,,Trading disabled for Saturday.,1.0,,,,,,,2025
2025-01-19,,,,,,,,Trading disabled for Sunday.,1.0,,,,,,,2025
2025-01-20,43715.9,43428.46,287.4,2408.0,0.9996599795987758,,,,,existing open bot position found: ORBV_US30.cash_20250120 vo,5.0,,1.0,1.0,,2025
2025-01-21,43719.3,43577.8,141.5,24862.0,1.0,,,,,"KillSwitch already active (now=16:45, kill=16:31).",9.0,,,,,2025
2025-01-22,44200.36,44020.16,180.2,137.0,0.7739557739557739,,,,,,,,,,,2025
2025-01-23,44221.96,44106.76,115.2,20710.0,0.9990749306197966,"Neutral trend, policy=BlockAll",128.0,,,MaxTradesPerDay reached (1/1).,18.0,,1.0,1.0,,2025
2025-01-24,44562.26,44408.46,153.8,,,,,,,,,,,,,2025
2025-01-25,,,,,,,,Trading disabled for Saturday.,1.0,,,,,,,2025
2025-01-26,,,,,,,,Trading disabled for Sunday.,1.0,,,,,,,2025
2025-01-27,44146.26,43820.76,325.5,40303.0,0.9989969909729187,"Neutral trend, policy=BlockAll",575.0,,,"KillSwitch already active (now=18:32, kill=16:31).",7.0,,,,,2025
2025-01-28,44776.96,44598.36,178.6,19915.0,0.9996378123868163,"Neutral trend, policy=BlockAll",7.0,,,"KillSwitch already active (now=17:42, kill=16:31).",12.0,,,,,2025
2025-01-29,44871.56,44748.66,122.9,6575.0,0.9986206896551724,"Neutral trend, policy=BlockAll",371.0,,,,,,,,,2025
2025-01-30,44917.56,44610.76,306.8,6720.0,0.9984871406959154,,,,,"KillSwitch already active (now=18:30, kill=16:31).",5.0,,,,,2025
2025-01-31,45061.86,44951.86,110.0,,,,,,,,,,,,,2025
2025-02-01,,,,,,,,Trading disabled for Saturday.,1.0,,,,,,,2025
2025-02-02,,,,,,,,Trading disabled for Sunday.,1.0,,,,,,,2025
2025-02-03,44043.66,43845.16,198.5,37903.0,0.9997500624843788,"Neutral trend, policy=BlockAll",160.0,,,"ClosePositionsTime already reached (now=21:20, close=20:50).",9.0,,,,,2025
2025-02-04,44424.26,44223.76,200.5,23674.0,0.9972862957937585,,,,,"KillSwitch already active (now=17:19, kill=16:31).",11.0,,,,,2025
2025-02-05,44588.46,44392.16,196.3,15982.0,0.9994977398292316,,,,,"KillSwitch already active (now=16:52, kill=16:31).",13.0,,,,,2025
2025-02-06,45049.96,44852.86,197.1,,,,,,,,,,,,,2025
2025-02-07,44812.35,44660.05,152.3,479.0,0.7609502598366742,,,,,,,,,,,2025
2025-02-08,,,,,,,,Trading disabled for Saturday.,1.0,,,,,,,2025
2025-02-09,,,,,,,,Trading disabled for Sunday.,1.0,,,,,,,2025
2025-02-10,44579.46,44354.96,224.5,47.0,0.6268656716417911,,,,,,,0.0,1.0,1.0,1.0,2025
2025-02-11,44409.46,44278.76,130.7,18503.0,1.0,,,,,"KillSwitch already active (now=18:33, kill=16:31).",15.0,,,,,2025
2025-02-12,44585.56,44125.56,460.0,,,,,,,,,,,,,2025
2025-02-13,44506.56,44227.06,279.5,8888.0,0.9993753903810119,,,,,"ClosePositionsTime already reached (now=21:42, close=20:50).",6.0,,,,,2025
2025-02-14,44706.76,44515.06,191.7,678.0,0.9960649286768322,"Neutral trend, policy=BlockAll",1.0,,,,,,,,,2025
2025-02-15,,,,,,,,Trading disabled for Saturday.,1.0,,,,,,,2025
2025-02-16,,,,,,,,Trading disabled for Sunday.,1.0,,,,,,,2025
2025-02-17,44639.16,44536.16,103.0,179.0,0.9815950920245399,,,,,"KillSwitch already active (now=17:32, kill=16:31).",4.0,,,,,2025
2025-02-18,44643.26,44465.26,178.0,,,,,,,,,,,,,2025
2025-02-19,44589.46,44407.66,181.8,1750.0,0.9994900560938297,,,,,"KillSwitch already active (now=20:32, kill=16:31).",3.0,,,,,2025
2025-02-20,44583.36,44457.86,125.5,,,,,,,,,,,,,2025
2025-02-21,44247.06,43899.96,347.1,,,,,,,,,,,,,2025
2025-02-22,,,,,,,,Trading disabled for Saturday.,1.0,,,,,,,2025
2025-02-23,,,,,,,,Trading disabled for Sunday.,1.0,,,,,,,2025
2025-02-24,43755.66,43537.06,218.6,,,,,,,,,,,,,2025
2025-02-25,43584.86,43321.26,263.6,18375.0,0.9993552546744037,,,,,existing open bot position found: ORBV_US30.cash_20250225 vo,10.0,1.0,1.0,1.0,1.0,2025
2025-02-26,43780.53,43653.43,127.1,7126.0,0.8430136076999668,,,,,,,,,,,2025
2025-02-27,43604.53,43338.03,266.5,24726.0,0.9983822509822048,"Neutral trend, policy=BlockAll",121.0,,,,,,,,,2025
2025-02-28,43468.36,43262.43,205.9,15111.0,0.8256880733944955,,,,,,,,,,,2025
2025-03-01,,,,,,,,Trading disabled for Saturday.,1.0,,,,,,,2025
2025-03-02,,,,,,,,Trading disabled for Sunday.,1.0,,,,,,,2025
2025-03-03,44022.56,43738.06,284.5,438.0,0.9692487349163099,"Neutral trend, policy=BlockAll",22.0,,,,,,,,,2025
2025-03-04,43272.56,42924.56,348.0,,,,,,,,,,,,,2025
2025-03-05,42862.56,42457.56,405.0,16637.0,1.0,,,,,"ClosePositionsTime already reached (now=23:27, close=20:50).",3.0,,,,,2025
2025-03-06,42890.56,42523.56,367.0,2521.0,0.8946236559139785,,,,,,,,,,,2025
2025-03-07,42849.14,42362.96,486.2,1208.0,0.7662733660347343,,,,,,,,,,,2025
2025-03-08,,,,,,,,Trading disabled for Saturday.,1.0,,,,,,,2025
2025-03-09,,,,,,,,Trading disabled for Sunday.,1.0,,,,,,,2025
2025-03-10,42625.26,42252.26,373.0,,,,,,,,,,,,,2025
2025-03-11,42075.76,41416.06,659.7,,,,,ORB range 659.7 pips >= max 500. Standing down.,1.0,,,,,,,2025
2025-03-12,41977.05,41222.36,754.7,,,,,ORB range 754.7 pips >= max 500. Standing down.,1.0,,,,,,,2025
2025-03-13,41386.21,41095.71,290.5,,,,,,,,,,,,,2025
2025-03-14,41245.81,40905.31,340.5,31975.0,0.9431137724550899,,,,,,,,,,,2025
2025-03-15,,,,,,,,Trading disabled for Saturday.,1.0,,,,,,,2025
2025-03-16,,,,,,,,Trading disabled for Sunday.,1.0,,,,,,,2025
2025-03-17,41762.11,41217.81,544.3,15852.0,0.999537251272559,,,ORB range 544.3 pips >= max 500. Standing down.,1.0,_noTradeToday=true (range/day filter).,13.0,,,,,2025
2025-03-18,41873.61,41575.71,297.9,,,,,,,,,,,,,2025
2025-03-19,41846.91,41540.11,306.8,18274.0,1.0,,,,,"KillSwitch already active (now=20:48, kill=16:31).",15.0,,,,,2025
2025-03-20,42200.81,41678.51,522.3,2794.0,0.7910717216477926,,,ORB range 522.3 pips >= max 500. Standing down.,1.0,,,,,,,2025
2025-03-21,41921.41,41417.81,503.6,5790.0,0.9984871406959154,,,ORB range 503.6 pips >= max 500. Standing down.,1.0,,,,,,,2025
2025-03-22,,,,,,,,Trading disabled for Saturday.,1.0,,,,,,,2025
2025-03-23,,,,,,,,Trading disabled for Sunday.,1.0,,,,,,,2025
2025-03-24,42546.41,42271.61,274.8,6676.0,0.9996952148735141,,,,,"KillSwitch already active (now=19:28, kill=16:31).",11.0,,,,,2025
2025-03-25,42698.71,42482.41,216.3,,,,,,,,,,,,,2025
2025-03-26,42825.41,42511.41,314.0,,,,,,,,,,,,,2025
2025-03-27,42561.11,42148.41,412.7,,,,,,,,,,,,,2025
2025-03-28,42303.31,41820.31,483.0,,,,,,,,,,,,,2025
2025-03-29,,,,,,,,Trading disabled for Saturday.,1.0,,,,,,,2025
2025-03-30,,,,,,,,Trading disabled for Sunday.,1.0,,,,,,,2025
2025-03-31,41491.01,41145.51,345.5,36618.0,0.9994256174612293,,,,,"KillSwitch already active (now=20:45, kill=16:31).",10.0,,,,,2025
2025-04-01,41977.91,41498.01,479.9,12586.0,0.9943502824858758,,,,,"ClosePositionsTime already reached (now=22:11, close=20:50).",6.0,,,,,2025
2025-04-02,41999.71,41603.71,396.0,35508.0,0.997184031803876,,,,,"KillSwitch already active (now=20:14, kill=16:31).",2.0,,,,,2025
2025-04-03,41250.41,40599.21,651.2,,,,,ORB range 651.2 pips >= max 500. Standing down.,1.0,,,,,,,2025
2025-04-04,40275.51,38935.01,1340.5,,,,,ORB range 1340.5 pips >= max 500. Standing down.,1.0,,,,,,,2025
2025-04-05,,,,,,,,Trading disabled for Saturday.,1.0,,,,,,,2025
2025-04-06,,,,,,,,Trading disabled for Sunday.,1.0,,,,,,,2025
2025-04-07,39212.1,36604.71,2607.4,,,,,ORB range 2607.4 pips >= max 500. Standing down.,1.0,,,,,,,2025
2025-04-08,39438.71,38573.91,864.8,,,,,ORB range 864.8 pips >= max 500. Standing down.,1.0,,,,,,,2025
2025-04-09,38021.51,36724.21,1297.3,28089.0,0.9997567501824373,,,ORB range 1297.3 pips >= max 500. Standing down.,1.0,_noTradeToday=true (range/day filter).,20.0,,,,,2025
2025-04-10,40269.41,39536.21,733.2,,,,,ORB range 733.2 pips >= max 500. Standing down.,1.0,,,,,,,2025
2025-04-11,39924.61,39256.41,668.2,27681.0,0.8022922636103152,,,ORB range 668.2 pips >= max 500. Standing down.,1.0,,,,,,,2025
2025-04-12,,,,,,,,Trading disabled for Saturday.,1.0,,,,,,,2025
2025-04-13,,,,,,,,Trading disabled for Sunday.,1.0,,,,,,,2025
2025-04-14,40771.71,40457.51,314.2,300.0,0.7266096226679759,,,,,,,,,,,2025
2025-04-15,40802.41,40330.61,471.8,,,,,,,,,,,,,2025
2025-04-16,40512.81,40002.31,510.5,,,,,ORB range 510.5 pips >= max 500. Standing down.,1.0,,,,,,,2025
2025-04-17,40044.91,39025.01,1019.9,,,,,ORB range 1019.9 pips >= max 500. Standing down.,1.0,,,,,,,2025
2025-04-19,,,,,,,,Trading disabled for Saturday.,1.0,,,,,,,2025
2025-04-20,,,,,,,,Trading disabled for Sunday.,1.0,,,,,,,2025
2025-04-21,38887.01,38373.41,513.6,,,,,ORB range 513.6 pips >= max 500. Standing down.,1.0,,,,,,,2025
2025-04-22,38871.11,38413.11,458.0,34760.0,1.0,,,,,existing open bot position found: ORBV_US30.cash_20250422 vo,14.0,2.0,1.0,1.0,3.0,2025
2025-04-23,40378.21,39738.41,639.8,,,,,ORB range 639.8 pips >= max 500. Standing down.,1.0,,,,,,,2025
2025-04-24,39828.71,39237.41,591.3,29316.0,1.0,,,ORB range 591.3 pips >= max 500. Standing down.,1.0,_noTradeToday=true (range/day filter).,8.0,,,,,2025
2025-04-25,40166.21,39699.51,466.7,1.0,0.1436265709156194,,,,,,,,,,,2025
2025-04-26,,,,,,,,Trading disabled for Saturday.,1.0,,,,,,,2025
2025-04-27,,,,,,,,Trading disabled for Sunday.,1.0,,,,,,,2025
2025-04-28,40419.11,39986.31,432.8,,,,,,,,,,,,,2025
2025-04-29,40466.71,40187.41,279.3,23315.0,0.9981740718198416,,,,,"KillSwitch already active (now=18:09, kill=16:31).",10.0,,,,,2025
2025-04-30,40615.01,39731.81,883.2,5645.0,0.998613037447989,,,ORB range 883.2 pips >= max 500. Standing down.,1.0,_noTradeToday=true (range/day filter).,11.0,,,,,2025
2025-05-01,41015.51,40755.31,260.2,3791.0,0.9537784299339691,,,,,,,,,,,2025
2025-05-02,41264.61,40855.31,409.3,22058.0,0.9989373007438895,,,,,existing open bot position found: ORBV_US30.cash_20250502 vo,2.0,1.0,1.0,1.0,2.0,2025
2025-05-03,,,,,,,,Trading disabled for Saturday.,1.0,,,,,,,2025
2025-05-04,,,,,,,,Trading disabled for Sunday.,1.0,,,,,,,2025
2025-05-05,41279.01,40999.61,279.4,21862.0,0.9989909182643795,,,,,"KillSwitch already active (now=16:33, kill=16:31).",3.0,,,,,2025
2025-05-06,41068.31,40748.91,319.4,6995.0,0.9994003597841296,"Neutral trend, policy=BlockAll",27.0,,,"ClosePositionsTime already reached (now=22:06, close=20:50).",9.0,,,,,2025
2025-05-07,41142.31,40945.31,197.0,5550.0,0.9811320754716981,,,,,,,,,,,2025
2025-05-08,41525.21,41165.01,360.2,23517.0,0.9991015274034142,,,,,"KillSwitch already active (now=19:21, kill=16:31).",1.0,1.0,1.0,1.0,1.0,2025
2025-05-09,41523.31,41266.61,256.7,,,,,,,,,,,,,2025
2025-05-10,,,,,,,,Trading disabled for Saturday.,1.0,,,,,,,2025
2025-05-11,,,,,,,,Trading disabled for Sunday.,1.0,,,,,,,2025
2025-05-12,42375.41,42005.41,370.0,4118.0,0.9981851179673321,,,,,"ClosePositionsTime already reached (now=22:16, close=20:50).",10.0,,,,,2025
2025-05-13,42381.51,42129.21,252.3,,,,,,,,,,,,,2025
2025-05-14,42257.61,42089.91,167.7,,,,,,,,,,,,,2025
2025-05-15,41978.41,41772.11,206.3,27758.0,0.997897151596253,,,,,"KillSwitch already active (now=20:44, kill=16:31).",12.0,,,,,2025
2025-05-16,42459.51,42230.61,228.9,13309.0,0.9987618654560462,,,,,"KillSwitch already active (now=17:17, kill=16:31).",4.0,,,,,2025
2025-05-17,,,,,,,,Trading disabled for Saturday.,1.0,,,,,,,2025
2025-05-18,,,,,,,,Trading disabled for Sunday.,1.0,,,,,,,2025
2025-05-19,42675.71,42235.91,439.8,16929.0,1.0,,,,,"KillSwitch already active (now=19:52, kill=16:31).",19.0,,,,,2025
2025-05-20,42814.81,42636.61,178.2,,,,,,,,,,,,,2025
2025-05-21,42508.31,42224.61,283.7,,,,,,,,,,,,,2025
2025-05-22,41933.11,41612.94,320.2,16922.0,0.9957003847024214,,,,,"KillSwitch already active (now=19:35, kill=16:31).",1.0,,,,,2025
2025-05-23,41942.11,41167.61,774.5,,,,,ORB range 774.5 pips >= max 500. Standing down.,1.0,,,,,,,2025
2025-05-24,,,,,,,,Trading disabled for Saturday.,1.0,,,,,,,2025
2025-05-25,,,,,,,,Trading disabled for Sunday.,1.0,,,,,,,2025
2025-05-26,42104.21,41999.91,104.3,,,,,,,,,,,,,2025
2025-05-27,42188.21,41874.41,313.8,15078.0,1.0,,,,,"KillSwitch already active (now=16:37, kill=16:31).",16.0,,,,,2025
2025-05-28,42446.01,42212.81,233.2,4145.0,0.9996140486298726,,,,,"ClosePositionsTime already reached (now=23:12, close=20:50).",4.0,,,,,2025
2025-05-29,42685.41,42054.21,631.2,,,,,ORB range 631.2 pips >= max 500. Standing down.,1.0,,,,,,,2025
2025-05-30,42279.31,41933.51,345.8,6139.0,0.9621578099838969,,,,,,,,,,,2025
2025-05-31,,,,,,,,Trading disabled for Saturday.,1.0,,,,,,,2025
2025-06-01,,,,,,,,Trading disabled for Sunday.,1.0,,,,,,,2025
2025-06-02,42161.41,41838.21,323.2,9717.0,0.9995159728944821,,,,,"KillSwitch already active (now=19:51, kill=16:31).",17.0,,,,,2025
2025-06-03,42367.11,42061.41,305.7,19459.0,0.9990269218293869,,,,,"KillSwitch already active (now=16:36, kill=16:31).",24.0,,,,,2025
2025-06-04,42648.71,42480.41,168.3,,,,,,,,,,,,,2025
2025-06-05,42670.11,42228.91,441.2,,,,,,,,,,,,,2025
2025-06-06,42930.21,42406.41,523.8,,,,,ORB range 523.8 pips >= max 500. Standing down.,1.0,,,,,,,2025
2025-06-07,,,,,,,,Trading disabled for Saturday.,1.0,,,,,,,2025
2025-06-08,,,,,,,,Trading disabled for Sunday.,1.0,,,,,,,2025
2025-06-09,42840.31,42610.61,229.7,5281.0,0.9976950938426079,,,,,"KillSwitch already active (now=19:52, kill=16:31).",1.0,,,,,2025
2025-06-10,42805.41,42644.11,161.3,14526.0,0.9996645420999664,,,,,"KillSwitch already active (now=17:14, kill=16:31).",27.0,1.0,1.0,1.0,1.0,2025
2025-06-11,43051.54,42717.31,334.2,2434.0,0.9973285841495994,,,,,"KillSwitch already active (now=17:45, kill=16:31).",1.0,,,,,2025
2025-06-12,42870.91,42557.11,313.8,16201.0,1.0,,,,,"KillSwitch already active (now=17:03, kill=16:31).",25.0,,,,,2025
2025-06-13,42597.61,42255.21,342.4,164.0,0.6597067969791204,,,,,,,,,,,2025
2025-06-14,,,,,,,,Trading disabled for Saturday.,1.0,,,,,,,2025
2025-06-15,,,,,,,,Trading disabled for Sunday.,1.0,,,,,,,2025
2025-06-16,42710.71,42302.91,407.8,,,,,,,,,,,,,2025
2025-06-17,42494.11,42204.21,289.9,727.0,0.8189464364763169,,,,,,,,,,,2025
2025-06-18,42485.71,42156.81,328.9,1725.0,0.7999009410599306,,,,,,,,,,,2025
2025-06-19,42046.31,41749.61,296.7,140.0,0.9246009906439187,,,,,,,,,,,2025
2025-06-20,42426.21,42040.91,385.3,,,,,,,,,,,,,2025
2025-06-21,,,,,,,,Trading disabled for Saturday.,1.0,,,,,,,2025
2025-06-22,,,,,,,,Trading disabled for Sunday.,1.0,,,,,,,2025
2025-06-23,42431.91,42070.21,361.7,14617.0,1.0,,,,,"KillSwitch already active (now=18:32, kill=16:31).",19.0,,,,,2025
2025-06-24,42987.51,42785.51,202.0,13248.0,1.0,,,,,"KillSwitch already active (now=17:23, kill=16:31).",21.0,,,,,2025
2025-06-25,43124.31,42993.91,130.4,,,,,,,,,,,,,2025
2025-06-26,43251.41,43044.01,207.4,15570.0,1.0,,,,,existing open bot position found: ORBV_US30.cash_20250626 vo,27.0,1.0,1.0,1.0,2.0,2025
2025-06-27,43737.91,43506.51,231.4,12795.0,1.0,,,,,"KillSwitch already active (now=17:25, kill=16:31).",10.0,,,,,2025
2025-06-28,,,,,,,,Trading disabled for Saturday.,1.0,,,,,,,2025
2025-06-29,,,,,,,,Trading disabled for Sunday.,1.0,,,,,,,2025
2025-06-30,44075.71,43920.71,155.0,1626.0,1.0,,,,,"KillSwitch already active (now=19:51, kill=16:31).",4.0,,,,,2025
2025-07-01,44331.71,43987.51,344.2,25649.0,0.9993634627625716,,,,,"KillSwitch already active (now=16:48, kill=16:31).",15.0,,1.0,,,2025
2025-07-02,44618.31,44339.41,278.9,,,,,,,,,,,,,2025
2025-07-03,44802.31,44457.31,345.0,7735.0,0.9987277353689569,,,,,"KillSwitch already active (now=16:55, kill=16:31).",2.0,,,,,2025
2025-07-04,44618.61,44500.21,118.4,156.0,0.9833333333333333,"Neutral trend, policy=BlockAll",44.0,,,,,,,,,2025
2025-07-05,,,,,,,,Trading disabled for Saturday.,1.0,,,,,,,2025
2025-07-06,,,,,,,,Trading disabled for Sunday.,1.0,,,,,,,2025
2025-07-07,44849.21,44613.31,235.9,,,,,,,,,,,,,2025
2025-07-08,44435.71,44242.21,193.5,,,,,,,,,,,,,2025
2025-07-09,44563.21,44256.01,307.2,,,,,,,,,,,,,2025
2025-07-10,44595.51,44318.41,277.1,15599.0,0.9959623149394347,,,,,"KillSwitch already active (now=17:06, kill=16:31).",15.0,,,,,2025
2025-07-11,44433.51,44258.91,174.6,,,,,,,,,,,,,2025
2025-07-12,,,,,,,,Trading disabled for Saturday.,1.0,,,,,,,2025
2025-07-13,,,,,,,,Trading disabled for Sunday.,1.0,,,,,,,2025
2025-07-14,44442.11,44154.11,288.0,1679.0,0.9942857142857143,,,,,"KillSwitch already active (now=18:31, kill=16:31).",3.0,,,,,2025
2025-07-15,44513.11,44241.21,271.9,,,,,,,,,,,,,2025
2025-07-16,44237.41,43965.41,272.0,775.0,0.9729305610043154,,,,,,,,,,,2025
2025-07-17,44479.01,44133.11,345.9,5910.0,0.9995240361732508,,,,,"KillSwitch already active (now=19:04, kill=16:31).",25.0,,,,,2025
2025-07-18,44607.11,44293.61,313.5,,,,,,,,,,,,,2025
2025-07-19,,,,,,,,Trading disabled for Saturday.,1.0,,,,,,,2025
2025-07-20,,,,,,,,Trading disabled for Sunday.,1.0,,,,,,,2025
2025-07-21,44528.51,44358.91,169.6,8289.0,0.9978070175438596,,,,,"KillSwitch already active (now=18:14, kill=16:31).",1.0,,,,,2025
2025-07-22,44465.31,44218.41,246.9,6276.0,1.0,,,,,"KillSwitch already active (now=17:29, kill=16:31).",17.0,,,,,2025
2025-07-23,44788.81,44611.21,177.6,16305.0,0.9996351696461144,"Neutral trend, policy=BlockAll",291.0,,,existing open bot position found: ORBV_US30.cash_20250723 vo,23.0,,1.0,1.0,,2025
2025-07-24,44929.61,44662.61,267.0,,,,,,,,,,,,,2025
2025-07-25,44801.41,44634.51,166.9,9327.0,0.9990662931839402,,,,,"KillSwitch already active (now=18:03, kill=16:31).",9.0,,,,,2025
2025-07-26,,,,,,,,Trading disabled for Saturday.,1.0,,,,,,,2025
2025-07-27,,,,,,,,Trading disabled for Sunday.,1.0,,,,,,,2025
2025-07-28,45031.31,44783.31,248.0,,,,,,,,,,,,,2025
2025-07-29,44947.11,44758.51,188.6,,,,,,,,,,,,,2025
2025-07-30,44736.91,44561.81,175.1,38.0,0.9254947613504074,,,,,"KillSwitch already active (now=18:36, kill=16:31).",1.0,,,,,2025
2025-07-31,44682.01,44428.51,253.5,,,,,,,,,,,,,2025
2025-08-01,43882.91,43315.71,567.2,,,,,ORB range 567.2 pips >= max 500. Standing down.,1.0,,,,,,,2025
2025-08-02,,,,,,,,Trading disabled for Saturday.,1.0,,,,,,,2025
2025-08-03,,,,,,,,Trading disabled for Sunday.,1.0,,,,,,,2025
2025-08-04,44034.51,43754.61,279.9,19234.0,0.998452012383901,,,,,"KillSwitch already active (now=17:49, kill=16:31).",17.0,,1.0,1.0,,2025
2025-08-05,44295.81,44005.91,289.9,,,,,,,,,,,,,2025
2025-08-06,44356.51,44007.01,349.5,,,,,,,,,,,,,2025
2025-08-07,44501.41,44040.91,460.5,,,,,,,,,,,,,2025
2025-08-08,44277.81,44011.31,266.5,,,,,,,,,,,,,2025
2025-08-09,,,,,,,,Trading disabled for Saturday.,1.0,,,,,,,2025
2025-08-10,,,,,,,,Trading disabled for Sunday.,1.0,,,,,,,2025
2025-08-11,44316.41,44062.41,254.0,,,,,,,,,,,,,2025
2025-08-12,44444.21,43948.91,495.3,8198.0,1.0,,,,,"KillSwitch already active (now=18:03, kill=16:31).",26.0,,,,,2025
2025-08-13,44892.11,44503.11,389.0,4240.0,1.0,,,,,"KillSwitch already active (now=19:22, kill=16:31).",17.0,,,,,2025
2025-08-14,44972.41,44706.31,266.1,2179.0,1.0,,,,,"ClosePositionsTime already reached (now=22:06, close=20:50).",7.0,,,,,2025
2025-08-15,45270.31,44893.61,376.7,,,,,,,,,,,,,2025
2025-08-16,,,,,,,,Trading disabled for Saturday.,1.0,,,,,,,2025
2025-08-17,,,,,,,,Trading disabled for Sunday.,1.0,,,,,,,2025
2025-08-18,44998.31,44821.91,176.4,,,,,,,,,,,,,2025
2025-08-19,45186.61,44759.21,427.4,738.0,0.790284574950154,,,,,,,,,,,2025
2025-08-20,45048.21,44779.71,268.5,,,,,,,,,,,,,2025
2025-08-21,44888.81,44566.11,322.7,52.0,0.634451590474535,,,,,,,,,,,2025
2025-08-22,45559.91,44833.11,726.8,26807.0,0.9992283950617284,,,ORB range 726.8 pips >= max 500. Standing down.,1.0,_noTradeToday=true (range/day filter).,9.0,,,,,2025
2025-08-23,,,,,,,,Trading disabled for Saturday.,1.0,,,,,,,2025
2025-08-24,,,,,,,,Trading disabled for Sunday.,1.0,,,,,,,2025
2025-08-25,45579.61,45407.61,172.0,,,,,,,,,,,,,2025
2025-08-26,45317.31,45157.91,159.4,5734.0,0.9997608227696723,,,,,"KillSwitch already active (now=18:31, kill=16:31).",19.0,,,,,2025
2025-08-27,45560.61,45379.21,181.4,5941.0,0.9990059642147118,,,,,"KillSwitch already active (now=17:33, kill=16:31).",10.0,,,,,2025
2025-08-28,45730.51,45459.81,270.7,,,,,,,,,,,,,2025
2025-08-29,45609.41,45383.21,226.2,,,,,,,,,,,,,2025
2025-08-30,,,,,,,,Trading disabled for Saturday.,1.0,,,,,,,2025
2025-08-31,,,,,,,,Trading disabled for Sunday.,1.0,,,,,,,2025
2025-09-01,45629.51,45470.11,159.4,,,,,,,,,,,,,2025
2025-09-02,45379.31,44934.41,444.9,,,,,,,,,,,,,2025
2025-09-03,45317.01,45069.91,247.1,,,,,,,,,,,,,2025
2025-09-04,45354.11,45167.61,186.5,19329.0,1.0,,,,,"KillSwitch already active (now=16:41, kill=16:31).",18.0,2.0,1.0,1.0,2.0,2025
2025-09-05,45772.51,45352.01,420.5,,,,,,,,,,,,,2025
2025-09-06,,,,,,,,Trading disabled for Saturday.,1.0,,,,,,,2025
2025-09-07,,,,,,,,Trading disabled for Sunday.,1.0,,,,,,,2025
2025-09-08,45521.91,45275.71,246.2,1492.0,1.0,,,,,"KillSwitch already active (now=19:56, kill=16:31).",12.0,,,,,2025
2025-09-09,45598.81,45466.11,132.7,14644.0,0.99967958987504,,,,,"KillSwitch already active (now=18:11, kill=16:31).",9.0,,,,,2025
2025-09-10,45796.04,45584.71,211.3,,,,,,,,,,,,,2025
2025-09-11,46011.41,45501.17,510.2,20430.0,0.999333777481679,,,ORB range 510.2 pips >= max 500. Standing down.,1.0,_noTradeToday=true (range/day filter).,19.0,,,,,2025
2025-09-12,46074.91,45948.41,126.5,,,,,,,,,,,,,2025
2025-09-13,,,,,,,,Trading disabled for Saturday.,1.0,,,,,,,2025
2025-09-14,,,,,,,,Trading disabled for Sunday.,1.0,,,,,,,2025
2025-09-15,45945.81,45800.81,145.0,1268.0,0.759713479487736,,,,,,,,,,,2025
2025-09-16,45964.21,45655.81,308.4,,,,,,,,,,,,,2025
2025-09-17,46080.31,45718.51,361.8,5789.0,0.998389694041868,,,,,"KillSwitch already active (now=18:01, kill=16:31).",21.0,,,,,2025
2025-09-18,46365.81,45943.11,422.7,,,,,,,,,,,,,2025
2025-09-19,46337.31,46103.61,233.7,973.0,0.9965635738831615,,,,,"KillSwitch already active (now=19:51, kill=16:31).",2.0,,,,,2025
2025-09-20,,,,,,,,Trading disabled for Saturday.,1.0,,,,,,,2025
2025-09-21,,,,,,,,Trading disabled for Sunday.,1.0,,,,,,,2025
2025-09-22,46239.41,46023.81,215.6,17923.0,0.9972299168975068,,,,,"KillSwitch already active (now=19:40, kill=16:31).",18.0,1.0,1.0,1.0,1.0,2025
2025-09-23,46724.41,46380.91,343.5,,,,,,,,,,,,,2025
2025-09-24,46461.41,46288.51,172.9,,,,,,,,,,,,,2025
2025-09-25,46173.71,45881.21,292.5,,,,,,,,,,,,,2025
2025-09-26,46360.51,45994.91,365.6,,,,,,,,,,,,,2025
2025-09-27,,,,,,,,Trading disabled for Saturday.,1.0,,,,,,,2025
2025-09-28,,,,,,,,Trading disabled for Sunday.,1.0,,,,,,,2025
2025-09-29,46484.21,46170.11,314.1,,,,,,,,,,,,,2025
2025-09-30,46376.8,46160.31,216.5,1066.0,0.9974184463740905,,,,,"KillSwitch already active (now=19:56, kill=16:31).",1.0,,,,,2025
2025-10-01,46444.21,46071.91,372.3,8308.0,0.9883555808009088,,,,,"KillSwitch already active (now=19:51, kill=16:31).",1.0,,,,,2025
2025-10-02,46583.81,46330.91,252.9,75.0,0.6035767511177348,,,,,,,,,,,2025
2025-10-03,46923.31,46567.91,355.4,9287.0,0.9982083439979524,,,,,"KillSwitch already active (now=17:02, kill=16:31).",3.0,,1.0,1.0,,2025
2025-10-04,,,,,,,,Trading disabled for Saturday.,1.0,,,,,,,2025
2025-10-05,,,,,,,,Trading disabled for Sunday.,1.0,,,,,,,2025
2025-10-06,46881.31,46422.61,458.7,,,,,,,,,,,,,2025
2025-10-07,46875.41,46546.31,329.1,,,,,,,,,,,,,2025
2025-10-08,46757.91,46504.71,253.2,3324.0,0.9907120743034057,,,,,,,,,,,2025
2025-10-09,46686.91,46405.41,281.5,,,,,,,,,,,,,2025
2025-10-10,46643.21,46351.61,291.6,,,,,,,,,,,,,2025
2025-10-11,,,,,,,,Trading disabled for Saturday.,1.0,,,,,,,2025
2025-10-12,,,,,,,,Trading disabled for Sunday.,1.0,,,,,,,2025
2025-10-13,46037.51,45779.51,258.0,17559.0,1.0,,,,,existing open bot position found: ORBV_US30.cash_20251013 vo,14.0,0.0,1.0,1.0,1.0,2025
2025-10-14,45935.71,45452.21,483.5,33509.0,0.998389694041868,,,,,"KillSwitch already active (now=19:39, kill=16:31).",9.0,,,,,2025
2025-10-15,46705.41,46408.11,297.3,,,,,,,,,,,,,2025
2025-10-16,46489.61,46237.41,252.2,,,,,,,,,,,,,2025
2025-10-17,46220.01,45441.21,778.8,7611.0,0.9984399375975039,,,ORB range 778.8 pips >= max 500. Standing down.,1.0,_noTradeToday=true (range/day filter).,2.0,,,,,2025
2025-10-18,,,,,,,,Trading disabled for Saturday.,1.0,,,,,,,2025
2025-10-19,,,,,,,,Trading disabled for Sunday.,1.0,,,,,,,2025
2025-10-20,46520.71,46219.31,301.4,19641.0,1.0,,,,,"KillSwitch already active (now=18:13, kill=16:31).",16.0,2.0,1.0,1.0,2.0,2025
2025-10-21,46937.81,46617.91,319.9,22426.0,0.9993293091884642,,,,,"KillSwitch already active (now=18:22, kill=16:31).",16.0,,,,,2025
2025-10-22,46969.91,46785.81,184.1,,,,,,,,,,,,,2025
2025-10-23,46721.61,46456.81,264.8,7866.0,1.0,,,,,"KillSwitch already active (now=18:17, kill=16:31).",13.0,,,,,2025
2025-10-24,47177.51,46715.71,461.8,15767.0,0.9977827050997782,,,,,"KillSwitch already active (now=19:37, kill=16:31).",4.0,,,,,2025
2025-10-25,,,,,,,,Trading disabled for Saturday.,1.0,,,,,,,2025
2025-10-26,,,,,,,,Trading disabled for Sunday.,1.0,,,,,,,2025
2025-10-27,47528.71,47369.01,159.7,2583.0,1.0,,,,,"KillSwitch already active (now=19:47, kill=16:31).",18.0,,,,,2025
2025-10-28,47915.91,47512.51,403.4,1119.0,0.9408,,,,,,,,,,,2025
2025-10-29,48042.41,47566.01,476.4,,,,,,,,,,,,,2025
2025-10-30,47910.81,47392.51,518.3,5950.0,0.7774508285581538,,,ORB range 518.3 pips >= max 500. Standing down.,1.0,,,,,,,2025
2025-10-31,47660.11,47473.31,186.8,1998.0,0.8905967450271248,,,,,,,,,,,2025
2025-11-01,,,,,,,,Trading disabled for Saturday.,1.0,,,,,,,2025
2025-11-02,,,,,,,,Trading disabled for Sunday.,1.0,,,,,,,2025
2025-11-03,47687.01,47515.71,171.3,,,,,,,,,,,,,2025
2025-11-04,47092.11,46845.61,246.5,18737.0,0.9966024915062288,,,,,"ClosePositionsTime already reached (now=23:13, close=20:50).",3.0,,,,,2025
2025-11-05,47184.41,47016.41,168.0,21274.0,1.0,,,,,"KillSwitch already active (now=20:31, kill=16:31).",12.0,,,,,2025
2025-11-06,47384.91,47188.61,196.3,,,,,,,,,,,,,2025
2025-11-07,47044.21,46740.91,303.3,432.0,0.9807355516637478,,,,,,,,,,,2025
2025-11-08,,,,,,,,Trading disabled for Saturday.,1.0,,,,,,,2025
2025-11-09,,,,,,,,Trading disabled for Sunday.,1.0,,,,,,,2025
2025-11-10,47211.91,47041.21,170.7,13649.0,0.9995414947271893,,,,,existing open bot position found: ORBV_US30.cash_20251110 vo,26.0,1.0,1.0,1.0,1.0,2025
2025-11-11,47428.81,47318.81,110.0,30206.0,0.9997890740350137,,,,,existing open bot position found: ORBV_US30.cash_20251111 vo,14.0,,,,,2025
2025-11-12,48065.31,47962.91,102.4,35458.0,0.9993247805536799,,,,,existing open bot position found: ORBV_US30.cash_20251112 vo,19.0,4.0,1.0,1.0,4.0,2025
2025-11-13,48373.11,48110.91,262.2,,,,,,,,,,,,,2025
2025-11-14,47454.81,47060.31,394.5,,,,,,,,,,,,,2025
2025-11-15,,,,,,,,Trading disabled for Saturday.,1.0,,,,,,,2025
2025-11-16,,,,,,,,Trading disabled for Sunday.,1.0,,,,,,,2025
2025-11-17,47291.11,47028.41,262.7,,,,,,,,,,,,,2025
2025-11-18,46535.91,46141.91,394.0,,,,,,,,,,,,,2025
2025-11-19,46223.81,46049.11,174.7,4239.0,0.9705488621151271,,,,,,,,,,,2025
2025-11-20,46634.41,46304.41,330.0,12556.0,0.9997596731554914,,,,,existing open bot position found: ORBV_US30.cash_20251120 vo,5.0,1.0,1.0,1.0,1.0,2025
2025-11-21,46090.71,45752.21,338.5,41017.0,0.9085510688836105,,,,,,,,,,,2025
2025-11-22,,,,,,,,Trading disabled for Saturday.,1.0,,,,,,,2025
2025-11-23,,,,,,,,Trading disabled for Sunday.,1.0,,,,,,,2025
2025-11-24,46438.31,46156.01,282.3,26554.0,0.9994776249347032,,,,,"KillSwitch already active (now=17:41, kill=16:31).",16.0,,,,,2025
2025-11-25,46549.21,46344.91,204.3,38118.0,1.0,,,,,existing open bot position found: ORBV_US30.cash_20251125 vo,18.0,3.0,1.0,1.0,3.0,2025
2025-11-26,47255.91,47116.01,139.9,30379.0,1.0,,,,,existing open bot position found: ORBV_US30.cash_20251126 vo,26.0,1.0,1.0,1.0,1.0,2025
2025-11-27,47463.51,47381.51,82.0,216.0,0.9954751131221719,,,,,"ClosePositionsTime already reached (now=23:22, close=20:50).",7.0,,,,,2025
2025-11-28,47541.71,47461.21,80.5,12022.0,0.9996711608023676,"Neutral trend, policy=BlockAll",47.0,,,MaxTradesPerDay reached (1/1).,3.0,0.0,1.0,1.0,1.0,2025
2025-11-29,,,,,,,,Trading disabled for Saturday.,1.0,,,,,,,2025
2025-11-30,,,,,,,,Trading disabled for Sunday.,1.0,,,,,,,2025
2025-12-01,47539.41,47388.81,150.6,4151.0,0.9923356192012909,,,,,"KillSwitch already active (now=18:40, kill=16:31).",1.0,,,,,2025
2025-12-02,47442.21,47203.01,239.2,19032.0,1.0,,,,,"KillSwitch already active (now=19:58, kill=16:31).",11.0,,,,,2025
2025-12-03,47616.61,47369.71,246.9,26257.0,0.9988214496169712,,,,,"KillSwitch already active (now=19:51, kill=16:31).",13.0,,1.0,,,2025
2025-12-04,47954.71,47884.51,70.2,349.0,0.9987893462469735,Bearish trend blocks LONG,536.0,,,,,,,,,2025
2025-12-05,47927.51,47759.51,168.0,26052.0,1.0,"Neutral trend, policy=BlockAll",448.0,,,"KillSwitch already active (now=18:23, kill=16:31).",1.0,,1.0,1.0,,2025
2025-12-06,,,,,,,,Trading disabled for Saturday.,1.0,,,,,,,2025
2025-12-07,,,,,,,,Trading disabled for Sunday.,1.0,,,,,,,2025
2025-12-08,48006.21,47921.81,84.4,,,,,,,,,,,,,2025
2025-12-09,47813.81,47672.01,141.8,15990.0,0.9992542878448919,Bearish trend blocks LONG,513.0,,,,,,,,,2025
2025-12-10,47611.81,47472.31,139.5,42035.0,0.9993217273343884,,,,,"KillSwitch already active (now=17:56, kill=16:31).",16.0,,,,,2025
2025-12-11,48145.91,47829.91,316.0,43022.0,0.9996988858777476,,,,,existing open bot position found: ORBV_US30.cash_20251211 vo,17.0,4.0,1.0,1.0,4.0,2025
2025-12-12,48877.28,48756.01,121.3,,,,,,,,,,,,,2025
2025-12-13,,,,,,,,Trading disabled for Saturday.,1.0,,,,,,,2025
2025-12-14,,,,,,,,Trading disabled for Sunday.,1.0,,,,,,,2025
2025-12-15,48719.73,48562.41,157.3,,,,,,,,,,,,,2025
2025-12-16,48516.51,48271.01,245.5,,,,,,,,,,,,,2025
2025-12-17,48264.81,48093.81,171.0,8989.0,0.999540088916143,"Neutral trend, policy=BlockAll",950.0,,,,,,,,,2025
2025-12-18,48170.31,47848.31,322.0,15881.0,0.9996622762580208,,,,,existing open bot position found: ORBV_US30.cash_20251218 vo,5.0,,1.0,1.0,,2025
2025-12-19,48074.31,47897.91,176.4,32592.0,0.999732691793638,,,,,existing open bot position found: ORBV_US30.cash_20251219 vo,11.0,,1.0,1.0,,2025
2025-12-20,,,,,,,,Trading disabled for Saturday.,1.0,,,,,,,2025
2025-12-21,,,,,,,,Trading disabled for Sunday.,1.0,,,,,,,2025
2025-12-22,48228.51,48123.21,105.3,25461.0,0.9983361064891847,"Neutral trend, policy=BlockAll",627.0,,,"KillSwitch already active (now=17:51, kill=16:31).",10.0,,,,,2025
2025-12-23,48402.93,48206.11,196.8,13438.0,0.9987515605493135,,,,,"KillSwitch already active (now=17:22, kill=16:31).",16.0,,,,,2025
2025-12-24,48458.03,48391.53,66.5,11983.0,0.9995577178239717,,,,,MaxTradesPerDay reached (1/1).,11.0,,1.0,1.0,,2025
2025-12-26,48708.73,48613.68,95.1,3934.0,0.9981515711645101,"Neutral trend, policy=BlockAll",105.0,,,"ClosePositionsTime already reached (now=20:58, close=20:50).",1.0,,,,,2025
2025-12-27,,,,,,,,Trading disabled for Saturday.,1.0,,,,,,,2025
2025-12-28,,,,,,,,Trading disabled for Sunday.,1.0,,,,,,,2025
2025-12-29,48735.1,48539.01,196.1,,,,,,,,,,,,,2025
2025-12-30,48491.7,48419.65,72.0,,,,,,,,,,,,,2025
2025-12-31,48398.41,48284.8,113.6,,,,,,,,,,,,,2025
2026-01-02,48293.71,48142.71,151.0,8137.0,0.9972941631233089,,,,,"ClosePositionsTime already reached (now=20:51, close=20:50).",2.0,,,,,2026
2026-01-03,,,,,,,,Trading disabled for Saturday.,1.0,,,,,,,2026
2026-01-04,,,,,,,,Trading disabled for Sunday.,1.0,,,,,,,2026
2026-01-05,48486.21,48319.21,167.0,37007.0,0.9986648865153538,,,,,existing open bot position found: ORBV_US30.cash_20260105 vo,14.0,3.0,1.0,1.0,3.0,2026
2026-01-06,48979.2,48843.01,136.2,31196.0,0.9997382884061763,"Neutral trend, policy=BlockAll",406.0,,,"KillSwitch already active (now=20:01, kill=16:31).",12.0,,,,,2026
2026-01-07,49570.01,49468.2,101.8,146.0,0.9965635738831614,,,,,existing open bot position found: ORBV_US30.cash_20260107 vo,2.0,0.0,,1.0,1.0,2026
2026-01-08,48909.61,48763.51,146.1,35668.0,0.9990393852065321,Bearish trend blocks LONG,474.0,,,"KillSwitch already active (now=18:18, kill=16:31).",17.0,,,,,2026
2026-01-09,49450.11,49226.71,223.4,18119.0,0.9962994591517221,,,,,"KillSwitch already active (now=18:41, kill=16:31).",8.0,,,,,2026
2026-01-10,,,,,,,,Trading disabled for Saturday.,1.0,,,,,,,2026
2026-01-11,,,,,,,,Trading disabled for Sunday.,1.0,,,,,,,2026
2026-01-12,49292.71,49071.21,221.5,21333.0,0.9988649262202043,,,,,"KillSwitch already active (now=17:46, kill=16:31).",12.0,,,,,2026
2026-01-13,49686.91,49460.41,226.5,,,,,,,,,,,,,2026
2026-01-14,49132.0,48998.81,133.2,2780.0,0.997864492331586,"Neutral trend, policy=BlockAll",181.0,,,"ClosePositionsTime already reached (now=21:00, close=20:50).",1.0,,,,,2026
2026-01-15,49301.71,49080.71,221.0,28336.0,0.9991843393148451,,,,,existing open bot position found: ORBV_US30.cash_20260115 vo,18.0,,1.0,1.0,,2026
2026-01-16,49543.11,49412.01,131.1,107.0,0.8380024360535931,Bearish trend blocks LONG,199.0,,,,,,,,,2026
2026-01-17,,,,,,,,Trading disabled for Saturday.,1.0,,,,,,,2026
2026-01-18,,,,,,,,Trading disabled for Sunday.,1.0,,,,,,,2026
2026-01-19,49059.01,48858.01,201.0,,,,,,,,,,,,,2026
2026-01-20,48775.21,48496.21,279.0,12742.0,0.8121374386434628,,,,,,,,,,,2026
2026-01-21,48647.91,48312.91,335.0,53213.0,0.9998447446048749,"Neutral trend, policy=BlockAll",17.0,,,"KillSwitch already active (now=19:28, kill=16:31).",10.0,,,,,2026
2026-01-22,49361.41,49144.41,217.0,32706.0,0.9996064541519087,,,,,existing open bot position found: ORBV_US30.cash_20260122 vo,8.0,2.0,1.0,1.0,2.0,2026
2026-01-23,49405.91,49110.51,295.4,,,,,,,,,,,,,2026
2026-01-24,,,,,,,,Trading disabled for Saturday.,1.0,,,,,,,2026
2026-01-25,,,,,,,,Trading disabled for Sunday.,1.0,,,,,,,2026
2026-01-26,49188.71,49001.71,187.0,30814.0,1.0,,,,,existing open bot position found: ORBV_US30.cash_20260126 vo,13.0,1.0,1.0,1.0,1.0,2026
2026-01-27,49411.81,49028.31,383.5,,,,,,,,,,,,,2026
2026-01-28,49065.11,48939.71,125.4,1302.0,0.9996733093760208,"Neutral trend, policy=BlockAll",413.0,,,"KillSwitch already active (now=19:31, kill=16:31).",2.0,,,,,2026
2026-01-29,49285.01,48947.51,337.5,60.0,0.5493412875963212,,,,,,,,,,,2026
2026-01-30,48951.01,48565.01,386.0,1961.0,0.999742334449884,,,,,existing open bot position found: ORBV_US30.cash_20260130 vo,4.0,1.0,1.0,1.0,2.0,2026
2026-01-31,,,,,,,,Trading disabled for Saturday.,1.0,,,,,,,2026
2026-02-01,,,,,,,,Trading disabled for Sunday.,1.0,,,,,,,2026
2026-02-02,48917.61,48522.11,395.5,37297.0,0.999057492931197,,,,,existing open bot position found: ORBV_US30.cash_20260202 vo,17.0,1.0,1.0,1.0,1.0,2026
2026-02-03,49479.75,49284.81,194.9,6763.0,0.9985422740524782,Bearish trend blocks LONG,893.0,,,,,,,,,2026
2026-02-04,49457.21,49287.21,170.0,44440.0,1.0,"Neutral trend, policy=BlockAll",1002.0,,,"KillSwitch already active (now=19:49, kill=16:31).",11.0,,,,,2026
2026-02-05,49592.31,49230.31,362.0,,,,,,,,,,,,,2026
2026-02-06,49236.41,48829.41,407.0,48524.0,0.9997696383321815,,,,,existing open bot position found: ORBV_US30.cash_20260206 vo,17.0,3.0,1.0,1.0,3.0,2026
2026-02-07,,,,,,,,Trading disabled for Saturday.,1.0,,,,,,,2026
2026-02-08,,,,,,,,Trading disabled for Sunday.,1.0,,,,,,,2026
2026-02-09,50240.31,49980.81,259.5,,,,,,,,,,,,,2026
2026-02-10,50217.31,50013.31,204.0,27757.0,0.999598016883291,,,,,existing open bot position found: ORBV_US30.cash_20260210 vo,14.0,1.0,1.0,1.0,1.0,2026
2026-02-11,50464.21,50182.21,282.0,232.0,0.997270245677889,,,,,MaxTradesPerDay reached (1/1).,1.0,,,,,2026
2026-02-12,50324.01,50199.61,124.4,7686.0,0.9990281827016521,,,,,MaxTradesPerDay reached (1/1).,4.0,,,,,2026
2026-02-13,49513.29,49223.81,289.5,31157.0,0.9996914532551681,,,,,"KillSwitch already active (now=19:31, kill=16:31).",1.0,,,,,2026
2026-02-14,,,,,,,,Trading disabled for Saturday.,1.0,,,,,,,2026
2026-02-15,,,,,,,,Trading disabled for Sunday.,1.0,,,,,,,2026
2026-02-16,49749.55,49606.91,142.6,,,,,,,,,,,,,2026
2026-02-17,49528.31,49268.81,259.5,29222.0,0.999657651489216,,,,,existing open bot position found: ORBV_US30.cash_20260217 vo,7.0,,1.0,1.0,,2026
2026-02-18,49805.2,49555.51,249.7,15960.0,0.8562064727570668,,,,,,,,,,,2026
2026-02-19,49715.61,49446.01,269.6,,,,,,,,,,,,,2026
2026-02-20,49548.35,49232.11,316.2,12916.0,0.9978809477942593,,,,,"KillSwitch already active (now=20:31, kill=16:31).",2.0,,,,,2026
2026-02-21,,,,,,,,Trading disabled for Saturday.,1.0,,,,,,,2026
2026-02-22,,,,,,,,Trading disabled for Sunday.,1.0,,,,,,,2026
2026-02-23,49538.9,49337.21,201.7,1133.0,0.9995217599234816,,,,,existing open bot position found: ORBV_US30.cash_20260223 vo,4.0,1.0,1.0,1.0,1.0,2026
2026-02-24,48969.61,48772.11,197.5,34285.0,0.9993355481727575,"Neutral trend, policy=BlockAll",231.0,,,"KillSwitch already active (now=18:04, kill=16:31).",9.0,,,,,2026
2026-02-25,49444.41,49171.65,272.8,9712.0,0.9989943010392223,,,,,"KillSwitch already active (now=19:03, kill=16:31).",10.0,,,,,2026
2026-02-26,49709.61,49360.11,349.5,1535.0,0.9980430528375733,,,,,MaxTradesPerDay reached (1/1).,4.0,,1.0,1.0,,2026
2026-02-27,49359.4,48889.71,469.7,,,,,,,,,,,,,2026
2026-02-28,,,,,,,,Trading disabled for Saturday.,1.0,,,,,,,2026
2026-03-01,,,,,,,,Trading disabled for Sunday.,1.0,,,,,,,2026
2026-03-02,48526.31,48110.81,415.5,52992.0,1.0,Bearish trend blocks LONG,170.0,,,"KillSwitch already active (now=16:36, kill=16:31).",10.0,,,,,2026
2026-03-03,48380.21,47891.21,489.0,28039.0,0.9995361781076068,,,,,"KillSwitch already active (now=19:38, kill=16:31).",10.0,,,,,2026
2026-03-04,48699.11,48284.11,415.0,37724.0,0.999000999000999,,,,,"KillSwitch already active (now=20:09, kill=16:31).",11.0,,,,,2026
2026-03-05,48827.41,48304.91,522.5,,,,,ORB range 522.5 pips >= max 500. Standing down.,1.0,,,,,,,2026
2026-03-06,48063.01,47245.51,817.5,,,,,ORB range 817.5 pips >= max 500. Standing down.,1.0,,,,,,,2026
2026-03-07,,,,,,,,Trading disabled for Saturday.,1.0,,,,,,,2026
2026-03-08,,,,,,,,Trading disabled for Sunday.,1.0,,,,,,,2026
2026-03-09,47132.41,46610.1,522.3,29416.0,0.9998305371970853,,,ORB range 522.3 pips >= max 500. Standing down.,1.0,_noTradeToday=true (range/day filter).,16.0,,,,,2026
2026-03-10,47947.21,47430.9,516.3,22865.0,0.9950617283950617,,,ORB range 516.3 pips >= max 500. Standing down.,1.0,,,,,,,2026
2026-03-11,47837.81,47278.5,559.3,,,,,ORB range 559.3 pips >= max 500. Standing down.,1.0,,,,,,,2026
2026-03-12,47214.41,46729.6,484.8,,,,,,,,,,,,,2026
2026-03-13,47122.2,46420.01,702.2,,,,,ORB range 702.2 pips >= max 500. Standing down.,1.0,,,,,,,2026
2026-03-14,,,,,,,,Trading disabled for Saturday.,1.0,,,,,,,2026
2026-03-15,,,,,,,,Trading disabled for Sunday.,1.0,,,,,,,2026
2026-03-16,47189.5,46575.31,614.2,,,,,ORB range 614.2 pips >= max 500. Standing down.,1.0,,,,,,,2026
2026-03-17,47429.5,46737.81,691.7,,,,,ORB range 691.7 pips >= max 500. Standing down.,1.0,,,,,,,2026
2026-03-18,47297.01,46534.2,762.8,,,,,ORB range 762.8 pips >= max 500. Standing down.,1.0,,,,,,,2026
2026-03-19,46268.21,45740.4,527.8,,,,,ORB range 527.8 pips >= max 500. Standing down.,1.0,,,,,,,2026
2026-03-20,46175.71,45693.9,481.8,,,,,,,,,,,,,2026
2026-03-21,,,,,,,,Trading disabled for Saturday.,1.0,,,,,,,2026
2026-03-22,,,,,,,,Trading disabled for Sunday.,1.0,,,,,,,2026
2026-03-23,46911.81,45176.81,1735.0,,,,,ORB range 1735.0 pips >= max 500. Standing down.,1.0,,,,,,,2026
2026-03-24,46354.91,45757.6,597.3,11486.0,0.9989275317910219,,,ORB range 597.3 pips >= max 500. Standing down.,1.0,_noTradeToday=true (range/day filter).,11.0,,,,,2026
2026-03-25,46750.6,46323.1,427.5,,,,,,,,,,,,,2026
2026-03-26,46532.0,45986.31,545.7,131.0,0.7505938242280285,,,ORB range 545.7 pips >= max 500. Standing down.,1.0,,,,,,,2026
2026-03-27,46120.81,45429.5,691.3,,,,,ORB range 691.3 pips >= max 500. Standing down.,1.0,,,,,,,2026
2026-03-28,,,,,,,,Trading disabled for Saturday.,1.0,,,,,,,2026
2026-03-29,,,,,,,,Trading disabled for Sunday.,1.0,,,,,,,2026
2026-03-30,45669.41,45285.6,383.8,,,,,,,,,,,,,2026
2026-03-31,45886.7,45478.51,408.2,38525.0,0.9997585124366095,,,,,"KillSwitch already active (now=16:40, kill=16:31).",20.0,,,,,2026
2026-04-01,46843.11,46459.11,384.0,,,,,,,,,,,,,2026
2026-04-02,46207.4,45842.71,364.7,45205.0,0.9997895179962113,"Neutral trend, policy=BlockAll",207.0,,,"KillSwitch already active (now=19:51, kill=16:31).",17.0,,,,,2026
2026-04-04,,,,,,,,Trading disabled for Saturday.,1.0,,,,,,,2026
2026-04-05,,,,,,,,Trading disabled for Sunday.,1.0,,,,,,,2026
2026-04-06,46691.6,46335.6,356.0,2739.0,0.995850622406639,,,,,"KillSwitch already active (now=20:24, kill=16:31).",10.0,,,,,2026
2026-04-07,46812.51,46227.2,585.3,9041.0,0.9997456118036122,,,ORB range 585.3 pips >= max 500. Standing down.,1.0,_noTradeToday=true (range/day filter).,12.0,,,,,2026
2026-04-08,48040.1,47618.41,421.7,,,,,,,,,,,,,2026
2026-04-09,47872.5,47672.31,200.2,30024.0,1.0,,,,,existing open bot position found: ORBV_US30.cash_20260409 vo,18.0,,1.0,,,2026
2026-04-10,48285.8,47934.2,351.6,,,,,,,,,,,,,2026
2026-04-11,,,,,,,,Trading disabled for Saturday.,1.0,,,,,,,2026
2026-04-12,,,,,,,,Trading disabled for Sunday.,1.0,,,,,,,2026
2026-04-13,47777.51,47407.01,370.5,17200.0,0.9997382884061763,"Neutral trend, policy=BlockAll",4.0,,,"KillSwitch already active (now=16:34, kill=16:31).",29.0,2.0,1.0,1.0,3.0,2026
2026-04-14,48495.85,48134.21,361.6,15667.0,0.9992505620784411,,,,,"KillSwitch already active (now=17:55, kill=16:31).",11.0,,,,,2026
2026-04-15,48701.5,48353.0,348.5,,,,,,,,,,,,,2026
2026-04-16,48672.0,48331.05,340.9,57.0,0.9677419354838709,,,,,"ClosePositionsTime already reached (now=23:22, close=20:50).",3.0,,,,,2026
2026-04-17,49557.35,48709.31,848.0,13278.0,0.9998471181776486,,,ORB range 848.0 pips >= max 500. Standing down.,1.0,_noTradeToday=true (range/day filter).,4.0,,,,,2026
2026-04-18,,,,,,,,Trading disabled for Saturday.,1.0,,,,,,,2026
2026-04-19,,,,,,,,Trading disabled for Sunday.,1.0,,,,,,,2026
2026-04-20,49482.4,49044.21,438.2,890.0,1.0,,,,,"KillSwitch already active (now=20:35, kill=16:31).",9.0,,,,,2026
2026-04-21,49847.0,49484.31,362.7,,,,,,,,,,,,,2026
2026-04-22,49623.15,49314.41,308.7,,,,,,,,,,,,,2026
2026-04-23,49491.0,49076.81,414.2,1209.0,0.775378337017514,,,,,,,,,,,2026
2026-04-24,49428.21,49073.4,354.8,,,,,,,,,,,,,2026
2026-04-25,,,,,,,,Trading disabled for Saturday.,1.0,,,,,,,2026
2026-04-26,,,,,,,,Trading disabled for Sunday.,1.0,,,,,,,2026
2026-04-27,49362.8,49104.11,258.7,,,,,,,,,,,,,2026
2026-04-28,49390.61,49081.75,308.9,,,,,,,,,,,,,2026
2026-04-29,49232.21,48845.4,386.8,,,,,,,,,,,,,2026
2026-04-30,49433.15,48609.01,824.1,24378.0,0.9993217273343884,,,ORB range 824.1 pips >= max 500. Standing down.,1.0,_noTradeToday=true (range/day filter).,22.0,,,,,2026
2026-05-01,49990.9,49714.45,276.5,,,,,,,,,,,,,2026
2026-05-02,,,,,,,,Trading disabled for Saturday.,1.0,,,,,,,2026
2026-05-03,,,,,,,,Trading disabled for Sunday.,1.0,,,,,,,2026
2026-05-04,49457.71,49099.11,358.6,,,,,,,,,,,,,2026
2026-05-05,49257.7,49000.1,257.6,9196.0,1.0,,,,,"KillSwitch already active (now=19:27, kill=16:31).",14.0,,,,,2026
2026-05-06,49951.71,49394.71,557.0,4184.0,0.997957397140356,,,ORB range 557.0 pips >= max 500. Standing down.,1.0,_noTradeToday=true (range/day filter).,2.0,,,,,2026
2026-05-07,50122.5,49705.5,417.0,,,,,,,,,,,,,2026
2026-05-08,49857.41,49628.05,229.4,,,,,,,,,,,,,2026
2026-05-09,,,,,,,,Trading disabled for Saturday.,1.0,,,,,,,2026
2026-05-10,,,,,,,,Trading disabled for Sunday.,1.0,,,,,,,2026
2026-05-11,49716.8,49466.3,250.5,2117.0,0.9696969696969697,,,,,"ClosePositionsTime already reached (now=22:06, close=20:50).",7.0,,,,,2026
2026-05-12,49736.5,49301.0,435.5,9745.0,0.9981343283582089,,,,,"KillSwitch already active (now=19:56, kill=16:31).",11.0,,,,,2026
2026-05-13,49787.45,49445.9,341.5,1001.0,0.9972299168975068,,,,,"KillSwitch already active (now=20:38, kill=16:31).",10.0,,,,,2026
2026-05-14,50175.71,49808.31,367.4,884.0,0.7753846153846153,,,,,,,,,,,2026
2026-05-15,49886.51,49516.2,370.3,,,,,,,,,,,,,2026
2026-05-16,,,,,,,,Trading disabled for Saturday.,1.0,,,,,,,2026
2026-05-17,,,,,,,,Trading disabled for Sunday.,1.0,,,,,,,2026
2026-05-18,49767.9,49118.21,649.7,,,,,ORB range 649.7 pips >= max 500. Standing down.,1.0,,,,,,,2026
2026-05-19,49752.41,49237.5,514.9,,,,,ORB range 514.9 pips >= max 500. Standing down.,1.0,,,,,,,2026
2026-05-20,49628.51,49228.7,399.8,41334.0,0.9997268505872712,"Neutral trend, policy=BlockAll",1.0,,,existing open bot position found: ORBV_US30.cash_20260520 vo,14.0,,1.0,1.0,,2026
2026-05-21,50195.31,49688.9,506.4,19462.0,0.9985504912224191,,,ORB range 506.4 pips >= max 500. Standing down.,1.0,_noTradeToday=true (range/day filter).,18.0,,,,,2026
2026-05-22,50786.41,50366.1,420.3,829.0,0.877527661198016,,,,,"KillSwitch already active (now=17:30, kill=16:31).",1.0,,,,,2026
2026-05-23,,,,,,,,Trading disabled for Saturday.,1.0,,,,,,,2026
2026-05-24,,,,,,,,Trading disabled for Sunday.,1.0,,,,,,,2026
2026-05-25,51105.91,50960.15,145.8,89.0,0.8065208065208065,"Neutral trend, policy=BlockAll",159.0,,,,,,,,,2026
2026-05-26,50889.8,50548.35,341.5,,,,,,,,,,,,,2026
2026-05-27,50804.2,50440.2,364.0,392.0,0.7019617111793902,,,,,,,,,,,2026
2026-05-28,50787.7,50323.2,464.5,,,,,,,,,,,,,2026
2026-05-29,50910.5,50666.8,243.7,23827.0,1.0,,,,,MaxTradesPerDay reached (1/1).,16.0,,1.0,1.0,,2026
2026-05-30,,,,,,,,Trading disabled for Saturday.,1.0,,,,,,,2026
2026-05-31,,,,,,,,Trading disabled for Sunday.,1.0,,,,,,,2026
2026-06-01,51321.5,50796.5,525.0,,,,,ORB range 525.0 pips >= max 500. Standing down.,1.0,,,,,,,2026
2026-06-02,51250.8,50783.11,467.7,8975.0,0.9995800083998321,,,,,"KillSwitch already active (now=18:13, kill=16:31).",13.0,,,,,2026
2026-06-03,51223.4,50864.4,359.0,,,,,,,,,,,,,2026
2026-06-04,51503.1,50818.15,684.9,20332.0,1.0,,,ORB range 684.9 pips >= max 500. Standing down.,1.0,_noTradeToday=true (range/day filter).,13.0,,,,,2026
2026-06-05,51736.11,51340.7,395.4,,,,,,,,,,,,,2026
2026-06-06,,,,,,,,Trading disabled for Saturday.,1.0,,,,,,,2026
2026-06-07,,,,,,,,Trading disabled for Sunday.,1.0,,,,,,,2026
2026-06-08,51276.2,50682.61,593.6,,,,,ORB range 593.6 pips >= max 500. Standing down.,1.0,,,,,,,2026
2026-06-09,51264.9,50793.21,471.7,,,,,,,,,,,,,2026
2026-06-10,50772.1,50261.41,510.7,,,,,ORB range 510.7 pips >= max 500. Standing down.,1.0,,,,,,,2026
2026-06-11,50397.2,50072.46,324.7,30645.0,0.9996463515265827,,,,,"KillSwitch already active (now=17:30, kill=16:31).",14.0,,,,,2026
2026-06-12,51312.76,50822.5,490.3,4614.0,0.975254730713246,,,,,,,,,,,2026
2026-06-13,,,,,,,,Trading disabled for Saturday.,1.0,,,,,,,2026
2026-06-14,,,,,,,,Trading disabled for Sunday.,1.0,,,,,,,2026
2026-06-15,51884.6,51585.56,299.0,8091.0,0.9435421500386698,,,,,,,,,,,2026
2026-06-16,52105.7,51702.7,403.0,10024.0,0.9532828282828283,,,,,,,,,,,2026
2026-06-17,52277.35,51940.16,337.2,,,,,,,,,,,,,2026
2026-06-18,51940.3,51567.8,372.5,,,,,,,,,,,,,2026
2026-06-19,51588.6,51379.36,209.2,,,,,,,,,,,,,2026
2026-06-20,,,,,,,,Trading disabled for Saturday.,1.0,,,,,,,2026
2026-06-21,,,,,,,,Trading disabled for Sunday.,1.0,,,,,,,2026
2026-06-22,51897.95,51509.86,388.1,,,,,,,,,,,,,2026
2026-06-23,51804.35,51289.56,514.8,7949.0,0.9971126082771896,,,ORB range 514.8 pips >= max 500. Standing down.,1.0,_noTradeToday=true (range/day filter).,1.0,,,,,2026
2026-06-24,51918.4,51538.26,380.1,24603.0,0.9989806320081549,,,,,"KillSwitch already active (now=17:18, kill=16:31).",5.0,,,,,2026
2026-06-25,52628.7,51879.3,749.4,1947.0,0.7264681478749885,,,ORB range 749.4 pips >= max 500. Standing down.,1.0,,,,,,,2026
2026-06-26,52036.86,51589.9,447.0,6459.0,0.9022722258989632,,,,,,,,,,,2026
2026-06-27,,,,,,,,Trading disabled for Saturday.,1.0,,,,,,,2026
2026-06-28,,,,,,,,Trading disabled for Sunday.,1.0,,,,,,,2026
2026-06-29,52290.4,51929.9,360.5,74.0,0.3135498320268757,,,,,,,,,,,2026
2026-06-30,52330.5,52001.5,329.0,8307.0,0.9967020886771712,,,,,"KillSwitch already active (now=17:29, kill=16:31).",2.0,,,,,2026
2026-07-01,52436.05,52014.1,422.0,12796.0,0.9970089730807578,,,,,"KillSwitch already active (now=16:54, kill=16:31).",2.0,,,,,2026
2026-07-02,52798.5,52255.06,543.4,3180.0,0.9983498349834983,,,ORB range 543.4 pips >= max 500. Standing down.,1.0,_noTradeToday=true (range/day filter).,15.0,,,,,2026
2026-07-03,52891.8,52741.85,150.0,288.0,0.8996539792387543,,,,,,,,,,,2026
2026-07-04,,,,,,,,Trading disabled for Saturday.,1.0,,,,,,,2026
2026-07-05,,,,,,,,Trading disabled for Sunday.,1.0,,,,,,,2026
2026-07-06,53054.15,52634.15,420.0,1431.0,0.9905660377358491,,,,,"KillSwitch already active (now=20:00, kill=16:31).",11.0,,,,,2026
2026-07-07,53333.26,52928.95,404.3,,,,,,,,,,,,,2026
2026-07-08,52716.45,52176.36,540.1,,,,,ORB range 540.1 pips >= max 500. Standing down.,1.0,,,,,,,2026
2026-07-09,52465.76,52219.26,246.5,14101.0,0.9996599795987758,,,,,"KillSwitch already active (now=17:07, kill=16:31).",5.0,,,,,2026
2026-07-10,52673.26,52425.9,247.4,2060.0,0.9934065934065934,,,,,"KillSwitch already active (now=19:04, kill=16:31).",3.0,,,,,2026
2026-07-11,,,,,,,,Trading disabled for Saturday.,1.0,,,,,,,2026
2026-07-12,,,,,,,,Trading disabled for Sunday.,1.0,,,,,,,2026
2026-07-13,52847.9,52531.96,315.9,,,,,,,,,,,,,2026
2026-07-14,52653.35,52004.66,648.7,88.0,0.41966082207530897,,,ORB range 648.7 pips >= max 500. Standing down.,1.0,,,,,,,2026
2026-07-15,52840.45,52495.46,345.0,,,,,,,,,,,,,2026
2026-07-16,52835.95,52590.8,245.1,299.0,0.7206005004170142,,,,,,,,,,,2026
2026-07-17,52599.65,51932.45,667.2,,,,,ORB range 667.2 pips >= max 500. Standing down.,1.0,,,,,,,2026
2026-07-18,,,,,,,,Trading disabled for Saturday.,1.0,,,,,,,2026
2026-07-19,,,,,,,,Trading disabled for Sunday.,1.0,,,,,,,2026
2026-07-20,52416.25,51990.3,425.9,,,,,,,,,,,,,2026
2026-07-21,52185.35,51876.85,308.5,15168.0,1.0,,,,,"KillSwitch already active (now=17:40, kill=16:31).",17.0,,,,,2026
2026-07-22,52505.8,52053.06,452.7,,,,,,,,,,,,,2026
2026-07-23,52123.76,51526.95,596.8,,,,,ORB range 596.8 pips >= max 500. Standing down.,1.0,,,,,,,2026
2026-07-24,52004.45,51716.45,288.0,10806.0,0.9991235758106924,,,,,"KillSwitch already active (now=16:32, kill=16:31).",2.0,,,,,2026
2026-07-25,,,,,,,,Trading disabled for Saturday.,1.0,,,,,,,2026
2026-07-26,,,,,,,,Trading disabled for Sunday.,1.0,,,,,,,2026
2026-07-27,52607.15,52235.15,372.0,,,,,,,,,,,,,2026
2026-07-28,52723.66,52229.76,493.9,26505.0,0.9995764506565015,,,,,"KillSwitch already active (now=20:01, kill=16:31).",8.0,,,,,2026
2026-07-29,52836.16,51917.3,918.9,,,,,ORB range 918.9 pips >= max 500. Standing down.,1.0,,,,,,,2026
2026-07-30,51976.95,51623.76,353.2,21693.0,1.0,,,,,"KillSwitch already active (now=17:01, kill=16:31).",22.0,,,,,2026
2026-07-31,52596.5,51979.05,617.4,1152.0,0.8984277514349888,,,ORB range 617.4 pips >= max 500. Standing down.,1.0,,,,,,,2026
2026-08-01,,,,,,,,Trading disabled for Saturday.,1.0,,,,,,,2026
2026-08-02,,,,,,,,Trading disabled for Sunday.,1.0,,,,,,,2026
2026-08-03,53243.55,52784.96,458.6,998.0,0.9941520467836257,,,,,"KillSwitch already active (now=20:42, kill=16:31).",16.0,,,,,2026
2026-08-04,53973.85,53168.76,805.1,25129.0,0.9997976118194697,,,ORB range 805.1 pips >= max 500. Standing down.,1.0,_noTradeToday=true (range/day filter).,23.0,,,,,2026
2026-08-05,54743.7,54222.56,521.1,,,,,ORB range 521.1 pips >= max 500. Standing down.,1.0,,,,,,,2026
2026-08-06,54544.0,54222.05,321.9,,,,,,,,,,,,,2026
2026-08-07,54086.86,53795.05,291.8,,,,,,,,,,,,,2026
2026-08-08,,,,,,,,Trading disabled for Saturday.,1.0,,,,,,,2026
2026-08-09,,,,,,,,Trading disabled for Sunday.,1.0,,,,,,,2026
2026-08-10,54033.95,53850.45,183.5,359.0,0.6641408513483397,,,,,,,,,,,2026
2026-08-11,54230.3,53865.3,365.0,,,,,,,,,,,,,2026
2026-08-12,53984.86,53743.5,241.4,,,,,,,,,,,,,2026
2026-08-13,54051.4,53809.4,242.0,,,,,,,,,,,,,2026
