date,entry_utc,range_width,entry,exit,reason,R,peak_R,clock,dst,year
2023-11-22,2023-11-22 14:35:00,109.20000000000437,35234.9,35209.15,SL,-0.5,0.5650485436892921,as-is,winter (EST),2023
2023-11-23,2023-11-23 16:25:00,61.0,35331.5,35328.8,KILL,-0.0524271844659629,0.09126213592227359,as-is,winter (EST),2023
2023-12-11,2023-12-11 14:35:00,59.0,36304.5,36253.0,SL,-1.0,0.04660194174760107,as-is,winter (EST),2023
2023-12-21,2023-12-21 14:35:00,169.70000000000437,37414.1,37362.6,SL,-1.0,0.0,as-is,winter (EST),2023
2023-12-22,2023-12-22 14:35:00,132.39999999999418,37500.9,37505.4,SL,0.08737864077669903,1.0427184466018853,as-is,winter (EST),2023
2024-01-10,2024-01-10 14:35:00,84.79999999999563,37659.1,37607.6,SL,-1.0,0.2932038834951174,as-is,winter (EST),2024
2024-01-22,2024-01-22 14:35:00,111.5,38062.6,38067.1,SL,0.08737864077669903,0.8233009708738147,as-is,winter (EST),2024
2024-01-26,2024-01-26 14:35:00,164.5,38104.4,38108.9,SL,0.08737864077669903,0.6504854368932039,as-is,winter (EST),2024
2024-01-29,2024-01-29 14:35:00,73.69999999999709,38146.4,38150.9,SL,0.08737864077669903,0.6213592233009708,as-is,winter (EST),2024
2024-02-06,2024-02-06 14:35:00,127.19999999999709,38497.3,38501.8,SL,0.08737864077669903,1.1262135922330097,as-is,winter (EST),2024
2024-02-07,2024-02-07 14:35:00,196.70000000000437,38683.4,38631.9,SL,-1.0,0.0,as-is,winter (EST),2024
2024-02-12,2024-02-12 14:35:00,59.0,38692.9,38697.4,SL,0.08737864077669903,0.7281553398058253,as-is,winter (EST),2024
2024-02-20,2024-02-20 14:35:00,128.79999999999563,38608.6,38613.1,SL,0.08737864077669903,0.6796116504854369,as-is,winter (EST),2024
2024-02-26,2024-02-26 14:35:00,109.5,39217.2,39221.7,SL,0.08737864077669903,0.9902912621359223,as-is,winter (EST),2024
2024-03-07,2024-03-07 14:35:00,338.8000000000029,38870.7,38819.2,SL,-1.0,0.4019417475729003,as-is,winter (EST),2024
2024-05-16,2024-05-16 16:00:00,120.0,40003.1,39981.3,KILL,-0.42330097087370167,0.13980582524280322,as-is,summer (EDT),2024
2024-05-27,2024-05-27 14:50:00,49.30000000000291,39083.9,39104.4,KILL,0.39805825242718446,0.6155339805824678,as-is,summer (EDT),2024
2024-06-17,2024-06-17 16:25:00,168.5,38712.0,38715.5,KILL,0.06796116504854369,0.27766990291267785,as-is,summer (EDT),2024
2024-08-19,2024-08-19 14:50:00,205.0,40899.6,40848.1,SL,-1.0,0.04854368932038835,as-is,summer (EDT),2024
2024-09-27,2024-09-27 15:50:00,418.8000000000029,42584.9,42533.4,SL,-1.0,0.1553398058252427,as-is,summer (EDT),2024
2024-11-05,2024-11-05 14:35:00,89.30000000000291,41903.2,41851.7,SL,-1.0,0.0,as-is,winter (EST),2024
2024-11-11,2024-11-11 14:35:00,142.0,44459.5,44464.0,SL,0.08737864077669903,0.6699029126213593,as-is,winter (EST),2024
2024-11-22,2024-11-22 14:35:00,235.0,44046.9,44149.9,SL,2.0,3.295145631067905,as-is,winter (EST),2024
2024-11-25,2024-11-25 14:35:00,183.0,44800.6,44749.1,SL,-1.0,0.2621359223300971,as-is,winter (EST),2024
2024-11-27,2024-11-27 14:35:00,150.0,44969.6,44974.1,SL,0.08737864077669903,0.7572815533980582,as-is,winter (EST),2024
2024-11-28,2024-11-28 15:00:00,71.29999999999563,44838.9,44843.4,SL,0.08737864077669903,0.6019417475728155,as-is,winter (EST),2024
2024-12-04,2024-12-04 14:35:00,160.5,45020.6,44969.1,SL,-1.0,0.33980582524271846,as-is,winter (EST),2024
2024-12-06,2024-12-06 14:35:00,173.59999999999854,44900.0,44848.5,SL,-1.0,0.0,as-is,winter (EST),2024
2024-12-19,2024-12-19 14:35:00,292.5,42690.7,42639.2,SL,-1.0,0.0,as-is,winter (EST),2024
2024-12-20,2024-12-20 14:35:00,258.8000000000029,42361.1,42309.6,SL,-1.0,0.0,as-is,winter (EST),2024
2024-12-26,2024-12-26 16:25:00,212.6999999999971,43201.2,43222.7,KILL,0.4174757281553398,0.5533980582524272,as-is,winter (EST),2024
2025-01-03,2025-01-03 14:35:00,161.79999999999563,42596.2,42544.7,SL,-1.0,0.0,as-is,winter (EST),2025
2025-01-07,2025-01-07 14:35:00,227.20000000000437,42820.7,42769.2,SL,-1.0,0.0,as-is,winter (EST),2025
2025-01-13,2025-01-13 14:35:00,188.0,41853.0,41956.0,SL,2.0,3.5242718446601944,as-is,winter (EST),2025
2025-01-23,2025-01-23 14:35:00,115.80000000000291,44168.9,44173.4,SL,0.08737864077669903,0.6116504854368932,as-is,winter (EST),2025
2025-01-27,2025-01-27 14:35:00,325.29999999999563,44292.1,44240.6,SL,-1.0,0.0,as-is,winter (EST),2025
2025-01-29,2025-01-29 14:35:00,122.5,44873.8,44822.3,SL,-1.0,0.0,as-is,winter (EST),2025
2025-02-03,2025-02-03 14:35:00,199.29999999999563,44030.0,43978.5,SL,-1.0,0.0,as-is,winter (EST),2025
2025-02-05,2025-02-05 14:35:00,196.0,44551.4,44499.9,SL,-1.0,0.39805825242718446,as-is,winter (EST),2025
2025-02-25,2025-02-25 14:35:00,262.0,43659.0,43607.5,SL,-1.0,0.0,as-is,winter (EST),2025
2025-02-27,2025-02-27 14:35:00,266.0,43637.1,43585.6,SL,-1.0,0.0,as-is,winter (EST),2025
2025-04-22,2025-04-22 16:00:00,460.5,39153.1,39157.6,SL,0.08737864077669903,0.9514563106796117,as-is,summer (EDT),2025
2025-05-02,2025-05-02 16:00:00,409.5,41321.4,41325.9,SL,0.08737864077669903,0.9378640776698182,as-is,summer (EDT),2025
2025-07-23,2025-07-23 15:55:00,177.29999999999563,44886.9,44891.4,SL,0.08737864077669903,1.3786407766990292,as-is,summer (EDT),2025
2025-11-10,2025-11-10 14:35:00,170.8000000000029,47310.8,47259.3,SL,-1.0,0.0,as-is,winter (EST),2025
2025-11-11,2025-11-11 14:35:00,109.09999999999854,47467.8,47416.3,SL,-1.0,0.3766990291261006,as-is,winter (EST),2025
2025-11-12,2025-11-12 14:35:00,101.69999999999709,48297.8,48349.3,SL,1.0,2.5223300970872655,as-is,winter (EST),2025
2025-11-26,2025-11-26 14:35:00,144.6999999999971,47323.3,47327.8,SL,0.08737864077669903,1.1669902912621077,as-is,winter (EST),2025
2025-12-05,2025-12-05 14:35:00,167.09999999999854,47932.0,47936.5,SL,0.08737864077669903,1.361165048543661,as-is,winter (EST),2025
2025-12-09,2025-12-09 14:35:00,137.8000000000029,47811.0,47815.5,SL,0.08737864077669903,0.8504854368932604,as-is,winter (EST),2025
2025-12-24,2025-12-24 14:35:00,66.30000000000291,48455.2,48689.2,KILL,4.543689320388349,4.576699029126298,as-is,winter (EST),2025
2025-12-26,2025-12-26 14:35:00,95.10000000000582,48719.4,48723.9,SL,0.08737864077669903,0.6252427184465454,as-is,winter (EST),2025
2026-01-08,2026-01-08 14:35:00,145.90000000000146,48903.9,48908.4,SL,0.08737864077669903,1.256310679611594,as-is,winter (EST),2026
2026-01-15,2026-01-15 14:35:00,219.90000000000146,49357.3,49305.8,SL,-1.0,0.0,as-is,winter (EST),2026
2026-01-22,2026-01-22 14:35:00,215.60000000000582,49546.8,49495.3,SL,-1.0,0.0,as-is,winter (EST),2026
2026-01-26,2026-01-26 14:35:00,187.29999999999563,49256.0,49260.5,SL,0.08737864077669903,0.6815533980582241,as-is,winter (EST),2026
2026-02-10,2026-02-10 14:35:00,203.5,50306.1,50409.1,SL,2.0,3.8737864077669903,as-is,winter (EST),2026
2026-02-26,2026-02-26 14:35:00,350.8000000000029,49765.5,49714.0,SL,-1.0,0.0,as-is,winter (EST),2026
2023-07-10,2023-07-10 13:35:00,142.59999999999854,33828.7,33880.2,SL,1.0,2.702912621359308,dst_open,summer (EDT),2023
2023-07-11,2023-07-11 13:35:00,214.60000000000582,34102.8,34051.3,SL,-1.0,0.0,dst_open,summer (EDT),2023
2023-07-18,2023-07-18 13:35:00,86.19999999999709,34658.0,34969.3,KILL,6.0446601941748135,6.566990291262079,dst_open,summer (EDT),2023
2023-07-19,2023-07-19 13:35:00,109.10000000000582,35121.5,35173.0,SL,1.0,2.7242718446602505,dst_open,summer (EDT),2023
2023-07-20,2023-07-20 13:35:00,95.69999999999709,35238.2,35242.7,SL,0.08737864077669903,1.4427184466019982,dst_open,summer (EDT),2023
2023-07-24,2023-07-24 13:35:00,85.59999999999854,35343.0,35347.5,SL,0.08737864077669903,0.8951456310679329,dst_open,summer (EDT),2023
2023-07-26,2023-07-26 13:35:00,124.19999999999709,35481.2,35429.7,SL,-1.0,0.1708737864078235,dst_open,summer (EDT),2023
2023-08-01,2023-08-01 13:35:00,96.0,35665.6,35670.1,SL,0.08737864077669903,0.9611650485436893,dst_open,summer (EDT),2023
2023-08-07,2023-08-07 13:35:00,133.90000000000146,35344.7,35392.8,KILL,0.9339805825243849,1.7398058252428314,dst_open,summer (EDT),2023
2023-08-16,2023-08-16 13:35:00,163.90000000000146,35085.5,35090.0,SL,0.08737864077669903,1.1941747572815533,dst_open,summer (EDT),2023
2023-08-25,2023-08-25 13:35:00,131.1999999999971,34281.9,34230.4,SL,-1.0,0.06990291262133097,dst_open,summer (EDT),2023
2023-08-28,2023-08-28 13:35:00,128.0,34608.8,34613.3,SL,0.08737864077669903,1.163106796116392,dst_open,summer (EDT),2023
2023-08-30,2023-08-30 13:35:00,115.0,34949.3,34953.8,SL,0.08737864077669903,1.7999999999999434,dst_open,summer (EDT),2023
2023-09-11,2023-09-11 13:35:00,120.40000000000146,34746.6,34695.1,SL,-1.0,0.16699029126210765,dst_open,summer (EDT),2023
2023-09-13,2023-09-13 13:35:00,137.79999999999563,34712.1,34716.6,SL,0.08737864077669903,0.714563106796173,dst_open,summer (EDT),2023
2023-10-09,2023-10-09 13:35:00,150.89999999999418,33377.5,33326.0,SL,-1.0,0.23883495145636718,dst_open,summer (EDT),2023
2023-10-24,2023-10-24 13:35:00,171.0,33177.7,33126.2,SL,-1.0,0.0,dst_open,summer (EDT),2023
2023-10-30,2023-10-30 13:35:00,127.30000000000291,32672.0,32676.5,SL,0.08737864077669903,1.0543689320388208,dst_open,summer (EDT),2023
2023-11-02,2023-11-02 13:35:00,229.3000000000029,33547.3,33495.8,SL,-1.0,0.0,dst_open,summer (EDT),2023
2023-11-22,2023-11-22 14:35:00,109.20000000000437,35234.9,35209.15,SL,-0.5,0.5650485436892921,dst_open,winter (EST),2023
2023-11-23,2023-11-23 16:25:00,61.0,35331.5,35328.8,KILL,-0.0524271844659629,0.09126213592227359,dst_open,winter (EST),2023
2023-12-11,2023-12-11 14:35:00,59.0,36304.5,36253.0,SL,-1.0,0.04660194174760107,dst_open,winter (EST),2023
2023-12-21,2023-12-21 14:35:00,169.70000000000437,37414.1,37362.6,SL,-1.0,0.0,dst_open,winter (EST),2023
2023-12-22,2023-12-22 14:35:00,132.39999999999418,37500.9,37505.4,SL,0.08737864077669903,1.0427184466018853,dst_open,winter (EST),2023
2024-01-10,2024-01-10 14:35:00,84.79999999999563,37659.1,37607.6,SL,-1.0,0.2932038834951174,dst_open,winter (EST),2024
2024-01-22,2024-01-22 14:35:00,111.5,38062.6,38067.1,SL,0.08737864077669903,0.8233009708738147,dst_open,winter (EST),2024
2024-01-26,2024-01-26 14:35:00,164.5,38104.4,38108.9,SL,0.08737864077669903,0.6504854368932039,dst_open,winter (EST),2024
2024-01-29,2024-01-29 14:35:00,73.69999999999709,38146.4,38150.9,SL,0.08737864077669903,0.6213592233009708,dst_open,winter (EST),2024
2024-02-06,2024-02-06 14:35:00,127.19999999999709,38497.3,38501.8,SL,0.08737864077669903,1.1262135922330097,dst_open,winter (EST),2024
2024-02-07,2024-02-07 14:35:00,196.70000000000437,38683.4,38631.9,SL,-1.0,0.0,dst_open,winter (EST),2024
2024-02-12,2024-02-12 14:35:00,59.0,38692.9,38697.4,SL,0.08737864077669903,0.7281553398058253,dst_open,winter (EST),2024
2024-02-20,2024-02-20 14:35:00,128.79999999999563,38608.6,38613.1,SL,0.08737864077669903,0.6796116504854369,dst_open,winter (EST),2024
2024-02-26,2024-02-26 14:35:00,109.5,39217.2,39221.7,SL,0.08737864077669903,0.9902912621359223,dst_open,winter (EST),2024
2024-03-07,2024-03-07 14:35:00,338.8000000000029,38870.7,38819.2,SL,-1.0,0.4019417475729003,dst_open,winter (EST),2024
2024-03-19,2024-03-19 13:35:00,147.0,38862.2,39010.9,KILL,2.8873786407767836,3.3106796116504853,dst_open,summer (EDT),2024
2024-03-21,2024-03-21 13:35:00,98.0,39751.0,39755.5,SL,0.08737864077669903,0.7087378640776699,dst_open,summer (EDT),2024
2024-03-27,2024-03-27 13:35:00,101.69999999999709,39582.9,39557.15,SL,-0.5,0.588349514563022,dst_open,summer (EDT),2024
2024-04-15,2024-04-15 13:35:00,296.0,38339.8,38344.3,SL,0.08737864077669903,0.6407766990291263,dst_open,summer (EDT),2024
2024-04-19,2024-04-19 13:35:00,277.0,37886.5,37891.0,SL,0.08737864077669903,1.1553398058252426,dst_open,summer (EDT),2024
2024-04-29,2024-04-29 13:35:00,65.5,38353.5,38302.0,SL,-1.0,0.24271844660194175,dst_open,summer (EDT),2024
2024-05-01,2024-05-01 13:35:00,138.5,37888.4,37836.9,SL,-1.0,0.0,dst_open,summer (EDT),2024
2024-05-09,2024-05-09 13:40:00,76.80000000000291,39046.3,39245.8,KILL,3.8737864077669903,4.401941747572759,dst_open,summer (EDT),2024
2024-05-10,2024-05-10 13:35:00,82.5,39579.7,39528.2,SL,-1.0,0.09320388349520214,dst_open,summer (EDT),2024
2024-05-24,2024-05-24 13:35:00,74.30000000000291,39156.6,39105.1,SL,-1.0,0.07766990291262135,dst_open,summer (EDT),2024
2024-05-27,2024-05-27 14:50:00,43.5,39083.9,39089.9,KILL,0.11650485436893204,0.24271844660194175,dst_open,summer (EDT),2024
2024-05-31,2024-05-31 13:35:00,196.5,38265.6,38214.1,SL,-1.0,0.32038834951456313,dst_open,summer (EDT),2024
2024-06-04,2024-06-04 14:00:00,191.1999999999971,38620.2,38624.7,SL,0.08737864077669903,1.1650485436893203,dst_open,summer (EDT),2024
2024-06-18,2024-06-18 13:35:00,96.20000000000437,38905.1,38909.6,SL,0.08737864077669903,1.0388349514563107,dst_open,summer (EDT),2024
2024-06-27,2024-06-27 13:35:00,71.0,39137.1,39141.6,SL,0.08737864077669903,1.2815533980582525,dst_open,summer (EDT),2024
2024-06-28,2024-06-28 13:35:00,112.5,39347.2,39295.7,SL,-1.0,0.0,dst_open,summer (EDT),2024
2024-07-01,2024-07-01 13:35:00,94.0,39347.6,39399.1,SL,1.0,2.116504854368932,dst_open,summer (EDT),2024
2024-07-02,2024-07-02 13:35:00,101.0,39183.7,39132.2,SL,-1.0,0.0,dst_open,summer (EDT),2024
2024-07-08,2024-07-08 13:35:00,125.19999999999709,39641.3,39645.8,SL,0.08737864077669903,0.9320388349514563,dst_open,summer (EDT),2024
2024-07-12,2024-07-12 13:35:00,174.8000000000029,39909.3,39857.8,SL,-1.0,0.1262135922330097,dst_open,summer (EDT),2024
2024-07-16,2024-07-16 13:35:00,244.0,40463.8,40824.3,SL,7.0,8.199999999999916,dst_open,summer (EDT),2024
2024-07-17,2024-07-17 13:35:00,111.19999999999709,41021.4,41072.9,SL,1.0,2.1067961165048543,dst_open,summer (EDT),2024
2024-07-24,2024-07-24 13:35:00,109.0,40266.5,40215.0,SL,-1.0,0.0,dst_open,summer (EDT),2024
2024-07-26,2024-07-26 13:35:00,137.20000000000437,40402.7,40505.7,SL,2.0,3.190291262135979,dst_open,summer (EDT),2024
2024-07-30,2024-07-30 13:35:00,131.0,40724.8,40729.3,SL,0.08737864077669903,1.1650485436893203,dst_open,summer (EDT),2024
2024-08-01,2024-08-01 13:35:00,231.1999999999971,41063.1,41011.6,SL,-1.0,0.0,dst_open,summer (EDT),2024
2024-08-08,2024-08-08 13:35:00,399.29999999999563,39068.9,39073.4,SL,0.08737864077669903,1.3106796116504855,dst_open,summer (EDT),2024
2024-08-13,2024-08-13 13:35:00,301.5,39538.1,39589.6,SL,1.0,2.1067961165048543,dst_open,summer (EDT),2024
2024-08-15,2024-08-15 13:35:00,478.0,40491.5,40440.0,SL,-1.0,0.0,dst_open,summer (EDT),2024
2024-08-19,2024-08-19 13:35:00,96.0,40781.1,40729.6,SL,-1.0,0.24271844660194175,dst_open,summer (EDT),2024
2024-08-22,2024-08-22 13:35:00,83.0,40991.8,40940.3,SL,-1.0,0.442718446601857,dst_open,summer (EDT),2024
2024-08-26,2024-08-26 13:35:00,76.5,41340.4,41391.9,SL,1.0,2.0834951456309834,dst_open,summer (EDT),2024
2024-08-30,2024-08-30 13:35:00,95.0,41491.7,41440.2,SL,-1.0,0.0,dst_open,summer (EDT),2024
2024-09-04,2024-09-04 13:35:00,124.0,41045.4,40993.9,SL,-1.0,0.0,dst_open,summer (EDT),2024
2024-09-16,2024-09-16 13:35:00,141.5,41629.2,41680.7,SL,1.0,2.557281553398143,dst_open,summer (EDT),2024
2024-09-27,2024-09-27 13:35:00,159.5,42356.9,42331.15,SL,-0.5,0.5145631067961165,dst_open,summer (EDT),2024
2024-10-09,2024-10-09 13:35:00,163.6999999999971,42150.1,42201.6,SL,1.0,2.941747572815534,dst_open,summer (EDT),2024
2024-10-11,2024-10-11 13:35:00,136.5,42627.5,42576.0,SL,-1.0,0.3786407766990291,dst_open,summer (EDT),2024
2024-10-16,2024-10-16 13:40:00,81.69999999999709,42851.8,42856.3,SL,0.08737864077669903,1.116504854368932,dst_open,summer (EDT),2024
2024-10-28,2024-10-28 13:35:00,171.29999999999563,42433.0,42437.5,SL,0.08737864077669903,1.0427184466018853,dst_open,summer (EDT),2024
2024-11-01,2024-11-01 13:35:00,209.5,42109.8,42058.3,SL,-1.0,0.0970873786407767,dst_open,summer (EDT),2024
2024-11-05,2024-11-05 14:35:00,89.30000000000291,41903.2,41851.7,SL,-1.0,0.0,dst_open,winter (EST),2024
2024-11-11,2024-11-11 14:35:00,142.0,44459.5,44464.0,SL,0.08737864077669903,0.6699029126213593,dst_open,winter (EST),2024
2024-11-22,2024-11-22 14:35:00,235.0,44046.9,44149.9,SL,2.0,3.295145631067905,dst_open,winter (EST),2024
2024-11-25,2024-11-25 14:35:00,183.0,44800.6,44749.1,SL,-1.0,0.2621359223300971,dst_open,winter (EST),2024
2024-11-27,2024-11-27 14:35:00,150.0,44969.6,44974.1,SL,0.08737864077669903,0.7572815533980582,dst_open,winter (EST),2024
2024-11-28,2024-11-28 15:00:00,71.29999999999563,44838.9,44843.4,SL,0.08737864077669903,0.6019417475728155,dst_open,winter (EST),2024
2024-12-04,2024-12-04 14:35:00,160.5,45020.6,44969.1,SL,-1.0,0.33980582524271846,dst_open,winter (EST),2024
2024-12-06,2024-12-06 14:35:00,173.59999999999854,44900.0,44848.5,SL,-1.0,0.0,dst_open,winter (EST),2024
2024-12-19,2024-12-19 14:35:00,292.5,42690.7,42639.2,SL,-1.0,0.0,dst_open,winter (EST),2024
2024-12-20,2024-12-20 14:35:00,258.8000000000029,42361.1,42309.6,SL,-1.0,0.0,dst_open,winter (EST),2024
2024-12-26,2024-12-26 16:25:00,212.6999999999971,43201.2,43222.7,KILL,0.4174757281553398,0.5533980582524272,dst_open,winter (EST),2024
2025-01-03,2025-01-03 14:35:00,161.79999999999563,42596.2,42544.7,SL,-1.0,0.0,dst_open,winter (EST),2025
2025-01-07,2025-01-07 14:35:00,227.20000000000437,42820.7,42769.2,SL,-1.0,0.0,dst_open,winter (EST),2025
2025-01-13,2025-01-13 14:35:00,188.0,41853.0,41956.0,SL,2.0,3.5242718446601944,dst_open,winter (EST),2025
2025-01-23,2025-01-23 14:35:00,115.80000000000291,44168.9,44173.4,SL,0.08737864077669903,0.6116504854368932,dst_open,winter (EST),2025
2025-01-27,2025-01-27 14:35:00,325.29999999999563,44292.1,44240.6,SL,-1.0,0.0,dst_open,winter (EST),2025
2025-01-29,2025-01-29 14:35:00,122.5,44873.8,44822.3,SL,-1.0,0.0,dst_open,winter (EST),2025
2025-02-03,2025-02-03 14:35:00,199.29999999999563,44030.0,43978.5,SL,-1.0,0.0,dst_open,winter (EST),2025
2025-02-05,2025-02-05 14:35:00,196.0,44551.4,44499.9,SL,-1.0,0.39805825242718446,dst_open,winter (EST),2025
2025-02-25,2025-02-25 14:35:00,262.0,43659.0,43607.5,SL,-1.0,0.0,dst_open,winter (EST),2025
2025-02-27,2025-02-27 14:35:00,266.0,43637.1,43585.6,SL,-1.0,0.0,dst_open,winter (EST),2025
2025-03-17,2025-03-17 13:35:00,228.1999999999971,41675.7,41680.2,SL,0.08737864077669903,1.4213592233010557,dst_open,summer (EDT),2025
2025-03-19,2025-03-19 13:35:00,144.5,41760.5,41709.0,SL,-1.0,0.0,dst_open,summer (EDT),2025
2025-03-26,2025-03-26 13:35:00,181.0,42777.4,42781.9,SL,0.08737864077669903,1.1067961165048543,dst_open,summer (EDT),2025
2025-04-15,2025-04-15 13:35:00,335.79999999999563,40658.0,40662.5,SL,0.08737864077669903,1.227184466019361,dst_open,summer (EDT),2025
2025-04-22,2025-04-22 13:35:00,213.20000000000437,38674.1,38678.6,SL,0.08737864077669903,1.6504854368932038,dst_open,summer (EDT),2025
2025-04-23,2025-04-23 13:35:00,255.0,40068.3,40119.8,SL,1.0,2.547572815533924,dst_open,summer (EDT),2025
2025-04-28,2025-04-28 13:35:00,259.0,40316.5,40321.0,SL,0.08737864077669903,1.7572815533980584,dst_open,summer (EDT),2025
2025-05-05,2025-05-05 13:35:00,118.80000000000291,41122.7,41096.95,SL,-0.5,0.5533980582524272,dst_open,summer (EDT),2025
2025-05-19,2025-05-19 13:35:00,193.0,42458.3,42612.8,SL,3.0,4.310679611650485,dst_open,summer (EDT),2025
2025-05-28,2025-05-28 13:35:00,159.5,42450.7,42399.2,SL,-1.0,0.12038834951464787,dst_open,summer (EDT),2025
2025-06-03,2025-06-03 13:35:00,205.0,42323.7,42328.2,SL,0.08737864077669903,0.6407766990291263,dst_open,summer (EDT),2025
2025-06-16,2025-06-16 13:40:00,165.1999999999971,42488.5,42643.0,SL,3.0,4.58252427184466,dst_open,summer (EDT),2025
2025-06-17,2025-06-17 13:35:00,155.8000000000029,42379.4,42383.9,SL,0.08737864077669903,0.883495145631068,dst_open,summer (EDT),2025
2025-06-24,2025-06-24 13:35:00,132.3000000000029,42971.0,42945.25,SL,-0.5,0.5009708737864643,dst_open,summer (EDT),2025
2025-06-26,2025-06-26 13:35:00,90.30000000000291,43237.6,43186.1,SL,-1.0,0.4368932038834951,dst_open,summer (EDT),2025
2025-06-27,2025-06-27 13:35:00,83.0,43603.2,43836.7,KILL,4.533980582524272,4.566990291262221,dst_open,summer (EDT),2025
2025-07-01,2025-07-01 13:35:00,91.5,44131.7,44571.2,KILL,8.533980582524272,8.805825242718447,dst_open,summer (EDT),2025
2025-07-03,2025-07-03 13:35:00,153.5,44690.9,44793.9,SL,2.0,3.9902912621359223,dst_open,summer (EDT),2025
2025-07-09,2025-07-09 13:35:00,184.0,44504.9,44509.4,SL,0.08737864077669903,1.6116504854368932,dst_open,summer (EDT),2025
2025-07-14,2025-07-14 13:35:00,161.5,44378.7,44383.2,SL,0.08737864077669903,1.5883495145631632,dst_open,summer (EDT),2025
2025-07-16,2025-07-16 13:35:00,241.8000000000029,44231.4,44179.9,SL,-1.0,0.0,dst_open,summer (EDT),2025
2025-07-17,2025-07-17 13:35:00,141.0,44403.1,44407.6,SL,0.08737864077669903,1.8932038834951457,dst_open,summer (EDT),2025
2025-07-22,2025-07-22 13:35:00,153.0,44426.1,44430.6,SL,0.08737864077669903,1.1359223300970873,dst_open,summer (EDT),2025
2025-08-04,2025-08-04 13:35:00,140.0,43937.0,43988.5,SL,1.0,2.1359223300970873,dst_open,summer (EDT),2025
2025-08-13,2025-08-13 13:35:00,136.0,44745.8,44848.8,SL,2.0,3.233009708737864,dst_open,summer (EDT),2025
2025-08-19,2025-08-19 13:40:00,262.5,45097.6,45149.1,SL,1.0,2.4757281553398056,dst_open,summer (EDT),2025
2025-08-20,2025-08-20 13:35:00,185.0,45006.4,44980.65,SL,-0.5,0.5533980582524272,dst_open,summer (EDT),2025
2025-08-22,2025-08-22 13:35:00,186.0,45108.2,45112.7,SL,0.08737864077669903,1.3495145631067962,dst_open,summer (EDT),2025
2025-08-27,2025-08-27 13:35:00,93.0,45501.9,45506.4,SL,0.08737864077669903,1.4660194174757282,dst_open,summer (EDT),2025
2025-09-17,2025-09-17 13:35:00,144.5,46065.8,46014.3,SL,-1.0,0.0,dst_open,summer (EDT),2025
2025-09-23,2025-09-23 13:35:00,82.29999999999563,46595.4,46646.9,SL,1.0,2.854368932038835,dst_open,summer (EDT),2025
2025-09-24,2025-09-24 13:35:00,107.0,46437.2,46441.7,SL,0.08737864077669903,0.7087378640776699,dst_open,summer (EDT),2025
2025-09-30,2025-09-30 13:35:00,124.0,46348.5,46297.0,SL,-1.0,0.2912621359223301,dst_open,summer (EDT),2025
2025-10-01,2025-10-01 13:35:00,236.6999999999971,46435.9,46410.15,SL,-0.5,0.5339805825242718,dst_open,summer (EDT),2025
2025-10-02,2025-10-02 13:35:00,76.69999999999709,46528.6,46533.1,SL,0.08737864077669903,1.3398058252427185,dst_open,summer (EDT),2025
2025-10-03,2025-10-03 13:35:00,122.0,46717.2,46768.7,SL,1.0,2.161165048543746,dst_open,summer (EDT),2025
2025-10-07,2025-10-07 13:35:00,246.8000000000029,46821.2,46769.7,SL,-1.0,0.48737864077681203,dst_open,summer (EDT),2025
2025-10-09,2025-10-09 13:35:00,65.5,46680.6,46629.1,SL,-1.0,0.15922330097095855,dst_open,summer (EDT),2025
2025-10-10,2025-10-10 13:35:00,153.0,46598.5,46572.75,SL,-0.5,0.5922330097087378,dst_open,summer (EDT),2025
2025-10-20,2025-10-20 13:35:00,163.0,46411.4,46415.9,SL,0.08737864077669903,1.7242718446601093,dst_open,summer (EDT),2025
2025-10-23,2025-10-23 13:35:00,115.5,46659.2,46663.7,SL,0.08737864077669903,1.5844660194175888,dst_open,summer (EDT),2025
2025-10-29,2025-10-29 13:35:00,308.6000000000058,47925.5,47977.0,SL,1.0,2.5495145631068525,dst_open,summer (EDT),2025
2025-11-10,2025-11-10 14:35:00,170.8000000000029,47310.8,47259.3,SL,-1.0,0.0,dst_open,winter (EST),2025
2025-11-11,2025-11-11 14:35:00,109.09999999999854,47467.8,47416.3,SL,-1.0,0.3766990291261006,dst_open,winter (EST),2025
2025-11-12,2025-11-12 14:35:00,101.69999999999709,48297.8,48349.3,SL,1.0,2.5223300970872655,dst_open,winter (EST),2025
2025-11-26,2025-11-26 14:35:00,144.6999999999971,47323.3,47327.8,SL,0.08737864077669903,1.1669902912621077,dst_open,winter (EST),2025
2025-12-05,2025-12-05 14:35:00,167.09999999999854,47932.0,47936.5,SL,0.08737864077669903,1.361165048543661,dst_open,winter (EST),2025
2025-12-09,2025-12-09 14:35:00,137.8000000000029,47811.0,47815.5,SL,0.08737864077669903,0.8504854368932604,dst_open,winter (EST),2025
2025-12-24,2025-12-24 14:35:00,66.30000000000291,48455.2,48689.2,KILL,4.543689320388349,4.576699029126298,dst_open,winter (EST),2025
2025-12-26,2025-12-26 14:35:00,95.10000000000582,48719.4,48723.9,SL,0.08737864077669903,0.6252427184465454,dst_open,winter (EST),2025
2026-01-08,2026-01-08 14:35:00,145.90000000000146,48903.9,48908.4,SL,0.08737864077669903,1.256310679611594,dst_open,winter (EST),2026
2026-01-15,2026-01-15 14:35:00,219.90000000000146,49357.3,49305.8,SL,-1.0,0.0,dst_open,winter (EST),2026
2026-01-22,2026-01-22 14:35:00,215.60000000000582,49546.8,49495.3,SL,-1.0,0.0,dst_open,winter (EST),2026
2026-01-26,2026-01-26 14:35:00,187.29999999999563,49256.0,49260.5,SL,0.08737864077669903,0.6815533980582241,dst_open,winter (EST),2026
2026-02-10,2026-02-10 14:35:00,203.5,50306.1,50409.1,SL,2.0,3.8737864077669903,dst_open,winter (EST),2026
2026-02-26,2026-02-26 14:35:00,350.8000000000029,49765.5,49714.0,SL,-1.0,0.0,dst_open,winter (EST),2026
2026-04-14,2026-04-14 13:35:00,187.0,48371.5,48376.0,SL,0.08737864077669903,1.233009708737864,dst_open,summer (EDT),2026
2026-04-16,2026-04-16 13:35:00,153.0,48621.5,48570.0,SL,-1.0,0.0,dst_open,summer (EDT),2026
2026-04-20,2026-04-20 13:35:00,299.8000000000029,49460.5,49434.75,SL,-0.5,0.5650485436892921,dst_open,summer (EDT),2026
2026-04-27,2026-04-27 13:35:00,97.0,49336.5,49285.0,SL,-1.0,0.0,dst_open,summer (EDT),2026
2026-06-02,2026-06-02 13:35:00,240.0,51215.5,51220.0,SL,0.08737864077669903,1.1359223300970873,dst_open,summer (EDT),2026
2026-06-09,2026-06-09 13:35:00,277.0,51187.8,51192.3,SL,0.08737864077669903,1.2077669902912056,dst_open,summer (EDT),2026
2026-06-15,2026-06-15 13:35:00,224.0,51900.5,51849.0,SL,-1.0,0.0,dst_open,summer (EDT),2026
2026-06-16,2026-06-16 13:35:00,197.0,52162.5,52111.0,SL,-1.0,0.0,dst_open,summer (EDT),2026
2026-06-17,2026-06-17 13:35:00,97.0,52177.5,52332.0,SL,3.0,4.1378640776698745,dst_open,summer (EDT),2026
2026-06-22,2026-06-22 13:35:00,212.0,51887.5,51836.0,SL,-1.0,0.39805825242718446,dst_open,summer (EDT),2026
2026-06-25,2026-06-25 13:35:00,265.5,52321.5,52270.0,SL,-1.0,0.0,dst_open,summer (EDT),2026
2023-11-23,2023-11-23 16:25:00,61.0,35331.5,35325.1,KILL,-0.12427184466022242,0.09126213592227359,dst_30,winter (EST),2023
2024-05-27,2024-05-27 14:50:00,43.5,39083.9,39099.4,KILL,0.30097087378640774,0.30097087378640774,dst_30,summer (EDT),2024
2024-06-04,2024-06-04 14:00:00,191.1999999999971,38620.2,38624.7,SL,0.08737864077669903,1.1650485436893203,dst_30,summer (EDT),2024
2024-08-19,2024-08-19 14:50:00,96.0,40899.6,40848.1,SL,-1.0,0.04854368932038835,dst_30,summer (EDT),2024
2024-09-27,2024-09-27 15:50:00,159.5,42584.9,42563.4,KILL,-0.4174757281553398,0.1553398058252427,dst_30,summer (EDT),2024
2024-11-18,2024-11-18 16:45:00,152.0,43478.1,43472.6,KILL,-0.10679611650485436,0.17475728155339806,dst_30,winter (EST),2024
2024-11-28,2024-11-28 15:00:00,71.29999999999563,44838.9,44843.4,SL,0.08737864077669903,0.6019417475728155,dst_30,winter (EST),2024
2024-12-26,2024-12-26 16:25:00,212.6999999999971,43201.2,43263.7,KILL,1.2135922330097086,1.5436893203883495,dst_30,winter (EST),2024
2025-01-23,2025-01-23 16:10:00,115.80000000000291,44281.2,44355.4,KILL,1.440776699029211,1.8291262135923179,dst_30,winter (EST),2025
2025-07-23,2025-07-23 15:55:00,153.5,44886.9,44885.4,KILL,-0.02912621359223301,0.0,dst_30,summer (EDT),2025
2023-11-23,2023-11-23 16:25:00,61.0,35331.5,35309.6,KILL,-0.4252427184466302,0.09126213592227359,dst_60,winter (EST),2023
2024-01-30,2024-01-30 17:15:00,66.29999999999563,38409.5,38394.7,KILL,-0.28737864077675557,0.34951456310679613,dst_60,winter (EST),2024
2024-05-16,2024-05-16 16:00:00,71.19999999999709,40003.1,39984.3,KILL,-0.3650485436892356,0.13980582524280322,dst_60,summer (EDT),2024
2024-05-27,2024-05-27 14:50:00,43.5,39083.9,39109.4,KILL,0.49514563106796117,0.6155339805824678,dst_60,summer (EDT),2024
2024-06-17,2024-06-17 16:25:00,143.1999999999971,38712.0,38710.5,KILL,-0.02912621359223301,0.0,dst_60,summer (EDT),2024
2024-06-20,2024-06-20 16:20:00,110.5,38957.8,38962.8,KILL,0.0970873786407767,0.4077669902912621,dst_60,summer (EDT),2024
2024-08-19,2024-08-19 14:50:00,96.0,40899.6,40848.1,SL,-1.0,0.04854368932038835,dst_60,summer (EDT),2024
2024-09-27,2024-09-27 15:50:00,159.5,42584.9,42533.4,SL,-1.0,0.1553398058252427,dst_60,summer (EDT),2024
2024-11-18,2024-11-18 16:45:00,152.0,43478.1,43472.6,KILL,-0.10679611650485436,0.3300970873786408,dst_60,winter (EST),2024
2024-11-28,2024-11-28 15:55:00,71.29999999999563,44856.9,44890.4,KILL,0.6504854368932039,0.6796116504854369,dst_60,winter (EST),2024
2024-12-26,2024-12-26 16:25:00,212.6999999999971,43201.2,43237.7,KILL,0.7087378640776699,1.970873786407767,dst_60,winter (EST),2024
2025-01-23,2025-01-23 16:10:00,115.80000000000291,44281.2,44368.7,KILL,1.6990291262135921,1.8388349514563955,dst_60,winter (EST),2025
2025-02-04,2025-02-04 17:15:00,199.6999999999971,44431.0,44379.5,SL,-1.0,0.19029126213597886,dst_60,winter (EST),2025
2025-03-24,2025-03-24 16:25:00,167.5,42517.6,42516.1,KILL,-0.02912621359223301,0.0,dst_60,summer (EDT),2025
2025-04-22,2025-04-22 16:00:00,213.20000000000437,39153.1,39157.6,SL,0.08737864077669903,0.9514563106796117,dst_60,summer (EDT),2025
2025-05-02,2025-05-02 16:00:00,394.6999999999971,41321.4,41325.9,SL,0.08737864077669903,0.9378640776698182,dst_60,summer (EDT),2025
2025-07-23,2025-07-23 15:55:00,153.5,44886.9,44891.4,SL,0.08737864077669903,1.3786407766990292,dst_60,summer (EDT),2025
2025-08-27,2025-08-27 16:25:00,93.0,45535.4,45533.9,KILL,-0.02912621359223301,0.0,dst_60,summer (EDT),2025
