date,entry_time,side,vol,entry,sl,risk_pts,exit_time,reason,pl,pips,be,trail,early,max_locked_R,log,config
2022-01-04,14:31:00,Buy,2.0,36776.55,36726.55,50.0,14:35:40,StopLoss,3.82,3.9,1,0,1,,2022,vol1.4_be0.6_sl50_utc
2022-01-12,14:31:48,Buy,2.0,36424.55,36374.55,50.0,14:34:33,StopLoss,-105.78,-50.9,0,0,0,,2022,vol1.4_be0.6_sl50_utc
2022-01-13,14:31:39,Buy,2.0,36430.55,36380.55,50.0,14:33:00,StopLoss,3.82,3.9,1,0,1,,2022,vol1.4_be0.6_sl50_utc
2022-01-19,14:38:58,Buy,2.0,35517.55,35467.55,50.0,14:42:41,StopLoss,-108.18,-52.1,0,0,0,,2022,vol1.4_be0.6_sl50_utc
2022-02-11,14:31:26,Buy,2.0,35295.55,35245.55,50.0,14:32:47,StopLoss,-106.08,-51.0,0,0,0,,2022,vol1.4_be0.6_sl50_utc
2022-03-24,15:01:38,Buy,2.0,34574.75,34524.75,50.0,16:03:11,StopLoss,103.42,53.7,1,1,1,1.0,2022,vol1.4_be0.6_sl50_utc
2022-06-20,15:29:47,Buy,2.0,30153.55,30103.55,50.0,15:58:43,StopLoss,103.82,53.9,1,1,1,1.0,2022,vol1.4_be0.6_sl50_utc
2022-09-07,14:31:00,Buy,2.0,31321.2,31271.2,50.0,14:33:08,StopLoss,4.42,4.2,1,0,1,,2022,vol1.4_be0.6_sl50_utc
2022-11-21,14:31:00,Buy,2.0,33835.5,33785.5,50.0,14:32:20,StopLoss,3.22,3.6,1,0,1,,2022,vol1.4_be0.6_sl50_utc
2022-11-22,14:31:00,Buy,2.0,33904.2,33854.19,50.0,14:37:55,StopLoss,4.62,4.3,1,1,1,0.0,2022,vol1.4_be0.6_sl50_utc
2022-12-29,14:34:38,Buy,2.0,33081.2,33031.19,50.0,14:52:43,StopLoss,2.62,3.3,1,1,1,0.0,2022,vol1.4_be0.6_sl50_utc
2024-01-10,14:31:00,Buy,2.0,37556.2,37506.19,50.0,14:38:04,StopLoss,103.1,54.1,1,2,1,1.0,2024,vol1.4_be0.6_sl50_utc
2024-01-22,14:31:33,Buy,2.0,37991.9,37941.9,50.0,14:50:13,StopLoss,103.3,54.2,1,1,1,1.0,2024,vol1.4_be0.6_sl50_utc
2024-01-29,14:31:00,Buy,2.0,38121.8,38071.8,50.0,14:38:34,StopLoss,3.1,4.1,1,0,1,,2024,vol1.4_be0.6_sl50_utc
2024-02-06,14:33:35,Buy,2.0,38405.7,38355.69,50.0,14:50:06,StopLoss,203.3,104.2,1,3,1,2.0,2024,vol1.4_be0.6_sl50_utc
2024-02-07,14:31:00,Buy,2.0,38660.0,38610.0,50.0,14:42:42,StopLoss,-56.7,-25.8,0,0,1,,2024,vol1.4_be0.6_sl50_utc
2024-02-08,14:32:31,Buy,2.0,38745.3,38695.3,50.0,14:34:07,StopLoss,-107.9,-51.4,0,0,0,,2024,vol1.4_be0.6_sl50_utc
2024-02-22,14:32:38,Buy,2.0,38881.7,38831.69,50.0,14:42:35,StopLoss,-107.7,-51.3,0,0,0,,2024,vol1.4_be0.6_sl50_utc
2024-02-23,14:31:32,Buy,2.0,39207.0,39157.0,50.0,14:33:49,StopLoss,-109.9,-52.4,0,0,0,,2024,vol1.4_be0.6_sl50_utc
2024-02-26,14:32:24,Buy,2.0,39174.4,39124.4,50.0,15:14:29,StopLoss,1.5,3.3,1,0,1,,2024,vol1.4_be0.6_sl50_utc
2024-02-29,14:32:45,Buy,2.0,39063.5,39013.5,50.0,14:40:07,StopLoss,-105.9,-50.4,0,0,0,,2024,vol1.4_be0.6_sl50_utc
2024-03-06,14:31:26,Buy,2.0,38843.7,38793.69,50.0,14:35:09,StopLoss,-106.9,-50.9,0,0,0,,2024,vol1.4_be0.6_sl50_utc
2024-03-07,14:31:45,Buy,2.0,38882.1,38832.1,50.0,14:45:26,StopLoss,-106.9,-50.9,0,0,0,,2024,vol1.4_be0.6_sl50_utc
2024-03-12,14:31:00,Buy,2.0,38994.8,38944.8,50.0,14:46:07,StopLoss,3.7,4.4,1,0,1,,2024,vol1.4_be0.6_sl50_utc
2024-03-19,15:32:55,Buy,2.0,39016.2,38966.19,50.0,17:04:43,StopLoss,103.7,54.4,1,2,1,1.0,2024,vol1.4_be0.6_sl50_utc
2024-03-26,15:54:57,Buy,2.0,39430.85,39380.85,50.0,17:25:05,StopLoss,-105.5,-50.2,0,0,0,,2024,vol1.4_be0.6_sl50_utc
2024-05-08,15:43:59,Buy,2.0,38962.95,38912.94,50.0,18:58:14,StopLoss,103.7,54.4,1,2,1,1.0,2024,vol1.4_be0.6_sl50_utc
2024-05-15,15:08:53,Buy,2.0,39808.45,39758.44,50.0,15:35:34,StopLoss,3.5,4.3,1,1,1,0.0,2024,vol1.4_be0.6_sl50_utc
2024-05-16,14:31:00,Buy,2.0,39999.35,39949.35,50.0,15:13:12,StopLoss,3.3,4.2,1,0,1,,2024,vol1.4_be0.6_sl50_utc
2024-05-21,14:36:52,Buy,2.0,39875.65,39825.65,50.0,16:06:19,StopLoss,-107.1,-51.0,0,0,0,,2024,vol1.4_be0.6_sl50_utc
2024-05-27,15:23:55,Buy,2.0,39058.65,39008.65,50.0,20:50:00,Closed,121.9,63.5,1,0,1,,2024,vol1.4_be0.6_sl50_utc
2024-06-17,16:24:53,Buy,2.0,38656.15,38606.15,50.0,16:55:37,StopLoss,3.3,4.2,1,0,1,,2024,vol1.4_be0.6_sl50_utc
2024-07-10,16:15:55,Buy,2.0,39439.55,39389.55,50.0,17:23:44,StopLoss,103.7,54.4,1,1,1,1.0,2024,vol1.4_be0.6_sl50_utc
2024-07-12,14:31:00,Buy,2.0,39973.85,39923.85,50.0,14:40:58,StopLoss,-105.7,-50.3,0,0,0,,2024,vol1.4_be0.6_sl50_utc
2024-08-26,14:31:00,Buy,2.0,41412.85,41362.85,50.0,14:38:47,StopLoss,-106.7,-50.8,0,0,0,,2024,vol1.4_be0.6_sl50_utc
2024-09-02,15:04:50,Buy,2.0,41533.95,41483.94,50.0,20:50:00,Closed,-3.3,0.9,0,0,0,,2024,vol1.4_be0.6_sl50_utc
2024-10-22,16:00:54,Buy,2.0,42856.85,42806.85,50.0,17:12:05,StopLoss,100.1,52.6,1,1,1,1.0,2024,vol1.4_be0.6_sl50_utc
2024-11-08,14:31:00,Buy,2.0,43843.94,43793.94,50.0,14:32:58,StopLoss,-105.46,-50.2,0,0,0,,2024,vol1.4_be0.6_sl50_utc
2024-11-12,14:32:29,Buy,2.0,44407.64,44357.64,50.0,14:35:50,StopLoss,-106.66,-50.8,0,0,0,,2024,vol1.4_be0.6_sl50_utc
2024-11-22,14:31:00,Buy,2.0,43948.94,43898.94,50.0,14:35:35,StopLoss,-105.66,-50.3,0,0,0,,2024,vol1.4_be0.6_sl50_utc
2024-11-28,15:01:49,Buy,2.0,44810.4,44760.4,50.0,20:50:00,Closed,54.5,29.8,1,0,1,,2024,vol1.4_be0.6_sl50_utc
2024-12-02,14:31:00,Buy,2.0,45024.14,44974.14,50.0,14:31:57,StopLoss,-106.66,-50.8,0,0,0,,2024,vol1.4_be0.6_sl50_utc
2024-12-03,14:31:00,Buy,2.0,44836.34,44786.34,50.0,14:35:00,StopLoss,-105.66,-50.3,0,0,0,,2024,vol1.4_be0.6_sl50_utc
2024-12-04,14:31:50,Buy,2.0,44936.74,44886.74,50.0,14:35:31,StopLoss,100.74,52.9,1,1,1,1.0,2024,vol1.4_be0.6_sl50_utc
2024-12-06,14:31:57,Buy,2.0,44880.44,44830.44,50.0,14:35:41,StopLoss,-105.26,-50.1,0,0,0,,2024,vol1.4_be0.6_sl50_utc
2024-12-09,14:33:24,Buy,2.0,44724.74,44674.74,50.0,14:35:56,StopLoss,-105.26,-50.1,0,0,0,,2024,vol1.4_be0.6_sl50_utc
2024-12-12,14:31:00,Buy,2.0,44160.84,44110.84,50.0,14:34:45,StopLoss,-107.26,-51.1,0,0,0,,2024,vol1.4_be0.6_sl50_utc
2024-12-19,14:31:33,Buy,2.0,42671.94,42621.94,50.0,14:33:07,StopLoss,2.74,3.9,1,0,1,,2024,vol1.4_be0.6_sl50_utc
2025-01-03,14:31:00,Buy,2.0,42581.54,42531.54,50.0,14:34:56,StopLoss,-1.96,1.9,1,0,1,,2025,vol1.4_be0.6_sl50_utc
2025-01-07,14:31:00,Buy,2.0,42887.74,42837.74,50.0,14:40:05,StopLoss,0.04,2.9,1,0,1,,2025,vol1.4_be0.6_sl50_utc
2025-01-13,14:32:51,Buy,2.0,41925.74,41875.74,50.0,14:37:03,StopLoss,101.04,53.4,1,1,1,1.0,2025,vol1.4_be0.6_sl50_utc
2025-01-20,14:40:58,Buy,2.0,43754.4,43704.4,50.0,14:56:29,StopLoss,2.0,3.9,1,0,1,,2025,vol1.4_be0.6_sl50_utc
2025-01-23,15:45:59,Buy,2.0,44300.54,44250.54,50.0,16:11:41,StopLoss,2.24,4.0,1,0,1,,2025,vol1.4_be0.6_sl50_utc
2025-02-05,14:38:53,Buy,2.0,44596.34,44546.34,50.0,14:50:00,StopLoss,-106.36,-50.3,0,0,0,,2025,vol1.4_be0.6_sl50_utc
2025-02-10,14:31:26,Buy,2.0,44581.34,44531.34,50.0,14:32:40,StopLoss,2.64,4.2,1,1,1,0.0,2025,vol1.4_be0.6_sl50_utc
2025-02-17,16:30:44,Buy,2.0,44640.94,44590.94,50.0,20:50:00,Closed,-4.96,0.4,0,0,0,,2025,vol1.4_be0.6_sl50_utc
2025-02-25,14:31:00,Buy,2.0,43654.14,43604.14,50.0,14:34:07,StopLoss,98.64,52.2,1,1,1,1.0,2025,vol1.4_be0.6_sl50_utc
2025-04-22,15:59:51,Buy,2.0,39088.59,39038.58,50.0,16:01:30,StopLoss,191.24,98.5,1,3,1,2.0,2025,vol1.4_be0.6_sl50_utc
2025-05-02,16:01:44,Buy,2.0,41297.59,41247.58,50.0,16:16:33,StopLoss,102.84,54.3,1,2,1,1.0,2025,vol1.4_be0.6_sl50_utc
2025-05-06,16:15:00,Buy,2.0,41155.29,41105.29,50.0,16:16:09,StopLoss,-107.76,-51.0,0,0,0,,2025,vol1.4_be0.6_sl50_utc
2025-05-08,15:40:59,Buy,2.0,41592.49,41542.49,50.0,15:43:06,StopLoss,101.84,53.8,1,1,1,1.0,2025,vol1.4_be0.6_sl50_utc
2025-06-10,16:01:57,Buy,2.0,42812.79,42762.79,50.0,17:30:19,StopLoss,99.84,52.8,1,1,1,1.0,2025,vol1.4_be0.6_sl50_utc
2025-06-12,15:02:52,Buy,2.0,42892.39,42842.39,50.0,15:18:39,StopLoss,-110.76,-52.5,0,0,0,,2025,vol1.4_be0.6_sl50_utc
2025-06-26,15:30:54,Buy,2.0,43270.09,43220.09,50.0,17:18:08,StopLoss,102.04,53.9,1,2,1,1.0,2025,vol1.4_be0.6_sl50_utc
2025-07-01,14:31:00,Buy,2.0,44356.39,44306.39,50.0,14:42:50,StopLoss,-56.56,-25.4,0,0,1,,2025,vol1.4_be0.6_sl50_utc
2025-07-23,16:00:00,Buy,2.0,44864.29,44814.29,50.0,16:23:05,StopLoss,1.44,3.6,1,0,1,,2025,vol1.4_be0.6_sl50_utc
2025-08-04,14:51:55,Buy,2.0,44054.49,44004.49,50.0,15:19:14,StopLoss,0.84,3.3,1,0,1,,2025,vol1.4_be0.6_sl50_utc
2025-09-04,16:30:50,Buy,2.0,45480.79,45430.79,50.0,18:21:17,StopLoss,200.04,102.9,1,2,1,2.0,2025,vol1.4_be0.6_sl50_utc
2025-09-22,16:03:57,Buy,2.0,46324.49,46274.49,50.0,17:58:24,StopLoss,103.04,54.4,1,1,1,1.0,2025,vol1.4_be0.6_sl50_utc
2025-10-03,14:31:00,Buy,2.0,46932.89,46882.89,50.0,15:00:00,StopLoss,1.04,3.4,1,0,1,,2025,vol1.4_be0.6_sl50_utc
2025-10-13,16:22:52,Buy,2.0,46077.09,46027.09,50.0,16:25:47,StopLoss,1.64,3.7,1,1,1,0.0,2025,vol1.4_be0.6_sl50_utc
2025-10-20,15:54:53,Buy,2.0,46561.89,46511.89,50.0,17:29:55,StopLoss,201.84,103.8,1,2,1,2.0,2025,vol1.4_be0.6_sl50_utc
2025-11-10,14:31:00,Buy,2.0,47241.29,47191.29,50.0,14:38:31,StopLoss,96.64,51.2,1,1,1,1.0,2025,vol1.4_be0.6_sl50_utc
2025-11-11,14:31:00,Buy,2.0,47485.09,47435.09,50.0,14:32:14,StopLoss,-106.36,-50.3,0,0,0,,2025,vol1.4_be0.6_sl50_utc
2025-11-12,14:31:00,Buy,2.0,48077.99,48027.99,50.0,14:39:30,StopLoss,401.64,203.7,1,4,1,4.0,2025,vol1.4_be0.6_sl50_utc
2025-11-20,14:31:00,Buy,2.0,46686.49,46636.49,50.0,14:31:23,StopLoss,98.64,52.2,1,1,1,1.0,2025,vol1.4_be0.6_sl50_utc
2025-11-25,14:31:00,Buy,2.0,46598.79,46548.79,50.0,14:36:51,StopLoss,302.64,154.2,1,3,1,3.0,2025,vol1.4_be0.6_sl50_utc
2025-11-26,14:31:21,Buy,2.0,47258.79,47208.79,50.0,14:38:04,StopLoss,102.64,54.2,1,1,1,1.0,2025,vol1.4_be0.6_sl50_utc
2025-11-28,15:55:54,Buy,2.0,47690.09,47640.09,50.0,16:23:18,StopLoss,2.64,4.2,1,1,1,0.0,2025,vol1.4_be0.6_sl50_utc
2025-12-03,15:33:52,Buy,2.0,47681.79,47631.79,50.0,15:37:25,StopLoss,-56.36,-25.3,0,0,1,,2025,vol1.4_be0.6_sl50_utc
2025-12-05,15:57:57,Buy,2.0,48001.69,47951.69,50.0,16:01:21,StopLoss,2.84,4.3,1,0,1,,2025,vol1.4_be0.6_sl50_utc
2025-12-11,14:31:00,Buy,2.0,48165.99,48115.99,50.0,14:43:05,StopLoss,401.64,203.7,1,4,1,4.0,2025,vol1.4_be0.6_sl50_utc
2025-12-18,14:31:00,Buy,2.0,48234.89,48184.89,50.0,14:33:14,StopLoss,2.64,4.2,1,0,1,,2025,vol1.4_be0.6_sl50_utc
2025-12-19,14:31:00,Buy,2.0,48145.39,48095.39,50.0,14:33:50,StopLoss,1.64,3.7,1,0,1,,2025,vol1.4_be0.6_sl50_utc
2025-12-24,14:31:17,Buy,2.0,48461.99,48411.99,50.0,14:34:11,StopLoss,2.64,4.2,1,0,1,,2025,vol1.4_be0.6_sl50_utc
2026-01-05,14:31:00,Buy,2.0,48559.4,48509.4,50.0,14:35:28,StopLoss,301.54,154.0,1,3,1,3.0,2026,vol1.4_be0.6_sl50_utc
2026-01-07,14:31:00,Buy,2.0,49573.2,49523.2,50.0,14:31:41,StopLoss,1.54,4.0,1,1,0,0.0,2026,vol1.4_be0.6_sl50_utc
2026-01-15,14:31:00,Buy,2.0,49333.4,49283.4,50.0,14:31:09,StopLoss,1.54,4.0,1,0,1,,2026,vol1.4_be0.6_sl50_utc
2026-01-22,14:31:00,Buy,2.0,49423.1,49373.1,50.0,14:32:50,StopLoss,196.54,101.5,1,2,1,2.0,2026,vol1.4_be0.6_sl50_utc
2026-01-26,14:31:00,Buy,2.0,49200.4,49150.4,50.0,14:31:50,StopLoss,102.54,54.5,1,1,1,1.0,2026,vol1.4_be0.6_sl50_utc
2026-01-30,14:31:45,Buy,2.0,48953.2,48903.2,50.0,14:33:48,StopLoss,95.54,51.0,1,2,1,1.0,2026,vol1.4_be0.6_sl50_utc
2026-02-02,14:32:59,Buy,2.0,48925.3,48875.3,50.0,14:36:23,StopLoss,97.54,52.0,1,1,1,1.0,2026,vol1.4_be0.6_sl50_utc
2026-02-06,14:31:00,Buy,2.0,49302.6,49252.6,50.0,14:35:00,StopLoss,299.54,153.0,1,3,1,3.0,2026,vol1.4_be0.6_sl50_utc
2026-02-10,14:31:00,Buy,2.0,50274.0,50224.0,50.0,14:32:33,StopLoss,101.54,54.0,1,1,1,1.0,2026,vol1.4_be0.6_sl50_utc
2026-02-11,14:31:47,Buy,2.0,50466.4,50416.4,50.0,14:32:02,StopLoss,-112.46,-53.0,0,0,0,,2026,vol1.4_be0.6_sl50_utc
2026-02-12,14:31:19,Buy,2.0,50379.7,50329.7,50.0,14:31:28,StopLoss,-116.46,-55.0,0,0,0,,2026,vol1.4_be0.6_sl50_utc
2026-02-17,14:31:00,Buy,2.0,49671.5,49621.5,50.0,14:31:18,StopLoss,-0.46,3.0,1,0,1,,2026,vol1.4_be0.6_sl50_utc
2026-02-23,14:31:00,Buy,2.0,49598.4,49548.4,50.0,14:32:22,StopLoss,96.54,51.5,1,1,1,1.0,2026,vol1.4_be0.6_sl50_utc
2026-02-26,14:32:19,Buy,2.0,49728.8,49678.8,50.0,14:33:16,StopLoss,1.54,4.0,1,0,1,,2026,vol1.4_be0.6_sl50_utc
2026-04-09,15:32:55,Buy,2.0,47978.5,47928.5,50.0,15:38:08,StopLoss,-57.46,-25.5,0,0,1,,2026,vol1.4_be0.6_sl50_utc
2026-04-13,16:20:55,Buy,2.0,47791.2,47741.2,50.0,16:36:04,StopLoss,200.54,103.5,1,3,1,2.0,2026,vol1.4_be0.6_sl50_utc
2026-05-20,15:15:58,Buy,2.0,49867.9,49817.9,50.0,15:17:23,StopLoss,0.54,3.5,1,0,1,,2026,vol1.4_be0.6_sl50_utc
2026-05-27,14:31:00,Buy,2.0,50805.25,50755.25,50.0,14:33:17,StopLoss,-108.46,-51.0,0,0,0,,2026,vol1.4_be0.6_sl50_utc
2026-05-29,14:51:52,Buy,2.0,50933.5,50883.5,50.0,14:52:32,StopLoss,-0.46,3.0,1,0,1,,2026,vol1.4_be0.6_sl50_utc
2026-07-24,15:15:59,Buy,2.0,52056.05,52006.05,50.0,15:18:24,StopLoss,-111.66,-52.6,0,0,0,,2026,vol1.4_be0.6_sl50_utc
