date,direction,range_size_pip,entry_price,stop_loss,take_profit,result,r_outcome,pnl_gbp,spread_cost,reentry_flag,bst_flag,week_balance,sl_method,sl_param,spread_pips,max_range_pip,kill_time,day_of_week,month
2025-06-16,N/A,1.65,0.000,0.000,0.000,SKIPPED,0.000,0.00,0.00,False,True,10000.00,A,3,3,10,07:00,Monday,June
2025-06-17,N/A,1.52,0.000,0.000,0.000,SKIPPED,0.000,0.00,0.00,False,True,10000.00,A,3,3,10,07:00,Tuesday,June
2025-06-18,N/A,1.91,0.000,0.000,0.000,SKIPPED,0.000,0.00,0.00,False,True,10000.00,A,3,3,10,07:00,Wednesday,June
2025-06-19,N/A,1.12,0.000,0.000,0.000,SKIPPED,0.000,0.00,0.00,False,True,10000.00,A,3,3,10,07:00,Thursday,June
2025-06-20,SHORT,3.44,3347.390,3355.540,3331.090,LOSS,-1.000,-136.81,36.81,False,True,10000.00,A,3,3,10,07:00,Friday,June
2025-06-23,N/A,1.76,0.000,0.000,0.000,SKIPPED,0.000,0.00,0.00,False,True,9863.19,A,3,3,10,07:00,Monday,June
2025-06-24,N/A,2.73,0.000,0.000,0.000,SKIPPED,0.000,0.00,0.00,False,True,9863.19,A,3,3,10,07:00,Tuesday,June
2025-06-25,N/A,1.45,0.000,0.000,0.000,SKIPPED,0.000,0.00,0.00,False,True,9863.19,A,3,3,10,07:00,Wednesday,June
2025-06-26,N/A,2.00,0.000,0.000,0.000,SKIPPED,0.000,0.00,0.00,False,True,9863.19,A,3,3,10,07:00,Thursday,June
2025-06-27,N/A,2.93,0.000,0.000,0.000,SKIPPED,0.000,0.00,0.00,False,True,9863.19,A,3,3,10,07:00,Friday,June
2025-06-30,N/A,1.26,0.000,0.000,0.000,SKIPPED,0.000,0.00,0.00,False,True,9863.19,A,3,3,10,07:00,Monday,June
2025-07-01,N/A,0.81,0.000,0.000,0.000,SKIPPED,0.000,0.00,0.00,False,True,9863.19,A,3,3,10,07:00,Tuesday,July
2025-07-02,N/A,1.48,0.000,0.000,0.000,SKIPPED,0.000,0.00,0.00,False,True,9863.19,A,3,3,10,07:00,Wednesday,July
2025-07-03,N/A,1.19,0.000,0.000,0.000,SKIPPED,0.000,0.00,0.00,False,True,9863.19,A,3,3,10,07:00,Thursday,July
2025-07-04,N/A,1.02,0.000,0.000,0.000,SKIPPED,0.000,0.00,0.00,False,True,9863.19,A,3,3,10,07:00,Friday,July
2025-07-07,N/A,1.09,0.000,0.000,0.000,SKIPPED,0.000,0.00,0.00,False,True,9863.19,A,3,3,10,07:00,Monday,July
2025-07-08,N/A,1.26,0.000,0.000,0.000,SKIPPED,0.000,0.00,0.00,False,True,9863.19,A,3,3,10,07:00,Tuesday,July
2025-07-09,N/A,2.61,0.000,0.000,0.000,SKIPPED,0.000,0.00,0.00,False,True,9863.19,A,3,3,10,07:00,Wednesday,July
2025-07-10,N/A,1.25,0.000,0.000,0.000,SKIPPED,0.000,0.00,0.00,False,True,9863.19,A,3,3,10,07:00,Thursday,July
2025-07-11,SHORT,3.37,3337.940,3344.740,3324.340,LOSS,-1.000,-144.12,44.12,False,True,9863.19,A,3,3,10,07:00,Friday,July
2025-07-14,N/A,2.53,0.000,0.000,0.000,SKIPPED,0.000,0.00,0.00,False,True,9719.07,A,3,3,10,07:00,Monday,July
2025-07-15,N/A,1.18,0.000,0.000,0.000,SKIPPED,0.000,0.00,0.00,False,True,9719.07,A,3,3,10,07:00,Tuesday,July
2025-07-16,N/A,0.89,0.000,0.000,0.000,SKIPPED,0.000,0.00,0.00,False,True,9719.07,A,3,3,10,07:00,Wednesday,July
2025-07-17,N/A,1.20,0.000,0.000,0.000,SKIPPED,0.000,0.00,0.00,False,True,9719.07,A,3,3,10,07:00,Thursday,July
2025-07-18,N/A,2.02,0.000,0.000,0.000,SKIPPED,0.000,0.00,0.00,False,True,9719.07,A,3,3,10,07:00,Friday,July
2025-07-21,LONG,3.44,3369.030,3362.200,3382.690,TIMEOUT,-0.422,-86.09,43.92,False,True,9632.98,A,3,3,10,07:00,Monday,July
2025-07-22,N/A,1.05,0.000,0.000,0.000,SKIPPED,0.000,0.00,0.00,False,True,9632.98,A,3,3,10,07:00,Tuesday,July
2025-07-23,N/A,1.28,0.000,0.000,0.000,SKIPPED,0.000,0.00,0.00,False,True,9632.98,A,3,3,10,07:00,Wednesday,July
2025-07-24,N/A,2.00,0.000,0.000,0.000,SKIPPED,0.000,0.00,0.00,False,True,9632.98,A,3,3,10,07:00,Thursday,July
2025-07-25,N/A,1.15,0.000,0.000,0.000,SKIPPED,0.000,0.00,0.00,False,True,9632.98,A,3,3,10,07:00,Friday,July
2025-07-28,N/A,1.29,0.000,0.000,0.000,SKIPPED,0.000,0.00,0.00,False,True,9632.98,A,3,3,10,07:00,Monday,July
2025-07-29,N/A,2.29,0.000,0.000,0.000,SKIPPED,0.000,0.00,0.00,False,True,9632.98,A,3,3,10,07:00,Tuesday,July
2025-07-30,SHORT,4.10,3326.380,3333.580,3311.980,LOSS,-1.000,-141.67,41.67,False,True,9632.98,A,3,3,10,07:00,Wednesday,July
2025-07-31,N/A,0.99,0.000,0.000,0.000,SKIPPED,0.000,0.00,0.00,False,True,9632.98,A,3,3,10,07:00,Thursday,July
2025-08-01,N/A,1.56,0.000,0.000,0.000,SKIPPED,0.000,0.00,0.00,False,True,9632.98,A,3,3,10,07:00,Friday,August
2025-08-04,N/A,1.93,0.000,0.000,0.000,SKIPPED,0.000,0.00,0.00,False,True,9491.32,A,3,3,10,07:00,Monday,August
2025-08-05,N/A,1.36,0.000,0.000,0.000,SKIPPED,0.000,0.00,0.00,False,True,9491.32,A,3,3,10,07:00,Tuesday,August
2025-08-06,N/A,1.12,0.000,0.000,0.000,SKIPPED,0.000,0.00,0.00,False,True,9491.32,A,3,3,10,07:00,Wednesday,August
2025-08-07,N/A,2.51,0.000,0.000,0.000,SKIPPED,0.000,0.00,0.00,False,True,9491.32,A,3,3,10,07:00,Thursday,August
2025-08-08,SHORT,3.72,3390.800,3397.560,3377.280,LOSS,-1.000,-144.38,44.38,False,True,9491.32,A,3,3,10,07:00,Friday,August
2025-08-11,N/A,2.59,0.000,0.000,0.000,SKIPPED,0.000,0.00,0.00,False,True,9346.94,A,3,3,10,07:00,Monday,August
2025-08-12,N/A,1.48,0.000,0.000,0.000,SKIPPED,0.000,0.00,0.00,False,True,9346.94,A,3,3,10,07:00,Tuesday,August
2025-08-13,N/A,1.85,0.000,0.000,0.000,SKIPPED,0.000,0.00,0.00,False,True,9346.94,A,3,3,10,07:00,Wednesday,August
2025-08-14,N/A,1.11,0.000,0.000,0.000,SKIPPED,0.000,0.00,0.00,False,True,9346.94,A,3,3,10,07:00,Thursday,August
2025-08-15,N/A,1.11,0.000,0.000,0.000,SKIPPED,0.000,0.00,0.00,False,True,9346.94,A,3,3,10,07:00,Friday,August
2025-08-18,N/A,2.27,0.000,0.000,0.000,SKIPPED,0.000,0.00,0.00,False,True,9346.94,A,3,3,10,07:00,Monday,August
2025-08-19,N/A,2.00,0.000,0.000,0.000,SKIPPED,0.000,0.00,0.00,False,True,9346.94,A,3,3,10,07:00,Tuesday,August
2025-08-20,N/A,0.89,0.000,0.000,0.000,SKIPPED,0.000,0.00,0.00,False,True,9346.94,A,3,3,10,07:00,Wednesday,August
2025-08-21,N/A,1.44,0.000,0.000,0.000,SKIPPED,0.000,0.00,0.00,False,True,9346.94,A,3,3,10,07:00,Thursday,August
2025-08-22,N/A,2.40,0.000,0.000,0.000,SKIPPED,0.000,0.00,0.00,False,True,9346.94,A,3,3,10,07:00,Friday,August
2025-08-25,N/A,1.38,0.000,0.000,0.000,SKIPPED,0.000,0.00,0.00,False,True,9346.94,A,3,3,10,07:00,Monday,August
2025-08-26,N/A,2.04,0.000,0.000,0.000,SKIPPED,0.000,0.00,0.00,False,True,9346.94,A,3,3,10,07:00,Tuesday,August
2025-08-27,N/A,1.53,0.000,0.000,0.000,SKIPPED,0.000,0.00,0.00,False,True,9346.94,A,3,3,10,07:00,Wednesday,August
2025-08-28,N/A,1.24,0.000,0.000,0.000,SKIPPED,0.000,0.00,0.00,False,True,9346.94,A,3,3,10,07:00,Thursday,August
2025-08-29,N/A,0.91,0.000,0.000,0.000,SKIPPED,0.000,0.00,0.00,False,True,9346.94,A,3,3,10,07:00,Friday,August
2025-09-01,N/A,2.02,0.000,0.000,0.000,SKIPPED,0.000,0.00,0.00,False,True,9346.94,A,3,3,10,07:00,Monday,September
2025-09-02,N/A,2.22,0.000,0.000,0.000,SKIPPED,0.000,0.00,0.00,False,True,9346.94,A,3,3,10,07:00,Tuesday,September
2025-09-03,N/A,2.04,0.000,0.000,0.000,SKIPPED,0.000,0.00,0.00,False,True,9346.94,A,3,3,10,07:00,Wednesday,September
2025-09-04,N/A,2.38,0.000,0.000,0.000,SKIPPED,0.000,0.00,0.00,False,True,9346.94,A,3,3,10,07:00,Thursday,September
2025-09-05,N/A,1.05,0.000,0.000,0.000,SKIPPED,0.000,0.00,0.00,False,True,9346.94,A,3,3,10,07:00,Friday,September
2025-09-08,N/A,1.68,0.000,0.000,0.000,SKIPPED,0.000,0.00,0.00,False,True,9346.94,A,3,3,10,07:00,Monday,September
2025-09-09,N/A,1.51,0.000,0.000,0.000,SKIPPED,0.000,0.00,0.00,False,True,9346.94,A,3,3,10,07:00,Tuesday,September
2025-09-10,N/A,1.20,0.000,0.000,0.000,SKIPPED,0.000,0.00,0.00,False,True,9346.94,A,3,3,10,07:00,Wednesday,September
2025-09-11,N/A,2.01,0.000,0.000,0.000,SKIPPED,0.000,0.00,0.00,False,True,9346.94,A,3,3,10,07:00,Thursday,September
2025-09-12,N/A,2.81,0.000,0.000,0.000,SKIPPED,0.000,0.00,0.00,False,True,9346.94,A,3,3,10,07:00,Friday,September
2025-09-15,N/A,1.04,0.000,0.000,0.000,SKIPPED,0.000,0.00,0.00,False,True,9346.94,A,3,3,10,07:00,Monday,September
2025-09-16,N/A,1.06,0.000,0.000,0.000,SKIPPED,0.000,0.00,0.00,False,True,9346.94,A,3,3,10,07:00,Tuesday,September
2025-09-17,N/A,1.70,0.000,0.000,0.000,SKIPPED,0.000,0.00,0.00,False,True,9346.94,A,3,3,10,07:00,Wednesday,September
2025-09-18,N/A,0.98,0.000,0.000,0.000,SKIPPED,0.000,0.00,0.00,False,True,9346.94,A,3,3,10,07:00,Thursday,September
2025-09-19,N/A,2.32,0.000,0.000,0.000,SKIPPED,0.000,0.00,0.00,False,True,9346.94,A,3,3,10,07:00,Friday,September
2025-09-22,N/A,1.97,0.000,0.000,0.000,SKIPPED,0.000,0.00,0.00,False,True,9346.94,A,3,3,10,07:00,Monday,September
2025-09-23,N/A,2.63,0.000,0.000,0.000,SKIPPED,0.000,0.00,0.00,False,True,9346.94,A,3,3,10,07:00,Tuesday,September
2025-09-24,N/A,1.40,0.000,0.000,0.000,SKIPPED,0.000,0.00,0.00,False,True,9346.94,A,3,3,10,07:00,Wednesday,September
2025-09-25,N/A,2.55,0.000,0.000,0.000,SKIPPED,0.000,0.00,0.00,False,True,9346.94,A,3,3,10,07:00,Thursday,September
2025-09-26,N/A,0.87,0.000,0.000,0.000,SKIPPED,0.000,0.00,0.00,False,True,9346.94,A,3,3,10,07:00,Friday,September
2025-09-29,LONG,3.96,3807.650,3800.040,3822.870,TIMEOUT,1.347,95.27,39.42,False,True,9442.21,A,3,3,10,07:00,Monday,September
2025-09-30,N/A,2.67,0.000,0.000,0.000,SKIPPED,0.000,0.00,0.00,False,True,9442.21,A,3,3,10,07:00,Tuesday,September
2025-10-01,SHORT,3.10,3864.450,3871.020,3851.310,LOSS,-1.000,-145.66,45.66,False,True,9442.21,A,3,3,10,07:00,Wednesday,October
2025-10-02,N/A,2.57,0.000,0.000,0.000,SKIPPED,0.000,0.00,0.00,False,True,9442.21,A,3,3,10,07:00,Thursday,October
2025-10-03,N/A,2.15,0.000,0.000,0.000,SKIPPED,0.000,0.00,0.00,False,True,9442.21,A,3,3,10,07:00,Friday,October
2025-10-06,SHORT,3.90,3932.240,3940.770,3915.180,LOSS,-1.000,-135.17,35.17,False,True,9161.37,A,3,3,10,07:00,Monday,October
2025-10-07,LONG,3.91,3965.660,3957.580,3981.820,LOSS,-1.000,-137.13,37.13,False,True,9161.37,A,3,3,10,07:00,Tuesday,October
2025-10-08,N/A,2.48,0.000,0.000,0.000,SKIPPED,0.000,0.00,0.00,False,True,9161.37,A,3,3,10,07:00,Wednesday,October
2025-10-09,LONG,3.00,4040.880,4034.310,4054.020,LOSS,-1.000,-145.66,45.66,False,True,9161.37,A,3,3,10,07:00,Thursday,October
2025-10-10,SHORT,4.05,3972.060,3979.330,3957.520,WIN,2.000,158.73,41.27,False,True,9161.37,A,3,3,10,07:00,Friday,October
2025-10-13,LONG,3.88,4075.140,4067.050,4091.320,LOSS,-1.000,-137.08,37.08,False,True,8900.23,A,3,3,10,07:00,Monday,October
2025-10-14,SHORT,4.77,4174.290,4182.360,4158.150,WIN,2.000,162.83,37.17,False,True,8900.23,A,3,3,10,07:00,Tuesday,October
2025-10-15,N/A,1.52,0.000,0.000,0.000,SKIPPED,0.000,0.00,0.00,False,True,8900.23,A,3,3,10,07:00,Wednesday,October
2025-10-16,N/A,2.73,0.000,0.000,0.000,SKIPPED,0.000,0.00,0.00,False,True,8900.23,A,3,3,10,07:00,Thursday,October
2025-10-17,SHORT,5.41,4355.740,4366.470,4334.280,LOSS,-1.000,-127.96,27.96,False,True,8900.23,A,3,3,10,07:00,Friday,October
2025-10-20,LONG,6.60,4259.040,4247.560,4282.000,LOSS,-1.000,-126.13,26.13,False,True,8980.83,A,3,3,10,07:00,Monday,October
2025-10-20,SHORT,6.60,4249.500,4260.160,4228.180,WIN,2.000,171.86,28.14,True,True,8980.83,A,3,3,10,07:00,Monday,October
2025-10-21,SHORT,5.26,4329.310,4337.790,4312.350,LOSS,-1.000,-135.38,35.38,False,True,8980.83,A,3,3,10,07:00,Tuesday,October
2025-10-22,SHORT,6.57,4135.350,4148.120,4109.810,LOSS,-1.000,-123.49,23.49,False,True,8980.83,A,3,3,10,07:00,Wednesday,October
2025-10-23,LONG,5.73,4089.820,4080.780,4107.900,WIN,2.000,166.81,33.19,False,True,8980.83,A,3,3,10,07:00,Thursday,October
2025-10-24,N/A,2.94,0.000,0.000,0.000,SKIPPED,0.000,0.00,0.00,False,True,8980.83,A,3,3,10,07:00,Friday,October
2025-10-27,SHORT,3.17,4080.410,4087.060,4067.110,WIN,2.000,154.89,45.11,False,False,9043.66,A,3,3,10,07:00,Monday,October
2025-10-28,SHORT,7.82,3951.320,3962.290,3929.380,WIN,2.000,172.65,27.35,False,False,9043.66,A,3,3,10,07:00,Tuesday,October
2025-10-29,LONG,4.35,3974.270,3966.610,3989.590,WIN,2.000,160.84,39.16,False,False,9043.66,A,3,3,10,07:00,Wednesday,October
2025-10-30,SHORT,7.32,3958.130,3970.170,3934.050,LOSS,-1.000,-124.92,24.92,False,False,9043.66,A,3,3,10,07:00,Thursday,October
2025-10-31,SHORT,4.38,4007.610,4015.880,3991.070,LOSS,-1.000,-136.28,36.28,False,False,9043.66,A,3,3,10,07:00,Friday,October
2025-11-03,N/A,4.58,0.000,0.000,0.000,EXPIRED,0.000,0.00,0.00,False,False,9115.95,A,3,3,10,07:00,Monday,November
2025-11-04,LONG,7.01,3976.630,3966.240,3997.410,WIN,2.000,171.13,28.87,False,False,9115.95,A,3,3,10,07:00,Tuesday,November
2025-11-05,SHORT,3.01,3966.180,3973.090,3952.360,LOSS,-1.000,-143.42,43.42,False,False,9115.95,A,3,3,10,07:00,Wednesday,November
2025-11-05,LONG,3.01,3972.000,3964.080,3987.840,LOSS,-1.000,-137.88,37.88,True,False,9115.95,A,3,3,10,07:00,Wednesday,November
2025-11-06,N/A,1.98,0.000,0.000,0.000,SKIPPED,0.000,0.00,0.00,False,False,9115.95,A,3,3,10,07:00,Thursday,November
2025-11-07,N/A,2.36,0.000,0.000,0.000,SKIPPED,0.000,0.00,0.00,False,False,9115.95,A,3,3,10,07:00,Friday,November
2025-11-10,LONG,3.17,4074.220,4067.490,4087.680,TIMEOUT,1.658,121.25,44.58,False,False,9127.03,A,3,3,10,07:00,Monday,November
2025-11-11,N/A,1.49,0.000,0.000,0.000,SKIPPED,0.000,0.00,0.00,False,False,9127.03,A,3,3,10,07:00,Tuesday,November
2025-11-12,SHORT,3.27,4112.430,4119.010,4099.270,LOSS,-1.000,-145.59,45.59,False,False,9127.03,A,3,3,10,07:00,Wednesday,November
2025-11-13,SHORT,4.00,4207.340,4214.540,4192.940,LOSS,-1.000,-141.67,41.67,False,False,9127.03,A,3,3,10,07:00,Thursday,November
2025-11-14,LONG,8.27,4182.960,4170.570,4207.740,LOSS,-1.000,-124.21,24.21,False,False,9127.03,A,3,3,10,07:00,Friday,November
2025-11-14,SHORT,8.27,4173.310,4184.840,4150.250,LOSS,-1.000,-126.02,26.02,True,False,9127.03,A,3,3,10,07:00,Friday,November
2025-11-17,LONG,6.02,4064.350,4054.970,4083.110,WIN,2.000,168.02,31.98,False,False,8757.56,A,3,3,10,07:00,Monday,November
2025-11-18,SHORT,4.31,4009.220,4017.920,3991.820,LOSS,-1.000,-134.48,34.48,False,False,8757.56,A,3,3,10,07:00,Tuesday,November
2025-11-19,LONG,4.61,4094.390,4086.480,4110.210,LOSS,-1.000,-137.93,37.93,False,False,8757.56,A,3,3,10,07:00,Wednesday,November
2025-11-20,LONG,7.94,4066.650,4055.650,4088.650,LOSS,-1.000,-127.27,27.27,False,False,8757.56,A,3,3,10,07:00,Thursday,November
2025-11-21,N/A,15.19,0.000,0.000,0.000,SKIPPED,0.000,0.00,0.00,False,False,8757.56,A,3,3,10,07:00,Friday,November
2025-11-24,LONG,4.06,4056.540,4049.460,4070.700,WIN,2.000,157.63,42.37,False,False,8515.50,A,3,3,10,07:00,Monday,November
2025-11-25,SHORT,3.14,4139.270,4146.270,4125.270,WIN,2.000,157.14,42.86,False,False,8515.50,A,3,3,10,07:00,Tuesday,November
2025-11-26,N/A,2.53,0.000,0.000,0.000,SKIPPED,0.000,0.00,0.00,False,False,8515.50,A,3,3,10,07:00,Wednesday,November
2025-11-27,LONG,3.29,4157.060,4150.570,4170.040,LOSS,-1.000,-146.22,46.22,False,False,8515.50,A,3,3,10,07:00,Thursday,November
2025-11-28,N/A,1.38,0.000,0.000,0.000,SKIPPED,0.000,0.00,0.00,False,False,8515.50,A,3,3,10,07:00,Friday,November
2025-12-01,LONG,4.35,4234.160,4224.250,4253.980,WIN,2.000,169.73,30.27,False,False,8696.15,A,3,3,10,07:00,Monday,December
2025-12-02,LONG,8.34,4213.070,4201.270,4236.670,LOSS,-1.000,-125.42,25.42,False,False,8696.15,A,3,3,10,07:00,Tuesday,December
2025-12-03,SHORT,3.79,4206.840,4214.700,4191.120,TIMEOUT,-0.234,-61.58,38.17,False,False,8696.15,A,3,3,10,07:00,Wednesday,December
2025-12-04,N/A,2.48,0.000,0.000,0.000,SKIPPED,0.000,0.00,0.00,False,False,8696.15,A,3,3,10,07:00,Thursday,December
2025-12-05,N/A,2.08,0.000,0.000,0.000,SKIPPED,0.000,0.00,0.00,False,False,8696.15,A,3,3,10,07:00,Friday,December
2025-12-08,N/A,1.78,0.000,0.000,0.000,SKIPPED,0.000,0.00,0.00,False,False,8509.15,A,3,3,10,07:00,Monday,December
2025-12-09,LONG,3.26,4178.710,4172.370,4191.390,WIN,2.000,152.68,47.32,False,False,8509.15,A,3,3,10,07:00,Tuesday,December
2025-12-10,N/A,2.80,0.000,0.000,0.000,SKIPPED,0.000,0.00,0.00,False,False,8509.15,A,3,3,10,07:00,Wednesday,December
2025-12-11,LONG,4.56,4214.560,4206.850,4229.980,TIMEOUT,-0.427,-81.58,38.91,False,False,8509.15,A,3,3,10,07:00,Thursday,December
2025-12-12,N/A,2.63,0.000,0.000,0.000,SKIPPED,0.000,0.00,0.00,False,False,8509.15,A,3,3,10,07:00,Friday,December
2025-12-15,N/A,2.13,0.000,0.000,0.000,SKIPPED,0.000,0.00,0.00,False,False,8580.25,A,3,3,10,07:00,Monday,December
2025-12-16,N/A,2.96,0.000,0.000,0.000,SKIPPED,0.000,0.00,0.00,False,False,8580.25,A,3,3,10,07:00,Tuesday,December
2025-12-17,N/A,1.95,0.000,0.000,0.000,SKIPPED,0.000,0.00,0.00,False,False,8580.25,A,3,3,10,07:00,Wednesday,December
2025-12-18,N/A,2.12,0.000,0.000,0.000,SKIPPED,0.000,0.00,0.00,False,False,8580.25,A,3,3,10,07:00,Thursday,December
2025-12-19,N/A,1.92,0.000,0.000,0.000,SKIPPED,0.000,0.00,0.00,False,False,8580.25,A,3,3,10,07:00,Friday,December
2025-12-22,N/A,2.26,0.000,0.000,0.000,SKIPPED,0.000,0.00,0.00,False,False,8580.25,A,3,3,10,07:00,Monday,December
2025-12-23,LONG,4.33,4476.040,4468.690,4490.740,WIN,2.000,159.18,40.82,False,False,8580.25,A,3,3,10,07:00,Tuesday,December
2025-12-24,LONG,3.77,4490.460,4482.640,4506.100,LOSS,-1.000,-138.36,38.36,False,False,8580.25,A,3,3,10,07:00,Wednesday,December
2025-12-26,LONG,3.50,4518.740,4512.080,4532.060,LOSS,-1.000,-145.05,45.05,False,False,8580.25,A,3,3,10,07:00,Friday,December
2025-12-29,N/A,11.45,0.000,0.000,0.000,SKIPPED,0.000,0.00,0.00,False,False,8456.02,A,3,3,10,07:00,Monday,December
2025-12-30,LONG,4.18,4369.030,4361.250,4384.590,LOSS,-1.000,-138.56,38.56,False,False,8456.02,A,3,3,10,07:00,Tuesday,December
2025-12-30,SHORT,4.18,4362.380,4371.430,4344.280,LOSS,-1.000,-133.15,33.15,True,False,8456.02,A,3,3,10,07:00,Tuesday,December
2025-12-31,N/A,11.40,0.000,0.000,0.000,SKIPPED,0.000,0.00,0.00,False,False,8456.02,A,3,3,10,07:00,Wednesday,December
2026-01-02,N/A,2.59,0.000,0.000,0.000,SKIPPED,0.000,0.00,0.00,False,False,8456.02,A,3,3,10,07:00,Friday,January
2026-01-05,SHORT,6.83,4418.760,4429.100,4398.080,LOSS,-1.000,-129.01,29.01,False,False,8055.30,A,3,3,10,07:00,Monday,January
2026-01-06,LONG,3.33,4463.600,4454.960,4480.880,LOSS,-1.000,-134.72,34.72,False,False,8055.30,A,3,3,10,07:00,Tuesday,January
2026-01-07,SHORT,4.17,4451.400,4459.280,4435.640,LOSS,-1.000,-138.07,38.07,False,False,8055.30,A,3,3,10,07:00,Wednesday,January
2026-01-08,LONG,3.31,4428.970,4422.010,4442.890,LOSS,-1.000,-143.10,43.10,False,False,8055.30,A,3,3,10,07:00,Thursday,January
2026-01-09,LONG,5.26,4474.430,4465.170,4492.950,LOSS,-1.000,-132.40,32.40,False,False,8055.30,A,3,3,10,07:00,Friday,January
2026-01-12,N/A,2.69,0.000,0.000,0.000,SKIPPED,0.000,0.00,0.00,False,False,7507.00,A,3,3,10,07:00,Monday,January
2026-01-13,SHORT,4.16,4579.900,4589.950,4559.800,LOSS,-1.000,-129.85,29.85,False,False,7507.00,A,3,3,10,07:00,Tuesday,January
2026-01-14,N/A,2.93,0.000,0.000,0.000,SKIPPED,0.000,0.00,0.00,False,False,7507.00,A,3,3,10,07:00,Wednesday,January
2026-01-15,SHORT,4.50,4603.200,4611.220,4587.160,LOSS,-1.000,-137.41,37.41,False,False,7507.00,A,3,3,10,07:00,Thursday,January
2026-01-16,SHORT,3.89,4604.490,4611.470,4590.530,LOSS,-1.000,-142.98,42.98,False,False,7507.00,A,3,3,10,07:00,Friday,January
2026-01-19,N/A,2.34,0.000,0.000,0.000,SKIPPED,0.000,0.00,0.00,False,False,7096.77,A,3,3,10,07:00,Monday,January
2026-01-20,SHORT,4.09,4708.970,4716.550,4693.810,LOSS,-1.000,-139.58,39.58,False,False,7096.77,A,3,3,10,07:00,Tuesday,January
2026-01-21,SHORT,8.94,4878.920,4891.440,4853.880,WIN,2.000,176.04,23.96,False,False,7096.77,A,3,3,10,07:00,Wednesday,January
2026-01-22,SHORT,3.93,4824.940,4832.240,4810.340,LOSS,-1.000,-141.10,41.10,False,False,7096.77,A,3,3,10,07:00,Thursday,January
2026-01-23,SHORT,6.19,4952.120,4961.830,4932.700,WIN,2.000,169.10,30.90,False,False,7096.77,A,3,3,10,07:00,Friday,January
2026-01-26,LONG,4.78,5079.420,5069.480,5099.300,WIN,2.000,169.82,30.18,False,False,7331.06,A,3,3,10,07:00,Monday,January
2026-01-27,SHORT,5.37,5080.110,5090.500,5059.330,LOSS,-1.000,-128.87,28.87,False,False,7331.06,A,3,3,10,07:00,Tuesday,January
2026-01-28,LONG,7.72,5260.460,5248.950,5283.480,WIN,2.000,173.94,26.06,False,False,7331.06,A,3,3,10,07:00,Wednesday,January
2026-01-29,N/A,10.13,0.000,0.000,0.000,SKIPPED,0.000,0.00,0.00,False,False,7331.06,A,3,3,10,07:00,Thursday,January
2026-01-30,N/A,41.05,0.000,0.000,0.000,SKIPPED,0.000,0.00,0.00,False,False,7331.06,A,3,3,10,07:00,Friday,January
2026-02-02,N/A,61.77,0.000,0.000,0.000,SKIPPED,0.000,0.00,0.00,False,False,7376.12,A,3,3,10,07:00,Monday,February
2026-02-03,N/A,15.37,0.000,0.000,0.000,SKIPPED,0.000,0.00,0.00,False,False,7376.12,A,3,3,10,07:00,Tuesday,February
2026-02-04,LONG,8.46,5062.430,5049.930,5087.430,WIN,2.000,176.00,24.00,False,False,7376.12,A,3,3,10,07:00,Wednesday,February
2026-02-05,N/A,19.30,0.000,0.000,0.000,SKIPPED,0.000,0.00,0.00,False,False,7376.12,A,3,3,10,07:00,Thursday,February
2026-02-06,N/A,13.28,0.000,0.000,0.000,SKIPPED,0.000,0.00,0.00,False,False,7376.12,A,3,3,10,07:00,Friday,February
2026-02-09,LONG,7.10,5029.430,5018.250,5051.790,LOSS,-1.000,-126.83,26.83,False,False,7425.28,A,3,3,10,07:00,Monday,February
2026-02-10,SHORT,6.44,5030.410,5040.050,5011.130,LOSS,-1.000,-131.12,31.12,False,False,7425.28,A,3,3,10,07:00,Tuesday,February
2026-02-11,LONG,3.16,5058.590,5051.810,5072.150,LOSS,-1.000,-144.25,44.25,False,False,7425.28,A,3,3,10,07:00,Wednesday,February
2026-02-12,SHORT,8.11,5055.100,5066.530,5032.240,LOSS,-1.000,-126.25,26.25,False,False,7425.28,A,3,3,10,07:00,Thursday,February
2026-02-13,LONG,8.02,4959.840,4947.060,4985.400,WIN,2.000,176.53,23.47,False,False,7425.28,A,3,3,10,07:00,Friday,February
2026-02-16,LONG,4.39,4995.880,4987.300,5013.040,WIN,2.000,165.03,34.97,False,False,7365.23,A,3,3,10,07:00,Monday,February
2026-02-17,LONG,4.19,4898.600,4888.740,4918.320,WIN,2.000,169.57,30.43,False,False,7365.23,A,3,3,10,07:00,Tuesday,February
2026-02-18,N/A,2.23,0.000,0.000,0.000,SKIPPED,0.000,0.00,0.00,False,False,7365.23,A,3,3,10,07:00,Wednesday,February
2026-02-19,LONG,3.61,5003.610,4995.740,5019.350,WIN,2.000,161.88,38.12,False,False,7365.23,A,3,3,10,07:00,Thursday,February
2026-02-20,SHORT,7.78,5021.350,5032.160,4999.730,LOSS,-1.000,-127.75,27.75,False,False,7365.23,A,3,3,10,07:00,Friday,February
2026-02-23,SHORT,8.34,5152.330,5163.770,5129.450,WIN,2.000,173.78,26.22,False,False,7742.71,A,3,3,10,07:00,Monday,February
2026-02-24,N/A,10.83,0.000,0.000,0.000,SKIPPED,0.000,0.00,0.00,False,False,7742.71,A,3,3,10,07:00,Tuesday,February
2026-02-25,LONG,4.10,5193.010,5185.620,5207.790,LOSS,-1.000,-140.60,40.60,False,False,7742.71,A,3,3,10,07:00,Wednesday,February
2026-02-26,SHORT,4.66,5193.050,5200.830,5177.490,WIN,2.000,161.44,38.56,False,False,7742.71,A,3,3,10,07:00,Thursday,February
2026-02-27,LONG,3.28,5196.140,5189.130,5210.160,LOSS,-1.000,-142.80,42.80,False,False,7742.71,A,3,3,10,07:00,Friday,February
2026-03-02,SHORT,3.76,5376.620,5384.010,5361.840,LOSS,-1.000,-140.60,40.60,False,False,7480.16,A,3,3,10,07:00,Monday,March
2026-03-03,N/A,12.60,0.000,0.000,0.000,SKIPPED,0.000,0.00,0.00,False,False,7480.16,A,3,3,10,07:00,Tuesday,March
2026-03-04,LONG,6.39,5147.450,5131.040,5180.270,WIN,2.000,181.72,18.28,False,False,7480.16,A,3,3,10,07:00,Wednesday,March
2026-03-05,LONG,3.83,5144.440,5136.960,5159.400,WIN,2.000,159.89,40.11,False,False,7480.16,A,3,3,10,07:00,Thursday,March
2026-03-06,SHORT,4.46,5118.210,5125.890,5102.850,WIN,2.000,160.94,39.06,False,False,7480.16,A,3,3,10,07:00,Friday,March
2026-03-09,SHORT,5.73,5122.580,5132.070,5103.600,WIN,2.000,168.39,31.61,False,False,8151.10,A,3,3,10,07:00,Monday,March
2026-03-10,LONG,5.56,5177.560,5168.910,5194.860,LOSS,-1.000,-134.68,34.68,False,False,8151.10,A,3,3,10,07:00,Tuesday,March
2026-03-11,SHORT,4.11,5202.610,5210.280,5187.270,WIN,2.000,160.89,39.11,False,False,8151.10,A,3,3,10,07:00,Wednesday,March
2026-03-12,N/A,2.09,0.000,0.000,0.000,SKIPPED,0.000,0.00,0.00,False,False,8151.10,A,3,3,10,07:00,Thursday,March
2026-03-13,SHORT,8.39,5087.360,5100.290,5061.500,WIN,2.000,176.80,23.20,False,False,8151.10,A,3,3,10,07:00,Friday,March
2026-03-16,SHORT,4.67,5025.010,5033.290,5008.450,WIN,2.000,163.77,36.23,False,False,8517.87,A,3,3,10,07:00,Monday,March
2026-03-17,LONG,6.21,5014.600,5003.800,5036.200,LOSS,-1.000,-127.78,27.78,False,False,8517.87,A,3,3,10,07:00,Tuesday,March
2026-03-18,N/A,1.85,0.000,0.000,0.000,SKIPPED,0.000,0.00,0.00,False,False,8517.87,A,3,3,10,07:00,Wednesday,March
2026-03-19,N/A,10.47,0.000,0.000,0.000,SKIPPED,0.000,0.00,0.00,False,False,8517.87,A,3,3,10,07:00,Thursday,March
2026-03-20,N/A,10.45,0.000,0.000,0.000,SKIPPED,0.000,0.00,0.00,False,False,8517.87,A,3,3,10,07:00,Friday,March
2026-03-23,N/A,43.62,0.000,0.000,0.000,SKIPPED,0.000,0.00,0.00,False,False,8390.09,A,3,3,10,07:00,Monday,March
2026-03-24,N/A,14.32,0.000,0.000,0.000,SKIPPED,0.000,0.00,0.00,False,False,8390.09,A,3,3,10,07:00,Tuesday,March
2026-03-25,LONG,4.10,4553.860,4545.180,4571.220,LOSS,-1.000,-134.56,34.56,False,False,8390.09,A,3,3,10,07:00,Wednesday,March
2026-03-25,SHORT,4.10,4547.480,4555.280,4531.880,LOSS,-1.000,-138.46,38.46,True,False,8390.09,A,3,3,10,07:00,Wednesday,March
2026-03-26,N/A,13.24,0.000,0.000,0.000,SKIPPED,0.000,0.00,0.00,False,False,8390.09,A,3,3,10,07:00,Thursday,March
2026-03-27,LONG,4.95,4466.030,4457.650,4482.790,LOSS,-1.000,-135.80,35.80,False,False,8390.09,A,3,3,10,07:00,Friday,March
2026-03-27,SHORT,4.95,4459.410,4468.600,4441.030,WIN,2.000,167.36,32.64,True,False,8390.09,A,3,3,10,07:00,Friday,March
2026-03-30,N/A,10.58,0.000,0.000,0.000,SKIPPED,0.000,0.00,0.00,False,True,8148.62,A,3,3,10,07:00,Monday,March
2026-03-31,SHORT,7.59,4559.360,4570.920,4536.240,LOSS,-1.000,-125.95,25.95,False,True,8148.62,A,3,3,10,07:00,Tuesday,March
2026-03-31,LONG,7.59,4568.610,4557.330,4591.170,LOSS,-1.000,-126.60,26.60,True,True,8148.62,A,3,3,10,07:00,Tuesday,March
2026-04-01,LONG,7.73,4690.340,4679.190,4712.640,WIN,2.000,173.09,26.91,False,True,8148.62,A,3,3,10,07:00,Wednesday,April
2026-04-02,SHORT,7.14,4668.640,4683.450,4639.020,WIN,2.000,179.74,20.26,False,True,8148.62,A,3,3,10,07:00,Thursday,April
2026-04-06,SHORT,6.80,4665.000,4676.700,4641.600,LOSS,-1.000,-125.64,25.64,False,True,8123.27,A,3,3,10,07:00,Monday,April
2026-04-07,N/A,17.30,0.000,0.000,0.000,SKIPPED,0.000,0.00,0.00,False,True,8123.27,A,3,3,10,07:00,Tuesday,April
2026-04-08,LONG,6.02,4816.460,4807.410,4834.560,WIN,2.000,166.85,33.15,False,True,8123.27,A,3,3,10,07:00,Wednesday,April
2026-04-09,SHORT,6.06,4720.260,4729.520,4701.740,LOSS,-1.000,-132.40,32.40,False,True,8123.27,A,3,3,10,07:00,Thursday,April
2026-04-10,LONG,4.54,4764.340,4756.350,4780.320,LOSS,-1.000,-137.55,37.55,False,True,8123.27,A,3,3,10,07:00,Friday,April
2026-04-13,LONG,4.79,4722.300,4713.660,4739.580,WIN,2.000,165.28,34.72,False,True,8185.46,A,3,3,10,07:00,Monday,April
2026-04-14,LONG,3.39,4766.000,4758.420,4781.160,LOSS,-1.000,-139.58,39.58,False,True,8185.46,A,3,3,10,07:00,Tuesday,April
2026-04-14,SHORT,3.39,4760.640,4767.810,4746.300,LOSS,-1.000,-141.84,41.84,True,True,8185.46,A,3,3,10,07:00,Tuesday,April
2026-04-15,SHORT,3.99,4823.880,4831.570,4808.500,WIN,2.000,160.99,39.01,False,True,8185.46,A,3,3,10,07:00,Wednesday,April
2026-04-16,N/A,2.47,0.000,0.000,0.000,SKIPPED,0.000,0.00,0.00,False,True,8185.46,A,3,3,10,07:00,Thursday,April
2026-04-17,N/A,2.20,0.000,0.000,0.000,SKIPPED,0.000,0.00,0.00,False,True,8185.46,A,3,3,10,07:00,Friday,April
2026-04-20,LONG,3.66,4792.050,4782.240,4811.670,LOSS,-1.000,-130.58,30.58,False,True,7803.58,A,3,3,10,07:00,Monday,April
2026-04-20,SHORT,3.66,4782.180,4791.900,4762.740,LOSS,-1.000,-130.86,30.86,True,True,7803.58,A,3,3,10,07:00,Monday,April
2026-04-21,LONG,4.68,4792.300,4782.980,4810.940,LOSS,-1.000,-132.19,32.19,False,True,7803.58,A,3,3,10,07:00,Tuesday,April
2026-04-22,SHORT,6.31,4764.510,4773.980,4745.570,TIMEOUT,0.567,25.03,31.68,False,True,7803.58,A,3,3,10,07:00,Wednesday,April
2026-04-23,N/A,2.22,0.000,0.000,0.000,SKIPPED,0.000,0.00,0.00,False,True,7803.58,A,3,3,10,07:00,Thursday,April
2026-04-24,N/A,2.28,0.000,0.000,0.000,SKIPPED,0.000,0.00,0.00,False,True,7803.58,A,3,3,10,07:00,Friday,April
2026-04-27,N/A,2.28,0.000,0.000,0.000,SKIPPED,0.000,0.00,0.00,False,True,7696.42,A,3,3,10,07:00,Monday,April
2026-04-28,N/A,1.98,0.000,0.000,0.000,SKIPPED,0.000,0.00,0.00,False,True,7696.42,A,3,3,10,07:00,Tuesday,April
2026-04-29,N/A,1.91,0.000,0.000,0.000,SKIPPED,0.000,0.00,0.00,False,True,7696.42,A,3,3,10,07:00,Wednesday,April
2026-04-30,N/A,2.85,0.000,0.000,0.000,SKIPPED,0.000,0.00,0.00,False,True,7696.42,A,3,3,10,07:00,Thursday,April
2026-05-01,SHORT,3.45,4612.730,4619.220,4599.750,WIN,2.000,153.78,46.22,False,True,7696.42,A,3,3,10,07:00,Friday,May
2026-05-04,SHORT,9.56,4593.930,4608.220,4565.350,WIN,2.000,179.01,20.99,False,True,8029.20,A,3,3,10,07:00,Monday,May
2026-05-05,N/A,2.37,0.000,0.000,0.000,SKIPPED,0.000,0.00,0.00,False,True,8029.20,A,3,3,10,07:00,Tuesday,May
2026-05-06,SHORT,5.06,4649.810,4658.430,4632.570,LOSS,-1.000,-134.80,34.80,False,True,8029.20,A,3,3,10,07:00,Wednesday,May
2026-05-07,N/A,1.81,0.000,0.000,0.000,SKIPPED,0.000,0.00,0.00,False,True,8029.20,A,3,3,10,07:00,Thursday,May
2026-05-08,LONG,7.88,4725.270,4709.270,4757.270,LOSS,-1.000,-118.75,18.75,False,True,8029.20,A,3,3,10,07:00,Friday,May
2026-05-11,LONG,4.28,4677.580,4667.770,4697.200,LOSS,-1.000,-130.58,30.58,False,True,7645.07,A,3,3,10,07:00,Monday,May
2026-05-12,N/A,2.50,0.000,0.000,0.000,SKIPPED,0.000,0.00,0.00,False,True,7645.07,A,3,3,10,07:00,Tuesday,May
2026-05-13,N/A,2.27,0.000,0.000,0.000,SKIPPED,0.000,0.00,0.00,False,True,7645.07,A,3,3,10,07:00,Wednesday,May
2026-05-14,LONG,3.99,4700.570,4690.440,4720.830,LOSS,-1.000,-129.62,29.62,False,True,7645.07,A,3,3,10,07:00,Thursday,May
2026-05-15,SHORT,6.71,4580.820,4593.250,4555.960,WIN,2.000,175.86,24.14,False,True,7645.07,A,3,3,10,07:00,Friday,May
2026-05-18,SHORT,5.55,4543.550,4553.630,4523.390,LOSS,-1.000,-129.76,29.76,False,True,7561.55,A,3,3,10,07:00,Monday,May
2026-05-19,LONG,7.41,4540.700,4530.210,4561.680,LOSS,-1.000,-128.60,28.60,False,True,7561.55,A,3,3,10,07:00,Tuesday,May
2026-05-20,LONG,4.35,4475.580,4464.210,4498.320,LOSS,-1.000,-126.39,26.39,False,True,7561.55,A,3,3,10,07:00,Wednesday,May
2026-05-20,LONG,4.35,4471.570,4464.210,4486.290,LOSS,-1.000,-140.76,40.76,True,True,7561.55,A,3,3,10,07:00,Wednesday,May
2026-05-21,SHORT,6.50,4520.090,4531.220,4497.830,LOSS,-1.000,-126.95,26.95,False,True,7561.55,A,3,3,10,07:00,Thursday,May
2026-05-22,LONG,3.23,4530.260,4522.890,4545.000,LOSS,-1.000,-140.71,40.71,False,True,7561.55,A,3,3,10,07:00,Friday,May
2026-05-25,SHORT,3.00,4553.030,4559.920,4539.250,LOSS,-1.000,-143.54,43.54,False,True,6608.95,A,3,3,10,07:00,Monday,May
2026-05-25,LONG,3.00,4557.490,4550.920,4570.630,LOSS,-1.000,-145.66,45.66,True,True,6608.95,A,3,3,10,07:00,Monday,May
2026-05-26,N/A,2.72,0.000,0.000,0.000,SKIPPED,0.000,0.00,0.00,False,True,6608.95,A,3,3,10,07:00,Tuesday,May
2026-05-27,N/A,2.41,0.000,0.000,0.000,SKIPPED,0.000,0.00,0.00,False,True,6608.95,A,3,3,10,07:00,Wednesday,May
2026-05-28,LONG,3.37,4383.010,4373.570,4401.890,WIN,2.000,168.22,31.78,False,True,6608.95,A,3,3,10,07:00,Thursday,May
2026-05-29,N/A,1.33,0.000,0.000,0.000,SKIPPED,0.000,0.00,0.00,False,True,6608.95,A,3,3,10,07:00,Friday,May
2026-06-01,SHORT,3.17,4518.620,4526.510,4502.840,WIN,2.000,161.98,38.02,False,True,6939.14,A,3,3,10,07:00,Monday,June
2026-06-02,LONG,5.13,4524.580,4513.680,4546.380,TIMEOUT,0.783,50.83,27.52,False,True,6939.14,A,3,3,10,07:00,Tuesday,June
2026-06-03,SHORT,3.24,4462.390,4472.750,4441.670,WIN,2.000,171.04,28.96,False,True,6939.14,A,3,3,10,07:00,Wednesday,June
2026-06-04,LONG,3.27,4474.380,4467.960,4487.220,LOSS,-1.000,-146.73,46.73,False,True,6939.14,A,3,3,10,07:00,Thursday,June
2026-06-04,SHORT,3.27,4469.270,4477.230,4453.350,TIMEOUT,-0.552,-92.84,37.69,True,True,6939.14,A,3,3,10,07:00,Thursday,June
2026-06-05,N/A,1.82,0.000,0.000,0.000,SKIPPED,0.000,0.00,0.00,False,True,6939.14,A,3,3,10,07:00,Friday,June
2026-06-08,SHORT,4.15,4303.410,4316.210,4277.810,WIN,2.000,176.56,23.44,False,True,7098.01,A,3,3,10,07:00,Monday,June
2026-06-09,N/A,1.63,0.000,0.000,0.000,SKIPPED,0.000,0.00,0.00,False,True,7098.01,A,3,3,10,07:00,Tuesday,June
2026-06-10,LONG,7.57,4189.630,4176.760,4215.370,WIN,2.000,176.69,23.31,False,True,7098.01,A,3,3,10,07:00,Wednesday,June
2026-06-11,LONG,7.29,4083.510,4069.770,4110.990,WIN,2.000,178.17,21.83,False,True,7098.01,A,3,3,10,07:00,Thursday,June
2026-06-12,SHORT,3.62,4185.800,4192.640,4172.120,WIN,2.000,156.14,43.86,False,True,7098.01,A,3,3,10,07:00,Friday,June
2026-06-15,SHORT,3.47,4327.820,4335.050,4313.360,WIN,2.000,158.51,41.49,False,True,7767.51,A,3,3,10,07:00,Monday,June
2026-06-16,LONG,3.04,4327.900,4321.490,4340.720,LOSS,-1.000,-146.80,46.80,False,True,7767.51,A,3,3,10,07:00,Tuesday,June
