date,side,entry_time_ny,entry,stop,target,stop_dist,tp_dist,outcome,exit,pnl_pts,R,bars_held,mins_held,mae_pts,mfe_pts,range_w,bo_vol,vol_trail_rel,vol_pm_rel,vol_z,pm_avg_vol,dow,dt,usd,year,month,week,week_start
2023-07-05,LONG,2023-07-05 10:00:00-04:00,15224.3,15184.3,15344.3,40,120.0,SL,15184.3,-40.0,-1.0,24,120,-40.6,52.8,88.1,2050,1.665,0.959,1.328,2138.3,2,2023-07-05,-100.0,2023,2023-07,2023-W27,2023-07-03
2023-07-06,SHORT,2023-07-06 10:00:00-04:00,14983.2,15023.2,14863.2,40,120.0,SL,15023.2,-40.0,-1.0,6,30,-48.2,14.4,138.9,2250,1.332,1.023,1.505,2200.0,3,2023-07-06,-100.0,2023,2023-07,2023-W27,2023-07-03
2023-07-11,SHORT,2023-07-11 10:00:00-04:00,14993.3,15033.3,14873.3,40,120.0,SL,15033.3,-40.0,-1.0,5,25,-43.0,22.1,60.0,2082,1.593,0.943,1.293,2208.3,1,2023-07-11,-100.0,2023,2023-07,2023-W28,2023-07-10
2023-07-12,LONG,2023-07-12 10:00:00-04:00,15323.6,15283.6,15443.6,40,120.0,SL,15283.6,-40.0,-1.0,19,95,-56.9,41.0,162.9,2110,1.203,0.957,0.837,2204.0,2,2023-07-12,-100.0,2023,2023-07,2023-W28,2023-07-10
2023-07-13,LONG,2023-07-13 10:00:00-04:00,15457.0,15417.0,15577.0,40,120.0,TP,15577.0,120.0,3.0,63,315,-33.8,120.8,92.8,2058,1.343,0.963,1.099,2138.0,3,2023-07-13,300.0,2023,2023-07,2023-W28,2023-07-10
2023-07-14,LONG,2023-07-14 10:00:00-04:00,15669.4,15629.4,15789.4,40,120.0,SL,15629.4,-40.0,-1.0,9,45,-43.4,52.3,51.5,2250,1.776,1.078,1.744,2086.7,4,2023-07-14,-100.0,2023,2023-07,2023-W28,2023-07-10
2023-07-17,LONG,2023-07-17 10:00:00-04:00,15615.9,15575.9,15735.9,40,120.0,TP,15735.9,120.0,3.0,63,315,-19.9,129.0,50.5,1986,1.552,0.914,1.189,2172.0,0,2023-07-17,300.0,2023,2023-07,2023-W29,2023-07-17
2023-07-18,SHORT,2023-07-18 10:00:00-04:00,15636.1,15676.1,15516.1,40,120.0,SL,15676.1,-40.0,-1.0,14,70,-41.3,14.8,46.0,2060,1.415,0.952,1.126,2163.0,1,2023-07-18,-100.0,2023,2023-07,2023-W29,2023-07-17
2023-07-20,SHORT,2023-07-20 10:15:00-04:00,15661.4,15701.4,15541.4,40,120.0,TP,15541.4,120.0,3.0,48,240,-6.2,139.5,98.2,2198,1.369,1.015,1.11,2164.8,3,2023-07-20,300.0,2023,2023-07,2023-W29,2023-07-17
2023-07-21,SHORT,2023-07-21 10:20:00-04:00,15473.1,15513.1,15353.1,40,120.0,SL,15513.1,-40.0,-1.0,10,50,-48.3,39.9,119.9,2080,1.305,0.928,0.804,2241.0,4,2023-07-21,-100.0,2023,2023-07,2023-W29,2023-07-17
2023-07-24,SHORT,2023-07-24 10:00:00-04:00,15396.5,15436.5,15276.5,40,120.0,SL,15436.5,-40.0,-1.0,2,10,-46.3,9.2,67.7,2104,1.682,0.932,1.278,2257.0,0,2023-07-24,-100.0,2023,2023-07,2023-W30,2023-07-24
2023-07-25,LONG,2023-07-25 10:00:00-04:00,15542.4,15502.4,15662.4,40,120.0,SL,15502.4,-40.0,-1.0,6,30,-44.6,4.3,69.7,2090,1.823,1.004,1.482,2082.7,1,2023-07-25,-100.0,2023,2023-07,2023-W30,2023-07-24
2023-07-27,LONG,2023-07-27 10:00:00-04:00,15764.0,15724.0,15884.0,40,120.0,SL,15724.0,-40.0,-1.0,2,10,-40.6,1.3,132.7,2130,1.306,0.974,1.228,2187.3,3,2023-07-27,-100.0,2023,2023-07,2023-W30,2023-07-24
2023-07-28,LONG,2023-07-28 10:00:00-04:00,15722.0,15682.0,15842.0,40,120.0,SL,15682.0,-40.0,-1.0,5,25,-41.6,3.7,144.1,2214,1.367,1.003,1.409,2206.8,4,2023-07-28,-100.0,2023,2023-07,2023-W30,2023-07-24
2023-08-01,SHORT,2023-08-01 10:15:00-04:00,15646.4,15686.4,15526.4,40,120.0,SL,15686.4,-40.0,-1.0,3,15,-61.3,8.9,101.5,2132,1.353,0.995,1.069,2141.7,1,2023-08-01,-100.0,2023,2023-08,2023-W31,2023-07-31
2023-08-02,SHORT,2023-08-02 10:05:00-04:00,15461.7,15501.7,15341.7,40,120.0,TP,15341.7,120.0,3.0,23,115,-11.9,124.3,127.7,2156,1.31,0.963,1.192,2238.3,2,2023-08-02,300.0,2023,2023-08,2023-W31,2023-07-31
2023-08-07,SHORT,2023-08-07 10:00:00-04:00,15306.1,15346.1,15186.1,40,120.0,SL,15346.1,-40.0,-1.0,3,15,-42.3,9.3,72.0,2238,1.624,0.978,1.419,2288.3,0,2023-08-07,-100.0,2023,2023-08,2023-W32,2023-08-07
2023-08-08,SHORT,2023-08-08 10:00:00-04:00,15221.9,15261.9,15101.9,40,120.0,SL,15261.9,-40.0,-1.0,59,295,-46.4,76.6,124.1,2190,1.521,0.985,1.438,2222.7,1,2023-08-08,-100.0,2023,2023-08,2023-W32,2023-08-07
2023-08-09,SHORT,2023-08-09 10:00:00-04:00,15214.8,15254.8,15094.8,40,120.0,TP,15094.8,120.0,3.0,15,75,-10.7,129.5,74.7,2014,1.453,0.928,1.203,2171.3,2,2023-08-09,300.0,2023,2023-08,2023-W32,2023-08-07
2023-08-15,SHORT,2023-08-15 10:05:00-04:00,15068.4,15108.4,14948.4,40,120.0,SL,15108.4,-40.0,-1.0,11,55,-40.8,24.7,178.4,2202,1.265,0.993,1.125,2218.3,1,2023-08-15,-100.0,2023,2023-08,2023-W33,2023-08-14
2023-08-17,SHORT,2023-08-17 10:10:00-04:00,14843.8,14883.8,14723.8,40,120.0,SL,14883.8,-40.0,-1.0,27,135,-42.2,45.9,96.1,2104,1.314,0.947,1.01,2221.3,3,2023-08-17,-100.0,2023,2023-08,2023-W33,2023-08-14
2023-08-21,LONG,2023-08-21 10:00:00-04:00,14859.1,14819.1,14979.1,40,120.0,SL,14819.1,-40.0,-1.0,4,20,-55.2,16.6,137.2,2072,1.521,0.941,1.265,2203.0,0,2023-08-21,-100.0,2023,2023-08,2023-W34,2023-08-21
2023-08-23,LONG,2023-08-23 10:00:00-04:00,15042.4,15002.4,15162.4,40,120.0,TP,15162.4,120.0,3.0,39,195,-11.0,123.0,122.5,2146,1.44,0.964,1.332,2225.0,2,2023-08-23,300.0,2023,2023-08,2023-W34,2023-08-21
2023-08-24,SHORT,2023-08-24 10:00:00-04:00,15178.8,15218.8,15058.8,40,120.0,TP,15058.8,120.0,3.0,4,20,-0.8,121.4,93.2,2294,1.481,1.022,1.567,2245.0,3,2023-08-24,300.0,2023,2023-08,2023-W34,2023-08-21
2023-08-25,LONG,2023-08-25 10:00:00-04:00,14914.6,14874.6,15034.6,40,120.0,SL,14874.6,-40.0,-1.0,1,5,-67.3,5.9,132.5,2325,1.666,1.069,1.785,2175.3,4,2023-08-25,-100.0,2023,2023-08,2023-W34,2023-08-21
2023-08-29,LONG,2023-08-29 10:00:00-04:00,15190.3,15150.3,15310.3,40,120.0,TP,15310.3,120.0,3.0,16,80,-9.5,121.4,96.9,2384,1.726,1.135,2.095,2100.3,1,2023-08-29,300.0,2023,2023-08,2023-W35,2023-08-28
2023-08-30,LONG,2023-08-30 10:00:00-04:00,15436.7,15396.7,15556.7,40,120.0,SL,15396.7,-40.0,-1.0,4,20,-64.0,32.4,89.7,2146,1.329,0.992,1.299,2163.3,2,2023-08-30,-100.0,2023,2023-08,2023-W35,2023-08-28
2023-08-31,LONG,2023-08-31 10:00:00-04:00,15522.0,15482.0,15642.0,40,120.0,SL,15482.0,-40.0,-1.0,33,165,-58.4,52.9,84.0,2054,1.317,0.926,0.988,2217.7,3,2023-08-31,-100.0,2023,2023-08,2023-W35,2023-08-28
2023-09-06,SHORT,2023-09-06 10:00:00-04:00,15388.8,15428.8,15268.8,40,120.0,TIMEOUT,15365.9,22.9,0.572,72,360,-20.7,101.2,78.9,2365,1.792,1.1,1.879,2150.0,2,2023-09-06,57.2,2023,2023-09,2023-W36,2023-09-04
2023-09-07,SHORT,2023-09-07 10:00:00-04:00,15147.9,15187.9,15027.9,40,120.0,SL,15187.9,-40.0,-1.0,2,10,-62.4,2.6,164.6,2136,1.32,0.963,1.145,2218.7,3,2023-09-07,-100.0,2023,2023-09,2023-W36,2023-09-04
2023-09-08,LONG,2023-09-08 10:00:00-04:00,15342.9,15302.9,15462.9,40,120.0,SL,15302.9,-40.0,-1.0,10,50,-41.9,32.8,119.5,2156,1.583,1.015,1.547,2123.7,4,2023-09-08,-100.0,2023,2023-09,2023-W36,2023-09-04
2023-09-11,SHORT,2023-09-11 10:10:00-04:00,15336.6,15376.6,15216.6,40,120.0,SL,15376.6,-40.0,-1.0,8,40,-40.6,9.3,81.4,2122,1.452,0.951,1.077,2231.8,0,2023-09-11,-100.0,2023,2023-09,2023-W37,2023-09-11
2023-09-12,SHORT,2023-09-12 10:25:00-04:00,15375.7,15415.7,15255.7,40,120.0,TIMEOUT,15293.7,82.0,2.05,67,335,-30.9,98.2,87.2,2160,1.281,0.986,0.939,2191.7,1,2023-09-12,205.0,2023,2023-09,2023-W37,2023-09-11
2023-09-15,SHORT,2023-09-15 10:00:00-04:00,15313.7,15353.7,15193.7,40,120.0,TP,15193.7,120.0,3.0,41,205,-15.6,120.4,119.5,2281,1.512,1.054,1.588,2165.0,4,2023-09-15,300.0,2023,2023-09,2023-W37,2023-09-11
2023-09-19,SHORT,2023-09-19 10:00:00-04:00,15094.3,15134.3,14974.3,40,120.0,SL,15134.3,-40.0,-1.0,37,185,-44.4,28.3,95.5,2140,1.48,0.969,1.312,2208.0,1,2023-09-19,-100.0,2023,2023-09,2023-W38,2023-09-18
2023-09-21,SHORT,2023-09-21 10:00:00-04:00,14761.0,14801.0,14641.0,40,120.0,SL,14801.0,-40.0,-1.0,1,5,-44.3,3.7,164.8,2218,1.355,0.983,1.323,2257.0,3,2023-09-21,-100.0,2023,2023-09,2023-W38,2023-09-18
2023-09-26,SHORT,2023-09-26 10:00:00-04:00,14597.2,14637.2,14477.2,40,120.0,SL,14637.2,-40.0,-1.0,9,45,-45.5,33.5,96.4,2104,1.431,0.985,1.412,2135.3,1,2023-09-26,-100.0,2023,2023-09,2023-W39,2023-09-25
2023-09-27,SHORT,2023-09-27 10:05:00-04:00,14569.2,14609.2,14449.2,40,120.0,SL,14609.2,-40.0,-1.0,5,25,-42.1,21.6,60.5,1970,1.313,0.915,0.966,2152.0,2,2023-09-27,-100.0,2023,2023-09,2023-W39,2023-09-25
2023-09-29,LONG,2023-09-29 10:00:00-04:00,14894.4,14854.4,15014.4,40,120.0,SL,14854.4,-40.0,-1.0,3,15,-41.8,2.5,130.0,2130,1.285,0.974,1.124,2186.7,4,2023-09-29,-100.0,2023,2023-09,2023-W39,2023-09-25
2023-10-03,SHORT,2023-10-03 10:05:00-04:00,14673.4,14713.4,14553.4,40,120.0,TP,14553.4,120.0,3.0,44,220,-38.1,120.9,178.3,2262,1.317,1.031,1.405,2193.3,1,2023-10-03,300.0,2023,2023-10,2023-W40,2023-10-02
2023-10-05,SHORT,2023-10-05 10:00:00-04:00,14650.9,14690.9,14530.9,40,120.0,SL,14690.9,-40.0,-1.0,30,150,-43.9,71.8,106.9,2176,1.233,0.996,1.237,2184.0,3,2023-10-05,-100.0,2023,2023-10,2023-W40,2023-10-02
2023-10-10,LONG,2023-10-10 10:00:00-04:00,15126.3,15086.3,15246.3,40,120.0,TIMEOUT,15147.2,20.9,0.523,72,360,-24.9,115.7,65.5,2038,1.29,0.968,1.297,2105.3,1,2023-10-10,52.3,2023,2023-10,2023-W41,2023-10-09
2023-10-16,LONG,2023-10-16 10:00:00-04:00,15099.1,15059.1,15219.1,40,120.0,TIMEOUT,15168.1,69.0,1.725,72,360,-10.0,111.9,102.6,2152,1.382,0.977,1.329,2203.3,0,2023-10-16,172.5,2023,2023-10,2023-W42,2023-10-16
2023-10-17,SHORT,2023-10-17 10:00:00-04:00,14966.0,15006.0,14846.0,40,120.0,SL,15006.0,-40.0,-1.0,1,5,-61.2,4.7,161.2,2152,1.247,0.96,1.084,2242.7,1,2023-10-17,-100.0,2023,2023-10,2023-W42,2023-10-16
2023-10-20,SHORT,2023-10-20 10:10:00-04:00,14681.4,14721.4,14561.4,40,120.0,TP,14561.4,120.0,3.0,16,80,-27.3,122.1,90.4,2130,1.311,0.923,0.929,2308.3,4,2023-10-20,300.0,2023,2023-10,2023-W42,2023-10-16
2023-10-24,LONG,2023-10-24 10:05:00-04:00,14733.7,14693.7,14853.7,40,120.0,SL,14693.7,-40.0,-1.0,2,10,-47.6,6.7,80.6,2240,1.499,0.94,1.146,2384.0,1,2023-10-24,-100.0,2023,2023-10,2023-W43,2023-10-23
2023-10-25,SHORT,2023-10-25 10:00:00-04:00,14533.8,14573.8,14413.8,40,120.0,SL,14573.8,-40.0,-1.0,7,35,-42.3,29.8,76.6,2280,1.591,0.989,1.463,2304.3,2,2023-10-25,-100.0,2023,2023-10,2023-W43,2023-10-23
2023-10-27,LONG,2023-10-27 10:10:00-04:00,14264.1,14224.1,14384.1,40,120.0,SL,14224.1,-40.0,-1.0,5,25,-45.1,13.6,72.2,2116,1.201,0.92,0.746,2299.3,4,2023-10-27,-100.0,2023,2023-10,2023-W43,2023-10-23
2023-10-30,LONG,2023-10-30 10:00:00-04:00,14336.3,14296.3,14456.3,40,120.0,SL,14296.3,-40.0,-1.0,3,15,-62.0,28.9,52.7,2296,1.754,1.016,1.565,2260.0,0,2023-10-30,-100.0,2023,2023-10,2023-W44,2023-10-30
2023-11-01,LONG,2023-11-01 10:00:00-04:00,14481.5,14441.5,14601.5,40,120.0,TP,14601.5,120.0,3.0,60,300,-30.8,148.3,122.4,2258,1.439,1.045,1.584,2160.5,2,2023-11-01,300.0,2023,2023-11,2023-W44,2023-10-30
2023-11-03,LONG,2023-11-03 10:00:00-04:00,15027.7,14987.7,15147.7,40,120.0,SL,14987.7,-40.0,-1.0,5,25,-50.9,11.8,132.7,2310,1.377,1.029,1.419,2244.0,4,2023-11-03,-100.0,2023,2023-11,2023-W44,2023-10-30
2023-11-07,LONG,2023-11-07 10:00:00-05:00,15233.5,15193.5,15353.5,40,120.0,TIMEOUT,15297.7,64.2,1.605,72,360,-35.5,102.2,107.2,2032,1.549,0.981,1.386,2070.3,1,2023-11-07,160.5,2023,2023-11,2023-W45,2023-11-06
2023-11-09,SHORT,2023-11-09 10:30:00-05:00,15286.9,15326.9,15166.9,40,120.0,SL,15326.9,-40.0,-1.0,6,30,-48.8,6.4,48.8,2090,1.266,0.984,0.815,2124.0,3,2023-11-09,-100.0,2023,2023-11,2023-W45,2023-11-06
2023-11-10,LONG,2023-11-10 10:00:00-05:00,15275.9,15235.9,15395.9,40,120.0,TP,15395.9,120.0,3.0,24,120,-22.2,121.5,122.4,2236,1.68,1.069,1.758,2092.3,4,2023-11-10,300.0,2023,2023-11,2023-W45,2023-11-06
2023-11-13,SHORT,2023-11-13 10:00:00-05:00,15429.9,15469.9,15309.9,40,120.0,SL,15469.9,-40.0,-1.0,7,35,-40.2,6.1,48.1,2058,1.609,0.961,1.341,2142.3,0,2023-11-13,-100.0,2023,2023-11,2023-W46,2023-11-13
2023-11-16,LONG,2023-11-16 10:00:00-05:00,15819.3,15779.3,15939.3,40,120.0,SL,15779.3,-40.0,-1.0,7,35,-52.3,20.3,60.5,2124,1.367,0.966,1.244,2199.8,3,2023-11-16,-100.0,2023,2023-11,2023-W46,2023-11-13
2023-11-17,SHORT,2023-11-17 10:05:00-05:00,15790.6,15830.6,15670.6,40,120.0,SL,15830.6,-40.0,-1.0,24,120,-46.0,24.7,58.8,2132,1.425,0.971,1.2,2196.7,4,2023-11-17,-100.0,2023,2023-11,2023-W46,2023-11-13
2023-11-20,LONG,2023-11-20 10:00:00-05:00,15936.1,15896.1,16056.1,40,120.0,SL,15896.1,-40.0,-1.0,4,20,-55.8,8.1,88.0,1994,1.569,0.928,1.23,2148.0,0,2023-11-20,-100.0,2023,2023-11,2023-W47,2023-11-20
2023-11-21,SHORT,2023-11-21 10:00:00-05:00,15934.1,15974.1,15814.1,40,120.0,TIMEOUT,15924.7,9.4,0.235,72,360,-14.4,69.7,102.5,2074,1.495,0.969,1.355,2140.0,1,2023-11-21,23.5,2023,2023-11,2023-W47,2023-11-20
2023-11-23,SHORT,2023-11-23 10:05:00-05:00,16009.4,16049.4,15889.4,40,120.0,TIMEOUT,16014.1,-4.7,-0.118,34,170,-16.8,3.2,28.9,758,1.344,0.959,1.095,790.7,3,2023-11-23,-11.8,2023,2023-11,2023-W47,2023-11-20
2023-11-24,SHORT,2023-11-24 10:05:00-05:00,15971.6,16011.6,15851.6,40,120.0,TIMEOUT,15968.4,3.2,0.08,37,185,-10.6,34.9,45.7,1930,1.486,0.838,0.863,2302.7,4,2023-11-24,8.0,2023,2023-11,2023-W47,2023-11-20
2023-11-27,LONG,2023-11-27 10:05:00-05:00,16001.8,15961.8,16121.8,40,120.0,SL,15961.8,-40.0,-1.0,3,15,-41.8,5.5,66.2,2314,1.693,0.945,1.167,2448.3,0,2023-11-27,-100.0,2023,2023-11,2023-W48,2023-11-27
2023-11-28,LONG,2023-11-28 10:35:00-05:00,15970.7,15930.7,16090.7,40,120.0,SL,15930.7,-40.0,-1.0,32,160,-41.0,60.9,64.6,2182,1.226,0.912,0.619,2392.7,1,2023-11-28,-100.0,2023,2023-11,2023-W48,2023-11-27
2023-11-30,SHORT,2023-11-30 10:00:00-05:00,15886.8,15926.8,15766.8,40,120.0,SL,15926.8,-40.0,-1.0,2,10,-56.1,0.0,70.9,2676,1.634,1.055,1.603,2536.0,3,2023-11-30,-100.0,2023,2023-11,2023-W48,2023-11-27
2023-12-01,SHORT,2023-12-01 10:10:00-05:00,15881.6,15921.6,15761.6,40,120.0,SL,15921.6,-40.0,-1.0,12,60,-65.4,49.3,80.8,2430,1.519,0.973,1.063,2496.7,4,2023-12-01,-100.0,2023,2023-12,2023-W48,2023-11-27
2023-12-04,SHORT,2023-12-04 10:05:00-05:00,15815.4,15855.4,15695.4,40,120.0,TP,15695.4,120.0,3.0,9,45,-7.9,123.6,154.3,2436,1.45,0.938,1.097,2596.3,0,2023-12-04,300.0,2023,2023-12,2023-W49,2023-12-04
2023-12-05,LONG,2023-12-05 10:00:00-05:00,15897.1,15857.1,16017.1,40,120.0,SL,15857.1,-40.0,-1.0,5,25,-58.5,10.7,56.2,2286,1.734,1.068,1.752,2141.3,1,2023-12-05,-100.0,2023,2023-12,2023-W49,2023-12-04
2023-12-06,SHORT,2023-12-06 10:20:00-05:00,15868.0,15908.0,15748.0,40,120.0,SL,15908.0,-40.0,-1.0,5,25,-44.2,16.8,115.0,2076,1.356,1.007,1.029,2062.0,2,2023-12-06,-100.0,2023,2023-12,2023-W49,2023-12-04
2023-12-07,LONG,2023-12-07 10:10:00-05:00,15938.8,15898.8,16058.8,40,120.0,TIMEOUT,16003.1,64.3,1.608,70,350,-29.2,104.4,147.0,2114,1.335,0.956,1.033,2211.3,3,2023-12-07,160.8,2023,2023-12,2023-W49,2023-12-04
2023-12-08,LONG,2023-12-08 10:00:00-05:00,16028.9,15988.9,16148.9,40,120.0,SL,15988.9,-40.0,-1.0,26,130,-42.5,68.3,147.2,2234,1.283,1.048,1.269,2131.0,4,2023-12-08,-100.0,2023,2023-12,2023-W49,2023-12-04
2023-12-11,LONG,2023-12-11 10:00:00-05:00,16144.6,16104.6,16264.6,40,120.0,TIMEOUT,16222.2,77.6,1.94,72,360,-35.1,87.3,49.8,2058,1.604,0.932,1.248,2208.0,0,2023-12-11,194.0,2023,2023-12,2023-W50,2023-12-11
2023-12-14,SHORT,2023-12-14 10:15:00-05:00,16586.4,16626.4,16466.4,40,120.0,TP,16466.4,120.0,3.0,38,190,-15.4,121.2,69.9,2162,1.259,0.985,0.965,2195.0,3,2023-12-14,300.0,2023,2023-12,2023-W50,2023-12-11
2023-12-15,LONG,2023-12-15 10:00:00-05:00,16620.9,16580.9,16740.9,40,120.0,SL,16580.9,-40.0,-1.0,44,220,-60.3,55.2,61.1,1990,1.263,0.906,0.858,2196.3,4,2023-12-15,-100.0,2023,2023-12,2023-W50,2023-12-11
2023-12-18,LONG,2023-12-18 10:00:00-05:00,16683.6,16643.6,16803.6,40,120.0,TIMEOUT,16716.3,32.7,0.818,72,360,-37.1,80.8,47.8,1968,1.497,0.905,1.128,2175.7,0,2023-12-18,81.8,2023,2023-12,2023-W51,2023-12-18
2023-12-19,LONG,2023-12-19 10:15:00-05:00,16780.7,16740.7,16900.7,40,120.0,TIMEOUT,16808.0,27.3,0.682,69,345,-25.7,36.1,69.5,1866,1.279,0.876,0.684,2129.7,1,2023-12-19,68.2,2023,2023-12,2023-W51,2023-12-18
2023-12-20,LONG,2023-12-20 10:15:00-05:00,16830.2,16790.2,16950.2,40,120.0,SL,16790.2,-40.0,-1.0,51,255,-51.7,32.1,76.9,1752,1.438,0.913,0.84,1919.3,2,2023-12-20,-100.0,2023,2023-12,2023-W51,2023-12-18
2023-12-22,LONG,2023-12-22 10:00:00-05:00,16827.9,16787.9,16947.9,40,120.0,SL,16787.9,-40.0,-1.0,12,60,-56.1,9.5,113.9,2106,1.542,1.063,1.456,1981.7,4,2023-12-22,-100.0,2023,2023-12,2023-W51,2023-12-18
2023-12-26,LONG,2023-12-26 10:00:00-05:00,16842.1,16802.1,16962.1,40,120.0,TIMEOUT,16880.5,38.4,0.96,72,360,-15.8,67.0,51.8,1620,1.787,0.855,1.079,1895.7,1,2023-12-26,96.0,2023,2023-12,2023-W52,2023-12-25
2023-12-27,LONG,2023-12-27 10:00:00-05:00,16912.1,16872.1,17032.1,40,120.0,SL,16872.1,-40.0,-1.0,2,10,-54.2,1.0,34.0,1874,1.823,0.982,1.416,1907.7,2,2023-12-27,-100.0,2023,2023-12,2023-W52,2023-12-25
2023-12-28,SHORT,2023-12-28 10:00:00-05:00,16928.2,16968.2,16808.2,40,120.0,TIMEOUT,16908.0,20.2,0.505,72,360,-27.4,37.2,30.0,1746,1.578,0.923,1.178,1890.7,3,2023-12-28,50.5,2023,2023-12,2023-W52,2023-12-25
2023-12-29,SHORT,2023-12-29 10:35:00-05:00,16874.4,16914.4,16754.4,40,120.0,TP,16754.4,120.0,3.0,10,50,-3.0,120.5,63.5,1694,1.306,0.937,0.744,1808.0,4,2023-12-29,300.0,2023,2023-12,2023-W52,2023-12-25
2024-01-02,SHORT,2024-01-02 10:00:00-05:00,16597.1,16637.1,16477.1,40,120.0,TP,16477.1,120.0,3.0,60,300,-14.5,144.4,217.3,2046,1.505,0.975,1.358,2099.0,1,2024-01-02,300.0,2024,2024-01,2024-W01,2024-01-01
2024-01-03,SHORT,2024-01-03 10:10:00-05:00,16396.8,16436.8,16276.8,40,120.0,SL,16436.8,-40.0,-1.0,10,50,-47.4,24.6,134.4,2160,1.442,0.964,1.054,2240.3,2,2024-01-03,-100.0,2024,2024-01,2024-W01,2024-01-01
2024-01-05,LONG,2024-01-05 10:00:00-05:00,16382.3,16342.3,16502.3,40,120.0,SL,16342.3,-40.0,-1.0,21,105,-43.8,36.5,114.7,2176,1.256,1.055,1.193,2062.7,4,2024-01-05,-100.0,2024,2024-01,2024-W01,2024-01-01
2024-01-08,LONG,2024-01-08 10:00:00-05:00,16484.9,16444.9,16604.9,40,120.0,TP,16604.9,120.0,3.0,54,270,-16.4,126.4,135.0,2086,1.579,0.976,1.407,2138.3,0,2024-01-08,300.0,2024,2024-01,2024-W02,2024-01-08
2024-01-11,SHORT,2024-01-11 10:05:00-05:00,16696.2,16736.2,16576.2,40,120.0,SL,16736.2,-40.0,-1.0,2,10,-50.0,11.1,162.6,2258,1.213,0.98,0.923,2305.0,3,2024-01-11,-100.0,2024,2024-01,2024-W02,2024-01-08
2024-01-16,LONG,2024-01-16 10:05:00-05:00,16788.9,16748.9,16908.9,40,120.0,SL,16748.9,-40.0,-1.0,49,245,-48.9,108.4,117.6,2174,1.365,0.977,1.212,2224.7,1,2024-01-16,-100.0,2024,2024-01,2024-W03,2024-01-15
2024-01-17,SHORT,2024-01-17 10:00:00-05:00,16597.0,16637.0,16477.0,40,120.0,SL,16637.0,-40.0,-1.0,7,35,-48.2,11.7,103.7,2218,1.43,1.035,1.508,2143.7,2,2024-01-17,-100.0,2024,2024-01,2024-W03,2024-01-15
2024-01-22,SHORT,2024-01-22 10:00:00-05:00,17373.1,17413.1,17253.1,40,120.0,TIMEOUT,17318.8,54.3,1.357,72,360,-38.6,68.4,69.0,2284,1.729,1.069,1.761,2137.0,0,2024-01-22,135.7,2024,2024-01,2024-W04,2024-01-22
2024-01-24,LONG,2024-01-24 10:15:00-05:00,17577.8,17537.8,17697.8,40,120.0,SL,17537.8,-40.0,-1.0,49,245,-68.8,88.8,76.5,2080,1.448,0.955,0.98,2178.7,2,2024-01-24,-100.0,2024,2024-01,2024-W04,2024-01-22
2024-01-29,SHORT,2024-01-29 10:00:00-05:00,17421.8,17461.8,17301.8,40,120.0,SL,17461.8,-40.0,-1.0,21,105,-40.3,12.8,55.8,2068,1.848,0.986,1.465,2096.3,0,2024-01-29,-100.0,2024,2024-01,2024-W05,2024-01-29
2024-02-01,LONG,2024-02-01 10:25:00-05:00,17271.6,17231.6,17391.6,40,120.0,SL,17231.6,-40.0,-1.0,5,25,-80.2,1.4,100.4,2090,1.266,0.984,0.808,2123.0,3,2024-02-01,-100.0,2024,2024-02,2024-W05,2024-01-29
2024-02-05,SHORT,2024-02-05 10:00:00-05:00,17565.1,17605.1,17445.1,40,120.0,SL,17605.1,-40.0,-1.0,30,150,-42.1,100.0,64.0,2310,1.794,1.063,1.722,2172.7,0,2024-02-05,-100.0,2024,2024-02,2024-W06,2024-02-05
2024-02-06,SHORT,2024-02-06 10:00:00-05:00,17550.9,17590.9,17430.9,40,120.0,TIMEOUT,17558.8,-7.9,-0.197,72,360,-28.2,77.8,95.7,2256,1.774,1.024,1.6,2203.2,1,2024-02-06,-19.7,2024,2024-02,2024-W06,2024-02-05
2024-02-07,LONG,2024-02-07 10:10:00-05:00,17720.6,17680.6,17840.6,40,120.0,TIMEOUT,17750.6,30.0,0.75,70,350,-28.0,65.3,147.8,2076,1.441,0.975,1.139,2129.0,2,2024-02-07,75.0,2024,2024-02,2024-W06,2024-02-05
2024-02-14,LONG,2024-02-14 10:15:00-05:00,17752.9,17712.9,17872.9,40,120.0,SL,17712.9,-40.0,-1.0,6,30,-41.6,20.5,118.9,2056,1.322,0.939,0.903,2190.7,2,2024-02-14,-100.0,2024,2024-02,2024-W07,2024-02-12
2024-02-15,SHORT,2024-02-15 10:00:00-05:00,17741.1,17781.1,17621.1,40,120.0,SL,17781.1,-40.0,-1.0,2,10,-50.7,2.9,56.0,2176,1.423,1.002,1.354,2171.7,3,2024-02-15,-100.0,2024,2024-02,2024-W07,2024-02-12
2024-02-16,SHORT,2024-02-16 10:00:00-05:00,17686.2,17726.2,17566.2,40,120.0,SL,17726.2,-40.0,-1.0,3,15,-41.9,14.3,121.8,2382,1.471,1.065,1.576,2237.0,4,2024-02-16,-100.0,2024,2024-02,2024-W07,2024-02-12
2024-02-19,LONG,2024-02-19 10:00:00-05:00,17732.4,17692.4,17852.4,40,120.0,TIMEOUT,17726.6,-5.8,-0.145,35,175,-21.8,5.2,51.5,858,1.378,0.904,0.979,949.3,0,2024-02-19,-14.5,2024,2024-02,2024-W08,2024-02-19
2024-02-20,SHORT,2024-02-20 10:00:00-05:00,17479.8,17519.8,17359.8,40,120.0,SL,17519.8,-40.0,-1.0,12,60,-58.9,55.5,110.4,2230,1.555,0.993,1.46,2245.3,1,2024-02-20,-100.0,2024,2024-02,2024-W08,2024-02-19
2024-02-21,SHORT,2024-02-21 10:25:00-05:00,17415.6,17455.6,17295.6,40,120.0,SL,17455.6,-40.0,-1.0,9,45,-41.3,19.3,102.4,1948,1.207,0.89,0.584,2188.0,2,2024-02-21,-100.0,2024,2024-02,2024-W08,2024-02-19
2024-02-22,LONG,2024-02-22 10:05:00-05:00,17884.1,17844.1,18004.1,40,120.0,TP,18004.1,120.0,3.0,47,235,-38.3,129.0,113.0,2228,1.457,0.995,1.282,2238.3,3,2024-02-22,300.0,2024,2024-02,2024-W08,2024-02-19
2024-02-26,LONG,2024-02-26 10:15:00-05:00,17980.4,17940.4,18100.4,40,120.0,SL,17940.4,-40.0,-1.0,40,200,-44.0,32.4,98.3,1972,1.435,0.911,0.867,2165.7,0,2024-02-26,-100.0,2024,2024-02,2024-W09,2024-02-26
2024-02-29,LONG,2024-02-29 10:00:00-05:00,18027.8,17987.8,18147.8,40,120.0,SL,17987.8,-40.0,-1.0,2,10,-83.4,4.4,207.5,2070,1.299,0.968,1.009,2139.3,3,2024-02-29,-100.0,2024,2024-02,2024-W09,2024-02-26
2024-03-01,LONG,2024-03-01 10:05:00-05:00,18141.0,18101.0,18261.0,40,120.0,TP,18261.0,120.0,3.0,36,180,-32.3,128.5,130.0,2076,1.499,0.965,1.16,2150.3,4,2024-03-01,300.0,2024,2024-03,2024-W09,2024-02-26
2024-03-04,SHORT,2024-03-04 10:00:00-05:00,18259.1,18299.1,18139.1,40,120.0,SL,18299.1,-40.0,-1.0,9,45,-40.7,10.7,66.3,2090,1.768,0.971,1.4,2152.0,0,2024-03-04,-100.0,2024,2024-03,2024-W10,2024-03-04
2024-03-05,SHORT,2024-03-05 10:00:00-05:00,18041.1,18081.1,17921.1,40,120.0,TP,17921.1,120.0,3.0,6,30,-1.3,140.2,82.4,2204,1.622,1.017,1.552,2167.7,1,2024-03-05,300.0,2024,2024-03,2024-W10,2024-03-04
2024-03-07,LONG,2024-03-07 10:00:00-05:00,18168.1,18128.1,18288.1,40,120.0,TP,18288.1,120.0,3.0,25,125,-15.2,121.4,271.6,2054,1.339,0.925,1.104,2220.7,3,2024-03-07,300.0,2024,2024-03,2024-W10,2024-03-04
2024-03-11,SHORT,2024-03-11 10:00:00-04:00,17892.7,17932.7,17772.7,40,120.0,SL,17932.7,-40.0,-1.0,6,30,-74.9,13.1,128.4,2272,1.477,0.961,1.323,2364.7,0,2024-03-11,-100.0,2024,2024-03,2024-W11,2024-03-11
2024-03-13,SHORT,2024-03-13 10:00:00-04:00,18071.1,18111.1,17951.1,40,120.0,SL,18111.1,-40.0,-1.0,8,40,-53.2,7.6,91.5,2078,1.524,0.931,1.226,2231.0,2,2024-03-13,-100.0,2024,2024-03,2024-W11,2024-03-11
2024-03-14,SHORT,2024-03-14 10:00:00-04:00,17990.5,18030.5,17870.5,40,120.0,SL,18030.5,-40.0,-1.0,2,10,-69.1,3.3,84.6,2232,1.333,0.967,1.147,2308.0,3,2024-03-14,-100.0,2024,2024-03,2024-W11,2024-03-11
2024-03-15,SHORT,2024-03-15 10:00:00-04:00,17824.5,17864.5,17704.5,40,120.0,SL,17864.5,-40.0,-1.0,3,15,-42.9,39.0,188.5,2348,1.449,1.035,1.433,2268.3,4,2024-03-15,-100.0,2024,2024-03,2024-W11,2024-03-11
2024-03-18,LONG,2024-03-18 10:00:00-04:00,18052.8,18012.8,18172.8,40,120.0,SL,18012.8,-40.0,-1.0,34,170,-48.8,72.9,156.4,2208,1.678,0.987,1.437,2236.3,0,2024-03-18,-100.0,2024,2024-03,2024-W12,2024-03-18
2024-03-27,SHORT,2024-03-27 10:00:00-04:00,18184.3,18224.3,18064.3,40,120.0,SL,18224.3,-40.0,-1.0,30,150,-44.3,27.9,99.8,2348,2.045,1.038,1.617,2261.7,2,2024-03-27,-100.0,2024,2024-03,2024-W13,2024-03-25
2024-03-28,LONG,2024-03-28 10:00:00-04:00,18305.7,18265.7,18425.7,40,120.0,SL,18265.7,-40.0,-1.0,2,10,-50.9,2.4,68.6,2024,1.43,0.942,1.133,2149.3,3,2024-03-28,-100.0,2024,2024-03,2024-W13,2024-03-25
2024-04-02,SHORT,2024-04-02 10:05:00-04:00,18036.2,18076.2,17916.2,40,120.0,SL,18076.2,-40.0,-1.0,18,90,-44.3,39.5,239.1,2114,1.253,0.969,0.971,2182.3,1,2024-04-02,-100.0,2024,2024-04,2024-W14,2024-04-01
2024-04-03,LONG,2024-04-03 10:00:00-04:00,18149.1,18109.1,18269.1,40,120.0,SL,18109.1,-40.0,-1.0,63,315,-52.6,95.5,87.2,2300,1.612,1.135,2.064,2026.0,2,2024-04-03,-100.0,2024,2024-04,2024-W14,2024-04-01
2024-04-09,SHORT,2024-04-09 10:30:00-04:00,18051.3,18091.3,17931.3,40,120.0,SL,18091.3,-40.0,-1.0,20,100,-55.2,80.6,140.2,2754,1.401,1.067,1.161,2581.3,1,2024-04-09,-100.0,2024,2024-04,2024-W15,2024-04-08
2024-04-15,SHORT,2024-04-15 10:10:00-04:00,18061.0,18101.0,17941.0,40,120.0,TP,17941.0,120.0,3.0,28,140,-30.0,124.9,108.4,2322,1.369,1.104,1.52,2103.7,0,2024-04-15,300.0,2024,2024-04,2024-W16,2024-04-15
2024-04-18,SHORT,2024-04-18 10:00:00-04:00,17448.8,17488.8,17328.8,40,120.0,SL,17488.8,-40.0,-1.0,1,5,-42.9,3.5,107.5,2208,1.385,0.992,1.358,2225.3,3,2024-04-18,-100.0,2024,2024-04,2024-W16,2024-04-15
2024-04-22,SHORT,2024-04-22 10:20:00-04:00,17071.3,17111.3,16951.3,40,120.0,SL,17111.3,-40.0,-1.0,20,100,-52.9,64.6,80.0,2134,1.347,0.984,0.998,2169.3,0,2024-04-22,-100.0,2024,2024-04,2024-W17,2024-04-22
2024-04-23,LONG,2024-04-23 10:00:00-04:00,17349.8,17309.8,17469.8,40,120.0,TP,17469.8,120.0,3.0,27,135,-2.8,124.2,116.5,2220,1.689,1.126,1.798,1971.7,1,2024-04-23,300.0,2024,2024-04,2024-W17,2024-04-22
2024-04-24,LONG,2024-04-24 10:05:00-04:00,17629.1,17589.1,17749.1,40,120.0,SL,17589.1,-40.0,-1.0,1,5,-47.7,7.1,86.3,2010,1.281,0.908,0.898,2213.3,2,2024-04-24,-100.0,2024,2024-04,2024-W17,2024-04-22
2024-05-02,SHORT,2024-05-02 10:00:00-04:00,17366.4,17406.4,17246.4,40,120.0,SL,17406.4,-40.0,-1.0,6,30,-46.8,82.3,99.4,2252,1.441,1.018,1.461,2211.3,3,2024-05-02,-100.0,2024,2024-05,2024-W18,2024-04-29
2024-05-06,LONG,2024-05-06 10:00:00-04:00,17991.3,17951.3,18111.3,40,120.0,TIMEOUT,18085.1,93.8,2.345,72,360,-28.6,102.7,84.9,1908,1.657,0.936,1.275,2037.7,0,2024-05-06,234.5,2024,2024-05,2024-W19,2024-05-06
2024-05-07,LONG,2024-05-07 10:10:00-04:00,18109.2,18069.2,18229.2,40,120.0,SL,18069.2,-40.0,-1.0,52,260,-45.8,49.0,61.8,1870,1.43,0.907,0.922,2060.7,1,2024-05-07,-100.0,2024,2024-05,2024-W19,2024-05-06
2024-05-20,LONG,2024-05-20 10:00:00-04:00,18658.9,18618.9,18778.9,40,120.0,SL,18618.9,-40.0,-1.0,49,245,-40.6,46.2,51.8,1862,1.594,0.904,1.146,2060.0,0,2024-05-20,-100.0,2024,2024-05,2024-W21,2024-05-20
2024-05-22,LONG,2024-05-22 10:00:00-04:00,18736.0,18696.0,18856.0,40,120.0,SL,18696.0,-40.0,-1.0,43,215,-49.6,19.5,65.4,1958,1.824,0.976,1.406,2007.0,2,2024-05-22,-100.0,2024,2024-05,2024-W21,2024-05-20
2024-05-23,SHORT,2024-05-23 10:00:00-04:00,18795.3,18835.3,18675.3,40,120.0,SL,18835.3,-40.0,-1.0,3,15,-46.5,16.9,93.1,2284,1.677,0.994,1.445,2298.7,3,2024-05-23,-100.0,2024,2024-05,2024-W21,2024-05-20
2024-05-24,LONG,2024-05-24 10:00:00-04:00,18712.9,18672.9,18832.9,40,120.0,TP,18832.9,120.0,3.0,14,70,-6.1,135.8,88.9,2230,1.564,1.056,1.666,2111.2,4,2024-05-24,300.0,2024,2024-05,2024-W21,2024-05-20
2024-05-27,LONG,2024-05-27 10:55:00-04:00,18840.9,18800.9,18960.9,40,120.0,TIMEOUT,18882.2,41.3,1.032,24,120,-0.3,45.5,29.3,882,1.342,1.024,1.314,861.3,0,2024-05-27,103.2,2024,2024-05,2024-W22,2024-05-27
2024-05-28,SHORT,2024-05-28 10:00:00-04:00,18816.1,18856.1,18696.1,40,120.0,SL,18856.1,-40.0,-1.0,10,50,-41.1,11.0,80.2,2168,1.634,1.008,1.515,2151.0,1,2024-05-28,-100.0,2024,2024-05,2024-W22,2024-05-27
2024-05-31,SHORT,2024-05-31 10:15:00-04:00,18411.1,18451.1,18291.1,40,120.0,TP,18291.1,120.0,3.0,10,50,-15.3,122.8,182.6,2228,1.236,1.004,1.106,2220.0,4,2024-05-31,300.0,2024,2024-05,2024-W22,2024-05-27
2024-06-05,LONG,2024-06-05 10:00:00-04:00,18806.7,18766.7,18926.7,40,120.0,TP,18926.7,120.0,3.0,15,75,-36.3,122.2,150.5,2438,1.848,1.163,2.124,2096.7,2,2024-06-05,300.0,2024,2024-06,2024-W23,2024-06-03
2024-06-06,SHORT,2024-06-06 10:05:00-04:00,19008.1,19048.1,18888.1,40,120.0,SL,19048.1,-40.0,-1.0,6,30,-52.0,8.8,65.0,2112,1.27,0.924,0.95,2286.8,3,2024-06-06,-100.0,2024,2024-06,2024-W23,2024-06-03
2024-06-13,SHORT,2024-06-13 10:15:00-04:00,19541.4,19581.4,19421.4,40,120.0,SL,19581.4,-40.0,-1.0,57,285,-47.2,67.8,100.8,2184,1.216,0.963,0.928,2268.0,3,2024-06-13,-100.0,2024,2024-06,2024-W24,2024-06-10
2024-06-18,SHORT,2024-06-18 10:15:00-04:00,19893.4,19933.4,19773.4,40,120.0,SL,19933.4,-40.0,-1.0,42,210,-47.4,52.3,81.4,2038,1.249,0.921,0.808,2212.7,1,2024-06-18,-100.0,2024,2024-06,2024-W25,2024-06-17
2024-06-20,SHORT,2024-06-20 10:00:00-04:00,19935.9,19975.9,19815.9,40,120.0,TP,19815.9,120.0,3.0,28,140,-8.7,128.2,126.8,2212,1.484,0.986,1.323,2244.0,3,2024-06-20,300.0,2024,2024-06,2024-W25,2024-06-17
2024-06-24,SHORT,2024-06-24 10:25:00-04:00,19621.6,19661.6,19501.6,40,120.0,SL,19661.6,-40.0,-1.0,1,5,-40.5,6.2,134.1,2208,1.283,0.958,0.817,2304.7,0,2024-06-24,-100.0,2024,2024-06,2024-W26,2024-06-24
2024-06-25,LONG,2024-06-25 10:00:00-04:00,19609.3,19569.3,19729.3,40,120.0,TIMEOUT,19692.5,83.2,2.08,72,360,-35.8,105.2,121.3,2248,1.651,1.012,1.506,2220.8,1,2024-06-25,208.0,2024,2024-06,2024-W26,2024-06-24
2024-06-27,LONG,2024-06-27 10:00:00-04:00,19798.3,19758.3,19918.3,40,120.0,SL,19758.3,-40.0,-1.0,10,50,-57.0,55.0,72.1,2270,1.528,0.969,1.3,2342.3,3,2024-06-27,-100.0,2024,2024-06,2024-W26,2024-06-24
2024-06-28,LONG,2024-06-28 10:00:00-04:00,19973.3,19933.3,20093.3,40,120.0,SL,19933.3,-40.0,-1.0,8,40,-49.5,53.3,111.4,2268,1.376,1.026,1.397,2210.7,4,2024-06-28,-100.0,2024,2024-06,2024-W26,2024-06-24
2024-07-01,SHORT,2024-07-01 10:10:00-04:00,19578.6,19618.6,19458.6,40,120.0,SL,19618.6,-40.0,-1.0,1,5,-97.4,8.3,118.3,2456,1.57,1.037,1.333,2367.7,0,2024-07-01,-100.0,2024,2024-07,2024-W27,2024-07-01
2024-07-02,LONG,2024-07-02 10:00:00-04:00,19831.8,19791.8,19951.8,40,120.0,SL,19791.8,-40.0,-1.0,2,10,-52.4,17.5,105.3,2387,1.598,0.998,1.425,2391.0,1,2024-07-02,-100.0,2024,2024-07,2024-W27,2024-07-01
2024-07-03,LONG,2024-07-03 10:10:00-04:00,20046.1,20006.1,20166.1,40,120.0,TP,20166.1,120.0,3.0,25,125,-39.2,130.6,76.0,2232,1.456,1.009,1.167,2211.0,2,2024-07-03,300.0,2024,2024-07,2024-W27,2024-07-01
2024-07-04,SHORT,2024-07-04 10:00:00-04:00,20155.1,20195.1,20035.1,40,120.0,TIMEOUT,20143.2,11.9,0.297,35,175,-12.0,19.3,13.1,738,1.645,0.914,1.177,807.0,3,2024-07-04,29.7,2024,2024-07,2024-W27,2024-07-01
2024-07-05,LONG,2024-07-05 10:00:00-04:00,20299.8,20259.8,20419.8,40,120.0,SL,20259.8,-40.0,-1.0,1,5,-55.5,10.9,110.8,2248,1.348,0.957,1.095,2349.7,4,2024-07-05,-100.0,2024,2024-07,2024-W27,2024-07-01
2024-07-08,LONG,2024-07-08 10:10:00-04:00,20409.9,20369.9,20529.9,40,120.0,SL,20369.9,-40.0,-1.0,5,25,-50.1,4.2,52.2,2070,1.59,0.935,1.043,2213.3,0,2024-07-08,-100.0,2024,2024-07,2024-W28,2024-07-08
2024-07-09,LONG,2024-07-09 10:10:00-04:00,20534.6,20494.6,20654.6,40,120.0,SL,20494.6,-40.0,-1.0,2,10,-41.3,6.4,43.6,2080,1.537,0.929,1.012,2240.0,1,2024-07-09,-100.0,2024,2024-07,2024-W28,2024-07-08
2024-07-10,LONG,2024-07-10 10:00:00-04:00,20552.6,20512.6,20672.6,40,120.0,SL,20512.6,-40.0,-1.0,8,40,-40.8,19.1,69.4,2118,1.84,0.954,1.364,2220.3,2,2024-07-10,-100.0,2024,2024-07,2024-W28,2024-07-08
2024-07-11,SHORT,2024-07-11 10:10:00-04:00,20532.7,20572.7,20412.7,40,120.0,TP,20412.7,120.0,3.0,8,40,-2.2,121.0,117.9,2362,1.202,1.04,1.256,2271.7,3,2024-07-11,300.0,2024,2024-07,2024-W28,2024-07-08
2024-07-12,LONG,2024-07-12 10:00:00-04:00,20340.0,20300.0,20460.0,40,120.0,TP,20460.0,120.0,3.0,42,210,-33.5,129.6,129.6,2306,1.317,1.014,1.25,2274.7,4,2024-07-12,300.0,2024,2024-07,2024-W28,2024-07-08
2024-07-15,LONG,2024-07-15 10:00:00-04:00,20462.2,20422.2,20582.2,40,120.0,TP,20582.2,120.0,3.0,16,80,-16.8,130.9,56.4,2262,1.612,0.956,1.338,2367.3,0,2024-07-15,300.0,2024,2024-07,2024-W29,2024-07-15
2024-07-16,SHORT,2024-07-16 10:00:00-04:00,20331.5,20371.5,20211.5,40,120.0,SL,20371.5,-40.0,-1.0,8,40,-49.7,43.1,111.4,2392,1.617,1.053,1.572,2272.2,1,2024-07-16,-100.0,2024,2024-07,2024-W29,2024-07-15
2024-07-17,SHORT,2024-07-17 10:00:00-04:00,19962.8,20002.8,19842.8,40,120.0,TP,19842.8,120.0,3.0,26,130,-22.5,122.3,258.2,2384,1.435,0.992,1.414,2403.7,2,2024-07-17,300.0,2024,2024-07,2024-W29,2024-07-15
2024-07-18,SHORT,2024-07-18 10:30:00-04:00,19770.7,19810.7,19650.7,40,120.0,SL,19810.7,-40.0,-1.0,4,20,-59.0,67.5,143.4,2382,1.263,1.012,0.969,2354.0,3,2024-07-18,-100.0,2024,2024-07,2024-W29,2024-07-15
2024-07-22,LONG,2024-07-22 10:25:00-04:00,19784.0,19744.0,19904.0,40,120.0,SL,19744.0,-40.0,-1.0,8,40,-63.0,57.8,200.2,2246,1.245,0.941,0.667,2386.7,0,2024-07-22,-100.0,2024,2024-07,2024-W30,2024-07-22
2024-07-23,LONG,2024-07-23 10:05:00-04:00,19847.8,19807.8,19967.8,40,120.0,SL,19807.8,-40.0,-1.0,6,30,-45.7,26.8,146.6,2300,1.396,0.973,1.212,2362.7,1,2024-07-23,-100.0,2024,2024-07,2024-W30,2024-07-22
2024-07-24,SHORT,2024-07-24 10:00:00-04:00,19328.0,19368.0,19208.0,40,120.0,TP,19208.0,120.0,3.0,16,80,-25.6,125.5,166.4,2466,1.492,1.013,1.524,2433.3,2,2024-07-24,300.0,2024,2024-07,2024-W30,2024-07-22
2024-07-25,SHORT,2024-07-25 10:00:00-04:00,18823.5,18863.5,18703.5,40,120.0,SL,18863.5,-40.0,-1.0,1,5,-45.6,72.6,212.5,2580,1.284,1.013,1.425,2547.3,3,2024-07-25,-100.0,2024,2024-07,2024-W30,2024-07-22
2024-07-26,SHORT,2024-07-26 10:05:00-04:00,18899.1,18939.1,18779.1,40,120.0,SL,18939.1,-40.0,-1.0,1,5,-65.2,1.5,171.1,2530,1.37,1.027,1.328,2464.7,4,2024-07-26,-100.0,2024,2024-07,2024-W30,2024-07-22
2024-07-30,SHORT,2024-07-30 10:25:00-04:00,19018.7,19058.7,18898.7,40,120.0,TP,18898.7,120.0,3.0,7,35,-11.5,155.5,107.3,2416,1.401,0.982,0.842,2461.3,1,2024-07-30,300.0,2024,2024-07,2024-W31,2024-07-29
2024-07-31,LONG,2024-07-31 10:00:00-04:00,19260.8,19220.8,19380.8,40,120.0,SL,19220.8,-40.0,-1.0,44,220,-61.5,108.9,210.8,2528,1.47,1.016,1.502,2488.3,2,2024-07-31,-100.0,2024,2024-07,2024-W31,2024-07-29
2024-08-01,SHORT,2024-08-01 10:20:00-04:00,19361.7,19401.7,19241.7,40,120.0,TP,19241.7,120.0,3.0,5,25,-9.6,174.0,186.2,2542,1.228,1.012,0.961,2511.7,3,2024-08-01,300.0,2024,2024-08,2024-W31,2024-07-29
2024-08-05,LONG,2024-08-05 10:00:00-04:00,17911.5,17871.5,18031.5,40,120.0,SL,17871.5,-40.0,-1.0,1,5,-132.2,35.4,625.0,2566,1.383,1.046,1.512,2453.3,0,2024-08-05,-100.0,2024,2024-08,2024-W32,2024-08-05
2024-08-07,LONG,2024-08-07 10:00:00-04:00,18365.0,18325.0,18485.0,40,120.0,SL,18325.0,-40.0,-1.0,3,15,-65.8,56.5,239.9,2490,1.55,0.978,1.424,2546.0,2,2024-08-07,-100.0,2024,2024-08,2024-W32,2024-08-05
2024-08-08,LONG,2024-08-08 10:00:00-04:00,18155.3,18115.3,18275.3,40,120.0,SL,18115.3,-40.0,-1.0,1,5,-43.7,18.7,372.4,2532,1.371,0.993,1.26,2549.0,3,2024-08-08,-100.0,2024,2024-08,2024-W32,2024-08-05
2024-08-12,SHORT,2024-08-12 10:00:00-04:00,18464.1,18504.1,18344.1,40,120.0,SL,18504.1,-40.0,-1.0,1,5,-65.4,7.7,89.3,2312,1.702,0.954,1.302,2422.3,0,2024-08-12,-100.0,2024,2024-08,2024-W33,2024-08-12
2024-08-13,LONG,2024-08-13 10:00:00-04:00,18805.8,18765.8,18925.8,40,120.0,SL,18765.8,-40.0,-1.0,3,15,-41.7,8.7,197.7,2348,1.325,1.003,1.355,2341.3,1,2024-08-13,-100.0,2024,2024-08,2024-W33,2024-08-12
2024-08-14,SHORT,2024-08-14 10:05:00-04:00,18919.9,18959.9,18799.9,40,120.0,SL,18959.9,-40.0,-1.0,10,50,-48.6,96.9,121.6,2314,1.216,0.951,0.89,2432.0,2,2024-08-14,-100.0,2024,2024-08,2024-W33,2024-08-12
2024-08-15,LONG,2024-08-15 10:00:00-04:00,19321.4,19281.4,19441.4,40,120.0,TP,19441.4,120.0,3.0,23,115,-19.5,121.4,265.4,2426,1.275,1.027,1.229,2362.7,3,2024-08-15,300.0,2024,2024-08,2024-W33,2024-08-12
2024-08-21,LONG,2024-08-21 10:00:00-04:00,19810.6,19770.6,19930.6,40,120.0,SL,19770.6,-40.0,-1.0,2,10,-43.1,13.3,72.4,2328,1.786,1.032,1.598,2256.0,2,2024-08-21,-100.0,2024,2024-08,2024-W34,2024-08-19
2024-08-23,LONG,2024-08-23 10:00:00-04:00,19763.2,19723.2,19883.2,40,120.0,SL,19723.2,-40.0,-1.0,1,5,-74.2,19.9,106.1,2516,1.948,1.17,2.024,2151.0,4,2024-08-23,-100.0,2024,2024-08,2024-W34,2024-08-19
2024-08-26,SHORT,2024-08-26 10:00:00-04:00,19651.2,19691.2,19531.2,40,120.0,TP,19531.2,120.0,3.0,6,30,-6.9,174.7,100.0,2280,1.57,0.986,1.42,2311.7,0,2024-08-26,300.0,2024,2024-08,2024-W35,2024-08-26
2024-08-28,SHORT,2024-08-28 10:00:00-04:00,19486.3,19526.3,19366.3,40,120.0,SL,19526.3,-40.0,-1.0,5,25,-42.0,37.0,94.0,2266,1.603,0.969,1.305,2338.7,2,2024-08-28,-100.0,2024,2024-08,2024-W35,2024-08-26
2024-08-29,LONG,2024-08-29 10:00:00-04:00,19559.9,19519.9,19679.9,40,120.0,SL,19519.9,-40.0,-1.0,1,5,-42.3,12.0,206.9,2468,1.417,1.015,1.466,2430.7,3,2024-08-29,-100.0,2024,2024-08,2024-W35,2024-08-26
2024-08-30,LONG,2024-08-30 10:00:00-04:00,19545.2,19505.2,19665.2,40,120.0,SL,19505.2,-40.0,-1.0,3,15,-45.6,4.6,119.9,2328,1.407,1.0,1.386,2327.0,4,2024-08-30,-100.0,2024,2024-08,2024-W35,2024-08-26
2024-09-02,LONG,2024-09-02 10:35:00-04:00,19601.8,19561.8,19721.8,40,120.0,TIMEOUT,19597.4,-4.4,-0.11,28,140,-22.5,17.8,123.9,1214,1.524,1.4,2.063,867.0,0,2024-09-02,-11.0,2024,2024-09,2024-W36,2024-09-02
2024-09-03,SHORT,2024-09-03 10:00:00-04:00,19290.7,19330.7,19170.7,40,120.0,TP,19170.7,120.0,3.0,9,45,-16.0,159.2,197.9,2492,1.54,1.03,1.556,2420.3,1,2024-09-03,300.0,2024,2024-09,2024-W36,2024-09-02
2024-09-04,LONG,2024-09-04 10:05:00-04:00,18929.6,18889.6,19049.6,40,120.0,SL,18889.6,-40.0,-1.0,1,5,-50.4,27.0,110.6,2482,1.47,1.02,1.354,2432.3,2,2024-09-04,-100.0,2024,2024-09,2024-W36,2024-09-02
2024-09-05,LONG,2024-09-05 10:00:00-04:00,19042.3,19002.3,19162.3,40,120.0,SL,19002.3,-40.0,-1.0,2,10,-53.9,38.0,172.6,2368,1.28,0.986,1.289,2402.0,3,2024-09-05,-100.0,2024,2024-09,2024-W36,2024-09-02
2024-09-09,LONG,2024-09-09 10:00:00-04:00,18645.0,18605.0,18765.0,40,120.0,SL,18605.0,-40.0,-1.0,4,20,-53.8,44.0,98.9,2208,1.455,0.932,1.183,2369.8,0,2024-09-09,-100.0,2024,2024-09,2024-W37,2024-09-09
2024-09-10,LONG,2024-09-10 10:00:00-04:00,18751.7,18711.7,18871.7,40,120.0,SL,18711.7,-40.0,-1.0,2,10,-83.0,35.8,194.7,2280,1.54,0.967,1.359,2358.3,1,2024-09-10,-100.0,2024,2024-09,2024-W37,2024-09-09
2024-09-12,SHORT,2024-09-12 10:00:00-04:00,19219.4,19259.4,19099.4,40,120.0,SL,19259.4,-40.0,-1.0,2,10,-78.4,17.3,93.2,2466,1.333,1.016,1.422,2427.7,3,2024-09-12,-100.0,2024,2024-09,2024-W37,2024-09-09
2024-09-13,LONG,2024-09-13 10:00:00-04:00,19463.2,19423.2,19583.2,40,120.0,SL,19423.2,-40.0,-1.0,6,30,-68.0,45.2,71.0,1718,1.462,1.023,1.494,1680.0,4,2024-09-13,-100.0,2024,2024-09,2024-W37,2024-09-09
2024-09-16,SHORT,2024-09-16 10:20:00-04:00,19397.4,19437.4,19277.4,40,120.0,SL,19437.4,-40.0,-1.0,64,320,-43.1,104.5,122.4,1556,1.237,0.94,0.774,1655.0,0,2024-09-16,-100.0,2024,2024-09,2024-W38,2024-09-16
2024-09-19,LONG,2024-09-19 10:10:00-04:00,19820.1,19780.1,19940.1,40,120.0,TP,19940.1,120.0,3.0,42,210,-11.0,123.1,193.3,1628,1.223,0.967,0.982,1683.0,3,2024-09-19,300.0,2024,2024-09,2024-W38,2024-09-16
2024-09-24,SHORT,2024-09-24 10:00:00-04:00,19779.2,19819.2,19659.2,40,120.0,SL,19819.2,-40.0,-1.0,2,10,-43.6,15.5,127.5,1694,1.599,1.069,1.801,1584.3,1,2024-09-24,-100.0,2024,2024-09,2024-W39,2024-09-23
2024-09-25,LONG,2024-09-25 10:00:00-04:00,20009.7,19969.7,20129.7,40,120.0,SL,19969.7,-40.0,-1.0,22,110,-49.4,39.4,91.1,1566,1.591,0.965,1.353,1622.7,2,2024-09-25,-100.0,2024,2024-09,2024-W39,2024-09-23
2024-09-26,SHORT,2024-09-26 10:00:00-04:00,20195.8,20235.8,20075.8,40,120.0,TP,20075.8,120.0,3.0,9,45,-5.0,129.7,119.7,1608,1.33,0.96,1.204,1674.3,3,2024-09-26,300.0,2024,2024-09,2024-W39,2024-09-23
2024-10-01,SHORT,2024-10-01 10:00:00-04:00,19842.7,19882.7,19722.7,40,120.0,TP,19722.7,120.0,3.0,2,10,0.0,121.4,109.1,1760,1.629,1.033,1.596,1703.3,1,2024-10-01,300.0,2024,2024-10,2024-W40,2024-09-30
2024-10-03,LONG,2024-10-03 10:00:00-04:00,19887.8,19847.8,20007.8,40,120.0,SL,19847.8,-40.0,-1.0,2,10,-108.3,23.0,142.9,1684,1.338,1.013,1.481,1662.0,3,2024-10-03,-100.0,2024,2024-10,2024-W40,2024-09-30
2024-10-08,LONG,2024-10-08 10:00:00-04:00,20000.2,19960.2,20120.2,40,120.0,TP,20120.2,120.0,3.0,66,330,-32.0,122.2,163.3,2222,1.67,0.98,1.422,2268.3,1,2024-10-08,300.0,2024,2024-10,2024-W41,2024-10-07
2024-10-09,LONG,2024-10-09 10:10:00-04:00,20116.4,20076.4,20236.4,40,120.0,TP,20236.4,120.0,3.0,18,90,-6.8,120.5,104.5,2126,1.463,0.946,1.052,2247.7,2,2024-10-09,300.0,2024,2024-10,2024-W41,2024-10-07
2024-10-11,LONG,2024-10-11 10:10:00-04:00,20258.6,20218.6,20378.6,40,120.0,SL,20218.6,-40.0,-1.0,8,40,-46.4,43.1,92.9,2152,1.372,1.001,1.139,2149.0,4,2024-10-11,-100.0,2024,2024-10,2024-W41,2024-10-07
2024-10-14,LONG,2024-10-14 10:00:00-04:00,20485.3,20445.3,20605.3,40,120.0,SL,20445.3,-40.0,-1.0,3,15,-61.5,3.2,141.9,1970,1.829,0.935,1.301,2106.7,0,2024-10-14,-100.0,2024,2024-10,2024-W42,2024-10-14
2024-10-15,SHORT,2024-10-15 10:25:00-04:00,20348.3,20388.3,20228.3,40,120.0,TP,20228.3,120.0,3.0,2,10,-0.5,155.5,87.0,2226,1.435,1.021,0.998,2180.7,1,2024-10-15,300.0,2024,2024-10,2024-W42,2024-10-14
2024-10-16,SHORT,2024-10-16 10:00:00-04:00,20094.5,20134.5,19974.5,40,120.0,SL,20134.5,-40.0,-1.0,2,10,-49.8,14.5,61.8,2320,1.806,1.001,1.495,2318.3,2,2024-10-16,-100.0,2024,2024-10,2024-W42,2024-10-14
2024-10-18,LONG,2024-10-18 10:05:00-04:00,20355.2,20315.2,20475.2,40,120.0,SL,20315.2,-40.0,-1.0,2,10,-43.8,9.0,110.6,2074,1.537,0.914,1.007,2269.0,4,2024-10-18,-100.0,2024,2024-10,2024-W42,2024-10-14
2024-10-21,LONG,2024-10-21 10:00:00-04:00,20349.3,20309.3,20469.3,40,120.0,SL,20309.3,-40.0,-1.0,7,35,-50.3,55.5,116.3,1948,1.618,0.925,1.232,2106.3,0,2024-10-21,-100.0,2024,2024-10,2024-W43,2024-10-21
2024-10-22,LONG,2024-10-22 10:05:00-04:00,20346.2,20306.2,20466.2,40,120.0,SL,20306.2,-40.0,-1.0,8,40,-42.1,25.1,127.3,2240,1.513,1.02,1.442,2195.3,1,2024-10-22,-100.0,2024,2024-10,2024-W43,2024-10-21
2024-10-23,SHORT,2024-10-23 10:00:00-04:00,20241.6,20281.6,20121.6,40,120.0,SL,20281.6,-40.0,-1.0,6,30,-56.2,37.9,117.5,2224,1.768,1.071,1.742,2076.7,2,2024-10-23,-100.0,2024,2024-10,2024-W43,2024-10-21
2024-10-25,LONG,2024-10-25 10:00:00-04:00,20542.3,20502.3,20662.3,40,120.0,SL,20502.3,-40.0,-1.0,9,45,-57.1,27.7,129.1,2160,1.802,1.044,1.634,2069.7,4,2024-10-25,-100.0,2024,2024-10,2024-W43,2024-10-21
2024-10-28,SHORT,2024-10-28 10:00:00-04:00,20444.0,20484.0,20324.0,40,120.0,SL,20484.0,-40.0,-1.0,8,40,-45.1,18.3,95.4,2172,1.586,0.957,1.306,2269.3,0,2024-10-28,-100.0,2024,2024-10,2024-W44,2024-10-28
2024-10-29,LONG,2024-10-29 10:20:00-04:00,20462.4,20422.4,20582.4,40,120.0,SL,20422.4,-40.0,-1.0,1,5,-60.1,14.2,93.0,2106,1.382,0.959,0.919,2195.7,1,2024-10-29,-100.0,2024,2024-10,2024-W44,2024-10-28
2024-10-31,SHORT,2024-10-31 10:00:00-04:00,20034.7,20074.7,19914.7,40,120.0,SL,20074.7,-40.0,-1.0,3,15,-44.5,36.2,127.4,2364,1.404,0.984,1.363,2401.7,3,2024-10-31,-100.0,2024,2024-10,2024-W44,2024-10-28
2024-11-01,LONG,2024-11-01 10:05:00-04:00,20055.8,20015.8,20175.8,40,120.0,SL,20015.8,-40.0,-1.0,51,255,-44.9,112.8,90.7,2272,1.34,1.012,1.273,2245.7,4,2024-11-01,-100.0,2024,2024-11,2024-W44,2024-10-28
2024-11-05,LONG,2024-11-05 10:00:00-05:00,20187.9,20147.9,20307.9,40,120.0,SL,20147.9,-40.0,-1.0,11,55,-53.5,15.9,68.7,2218,1.718,1.004,1.5,2209.0,1,2024-11-05,-100.0,2024,2024-11,2024-W45,2024-11-04
2024-11-06,LONG,2024-11-06 10:10:00-05:00,20645.0,20605.0,20765.0,40,120.0,SL,20605.0,-40.0,-1.0,8,40,-42.9,71.8,149.0,2236,1.256,0.926,0.849,2414.3,2,2024-11-06,-100.0,2024,2024-11,2024-W45,2024-11-04
2024-11-07,LONG,2024-11-07 10:00:00-05:00,21006.9,20966.9,21126.9,40,120.0,TP,21126.9,120.0,3.0,58,290,-21.3,120.1,111.5,2074,1.433,0.956,1.25,2169.3,3,2024-11-07,300.0,2024,2024-11,2024-W45,2024-11-04
2024-11-11,SHORT,2024-11-11 10:00:00-05:00,21068.2,21108.2,20948.2,40,120.0,SL,21108.2,-40.0,-1.0,2,10,-45.1,4.8,71.7,2234,1.672,0.974,1.405,2294.3,0,2024-11-11,-100.0,2024,2024-11,2024-W46,2024-11-11
2024-11-13,SHORT,2024-11-13 10:00:00-05:00,21023.6,21063.6,20903.6,40,120.0,SL,21063.6,-40.0,-1.0,17,85,-54.8,51.4,128.1,2240,1.278,0.974,1.142,2300.7,2,2024-11-13,-100.0,2024,2024-11,2024-W46,2024-11-11
2024-11-14,SHORT,2024-11-14 10:15:00-05:00,20957.5,20997.5,20837.5,40,120.0,SL,20997.5,-40.0,-1.0,2,10,-60.1,0.5,99.9,2244,1.254,0.958,0.928,2342.3,3,2024-11-14,-100.0,2024,2024-11,2024-W46,2024-11-11
2024-11-15,SHORT,2024-11-15 10:00:00-05:00,20587.3,20627.3,20467.3,40,120.0,TP,20467.3,120.0,3.0,11,55,-15.3,127.8,121.8,2274,1.417,1.0,1.377,2274.3,4,2024-11-15,300.0,2024,2024-11,2024-W46,2024-11-11
2024-11-20,SHORT,2024-11-20 10:00:00-05:00,20534.3,20574.3,20414.3,40,120.0,TP,20414.3,120.0,3.0,4,20,-2.3,127.5,109.2,2198,1.555,0.981,1.309,2241.7,2,2024-11-20,300.0,2024,2024-11,2024-W47,2024-11-18
2024-11-21,SHORT,2024-11-21 10:25:00-05:00,20459.2,20499.2,20339.2,40,120.0,SL,20499.2,-40.0,-1.0,2,10,-58.0,15.5,292.2,2340,1.206,0.941,0.707,2485.7,3,2024-11-21,-100.0,2024,2024-11,2024-W47,2024-11-18
2024-11-25,SHORT,2024-11-25 10:00:00-05:00,20870.9,20910.9,20750.9,40,120.0,TP,20750.9,120.0,3.0,29,145,-30.3,122.5,113.5,2468,1.627,1.026,1.56,2405.7,0,2024-11-25,300.0,2024,2024-11,2024-W48,2024-11-25
2024-11-27,SHORT,2024-11-27 10:00:00-05:00,20796.3,20836.3,20676.3,40,120.0,TP,20676.3,120.0,3.0,7,35,-7.0,125.5,85.1,2130,1.614,0.99,1.425,2151.0,2,2024-11-27,300.0,2024,2024-11,2024-W48,2024-11-25
2024-11-28,LONG,2024-11-28 10:00:00-05:00,20836.4,20796.4,20956.4,40,120.0,TIMEOUT,20837.5,1.1,0.027,35,175,-10.4,20.4,34.2,672,1.234,0.848,0.672,792.3,3,2024-11-28,2.7,2024,2024-11,2024-W48,2024-11-25
2024-11-29,LONG,2024-11-29 10:00:00-05:00,20864.1,20824.1,20984.1,40,120.0,TIMEOUT,20940.6,76.5,1.912,38,190,0.0,102.5,97.0,1868,1.424,0.916,1.074,2039.0,4,2024-11-29,191.2,2024,2024-11,2024-W48,2024-11-25
2024-12-02,LONG,2024-12-02 10:00:00-05:00,21133.4,21093.4,21253.4,40,120.0,TIMEOUT,21186.2,52.8,1.32,72,360,-33.2,84.8,105.7,2198,1.633,1.032,1.622,2130.7,0,2024-12-02,132.0,2024,2024-12,2024-W49,2024-12-02
2024-12-06,LONG,2024-12-06 10:00:00-05:00,21566.6,21526.6,21686.6,40,120.0,TIMEOUT,21604.3,37.7,0.943,72,360,-28.0,67.0,85.5,1990,1.409,0.982,1.235,2026.7,4,2024-12-06,94.3,2024,2024-12,2024-W49,2024-12-02
2024-12-09,SHORT,2024-12-09 10:25:00-05:00,21527.0,21567.0,21407.0,40,120.0,TIMEOUT,21441.0,86.0,2.15,67,335,-21.7,117.3,117.2,2076,1.472,0.987,1.034,2103.7,0,2024-12-09,215.0,2024,2024-12,2024-W50,2024-12-09
2024-12-10,LONG,2024-12-10 10:00:00-05:00,21552.4,21512.4,21672.4,40,120.0,SL,21512.4,-40.0,-1.0,10,50,-57.1,29.2,88.4,2104,1.75,0.956,1.365,2200.7,1,2024-12-10,-100.0,2024,2024-12,2024-W50,2024-12-09
2024-12-11,LONG,2024-12-11 10:00:00-05:00,21669.1,21629.1,21789.1,40,120.0,TP,21789.1,120.0,3.0,43,215,-17.4,120.0,183.7,2090,1.478,0.984,1.297,2123.3,2,2024-12-11,300.0,2024,2024-12,2024-W50,2024-12-09
2024-12-13,LONG,2024-12-13 10:00:00-05:00,21845.3,21805.3,21965.3,40,120.0,SL,21805.3,-40.0,-1.0,1,5,-44.9,3.3,118.0,2160,1.691,1.013,1.464,2132.7,4,2024-12-13,-100.0,2024,2024-12,2024-W50,2024-12-09
2024-12-16,LONG,2024-12-16 10:00:00-05:00,21978.9,21938.9,22098.9,40,120.0,SL,21938.9,-40.0,-1.0,3,15,-41.1,0.6,120.3,2236,1.645,0.97,1.372,2305.7,0,2024-12-16,-100.0,2024,2024-12,2024-W51,2024-12-16
2024-12-17,SHORT,2024-12-17 10:00:00-05:00,21970.8,22010.8,21850.8,40,120.0,SL,22010.8,-40.0,-1.0,12,60,-40.5,35.0,94.8,2352,1.67,0.987,1.396,2384.0,1,2024-12-17,-100.0,2024,2024-12,2024-W51,2024-12-16
2024-12-23,SHORT,2024-12-23 10:05:00-05:00,21225.9,21265.9,21105.9,40,120.0,SL,21265.9,-40.0,-1.0,2,10,-51.9,37.8,189.3,2292,1.334,0.962,1.145,2382.7,0,2024-12-23,-100.0,2024,2024-12,2024-W52,2024-12-23
2024-12-24,LONG,2024-12-24 10:00:00-05:00,21642.5,21602.5,21762.5,40,120.0,TP,21762.5,120.0,3.0,37,185,-30.7,120.8,108.3,1932,1.541,0.906,1.108,2132.0,1,2024-12-24,300.0,2024,2024-12,2024-W52,2024-12-23
2024-12-27,SHORT,2024-12-27 10:00:00-05:00,21330.7,21370.7,21210.7,40,120.0,SL,21370.7,-40.0,-1.0,17,85,-42.1,98.0,110.7,2406,1.65,1.032,1.589,2330.3,4,2024-12-27,-100.0,2024,2024-12,2024-W52,2024-12-23
2024-12-30,SHORT,2024-12-30 10:00:00-05:00,21044.2,21084.2,20924.2,40,120.0,SL,21084.2,-40.0,-1.0,2,10,-45.8,24.5,314.1,2438,1.358,1.033,1.606,2360.3,0,2024-12-30,-100.0,2024,2024-12,2025-W01,2024-12-30
2024-12-31,SHORT,2024-12-31 10:05:00-05:00,21090.8,21130.8,20970.8,40,120.0,SL,21130.8,-40.0,-1.0,1,5,-40.6,16.9,163.8,2324,1.545,1.009,1.407,2303.7,1,2024-12-31,-100.0,2024,2024-12,2025-W01,2024-12-30
2025-01-02,SHORT,2025-01-02 10:20:00-05:00,21017.6,21057.6,20897.6,40,120.0,SL,21057.6,-40.0,-1.0,1,5,-46.6,5.6,170.7,2516,1.279,1.022,1.147,2462.3,3,2025-01-02,-100.0,2025,2025-01,2025-W01,2024-12-30
2025-01-03,LONG,2025-01-03 10:00:00-05:00,21172.0,21132.0,21292.0,40,120.0,SL,21132.0,-40.0,-1.0,2,10,-86.4,15.0,93.4,2372,1.726,1.019,1.553,2327.0,4,2025-01-03,-100.0,2025,2025-01,2025-W01,2024-12-30
2025-01-06,LONG,2025-01-06 10:00:00-05:00,21581.1,21541.1,21701.1,40,120.0,SL,21541.1,-40.0,-1.0,2,10,-40.0,32.5,219.6,2312,1.449,1.008,1.268,2294.3,0,2025-01-06,-100.0,2025,2025-01,2025-W02,2025-01-06
2025-01-07,SHORT,2025-01-07 10:00:00-05:00,21364.3,21404.3,21244.3,40,120.0,TP,21244.3,120.0,3.0,7,35,-34.1,180.6,108.0,2502,1.728,1.058,1.686,2365.3,1,2025-01-07,300.0,2025,2025-01,2025-W02,2025-01-06
2025-01-10,SHORT,2025-01-10 10:00:00-05:00,20712.3,20752.3,20592.3,40,120.0,SL,20752.3,-40.0,-1.0,4,20,-61.4,65.1,325.8,2496,1.26,1.024,1.272,2437.7,4,2025-01-10,-100.0,2025,2025-01,2025-W02,2025-01-06
2025-01-16,SHORT,2025-01-16 10:00:00-05:00,21174.1,21214.1,21054.1,40,120.0,SL,21214.1,-40.0,-1.0,1,5,-44.3,10.2,145.0,2370,1.475,0.994,1.437,2385.3,3,2025-01-16,-100.0,2025,2025-01,2025-W03,2025-01-13
2025-01-21,SHORT,2025-01-21 10:10:00-05:00,21351.4,21391.4,21231.4,40,120.0,SL,21391.4,-40.0,-1.0,1,5,-70.3,12.6,152.2,2360,1.453,0.972,1.127,2427.0,1,2025-01-21,-100.0,2025,2025-01,2025-W04,2025-01-20
2025-01-22,LONG,2025-01-22 10:00:00-05:00,21824.4,21784.4,21944.4,40,120.0,TIMEOUT,21800.2,-24.2,-0.605,72,360,-27.2,84.8,94.6,2226,1.609,0.96,1.316,2319.7,2,2025-01-22,-60.5,2025,2025-01,2025-W04,2025-01-20
2025-01-29,SHORT,2025-01-29 10:00:00-05:00,21370.7,21410.7,21250.7,40,120.0,TP,21250.7,120.0,3.0,36,180,-35.8,159.0,136.0,2200,1.322,0.932,1.139,2359.7,2,2025-01-29,300.0,2025,2025-01,2025-W05,2025-01-27
2025-01-30,SHORT,2025-01-30 10:15:00-05:00,21418.1,21458.1,21298.1,40,120.0,TP,21298.1,120.0,3.0,9,45,-32.3,136.4,134.1,2290,1.229,0.962,0.873,2381.3,3,2025-01-30,300.0,2025,2025-01,2025-W05,2025-01-27
2025-01-31,LONG,2025-01-31 10:00:00-05:00,21747.7,21707.7,21867.7,40,120.0,SL,21707.7,-40.0,-1.0,39,195,-55.7,65.2,69.3,2310,1.467,1.0,1.419,2310.7,4,2025-01-31,-100.0,2025,2025-01,2025-W05,2025-01-27
2025-02-03,LONG,2025-02-03 10:20:00-05:00,21172.2,21132.2,21292.2,40,120.0,TP,21292.2,120.0,3.0,4,20,-33.0,137.5,205.2,2400,1.31,0.977,0.899,2455.7,0,2025-02-03,300.0,2025,2025-02,2025-W06,2025-02-03
2025-02-04,LONG,2025-02-04 10:00:00-05:00,21464.9,21424.9,21584.9,40,120.0,SL,21424.9,-40.0,-1.0,29,145,-45.0,91.6,184.2,2288,1.551,0.978,1.353,2338.7,1,2025-02-04,-100.0,2025,2025-02,2025-W06,2025-02-03
2025-02-05,LONG,2025-02-05 10:10:00-05:00,21424.5,21384.5,21544.5,40,120.0,SL,21384.5,-40.0,-1.0,1,5,-47.7,1.8,125.3,2344,1.441,1.027,1.263,2281.7,2,2025-02-05,-100.0,2025,2025-02,2025-W06,2025-02-03
2025-02-06,LONG,2025-02-06 10:10:00-05:00,21706.2,21666.2,21826.2,40,120.0,SL,21666.2,-40.0,-1.0,2,10,-44.4,12.5,123.7,1950,1.279,0.891,0.792,2189.0,3,2025-02-06,-100.0,2025,2025-02,2025-W06,2025-02-03
2025-02-07,SHORT,2025-02-07 10:00:00-05:00,21626.1,21666.1,21506.1,40,120.0,SL,21666.1,-40.0,-1.0,1,5,-40.5,18.5,107.1,2474,1.501,1.118,1.845,2212.0,4,2025-02-07,-100.0,2025,2025-02,2025-W06,2025-02-03
2025-02-10,LONG,2025-02-10 10:00:00-05:00,21695.9,21655.9,21815.9,40,120.0,TIMEOUT,21717.5,21.6,0.54,72,360,-1.2,78.8,107.9,2208,1.629,0.958,1.338,2306.0,0,2025-02-10,54.0,2025,2025-02,2025-W07,2025-02-10
2025-02-11,LONG,2025-02-11 10:05:00-05:00,21679.8,21639.8,21799.8,40,120.0,SL,21639.8,-40.0,-1.0,23,115,-49.9,75.6,117.7,2160,1.405,1.013,1.281,2133.0,1,2025-02-11,-100.0,2025,2025-02,2025-W07,2025-02-10
2025-02-13,LONG,2025-02-13 10:00:00-05:00,21824.6,21784.6,21944.6,40,120.0,SL,21784.6,-40.0,-1.0,1,5,-53.4,5.5,145.4,2216,1.33,0.955,1.093,2320.7,3,2025-02-13,-100.0,2025,2025-02,2025-W07,2025-02-10
2025-02-17,SHORT,2025-02-17 10:00:00-05:00,22119.5,22159.5,21999.5,40,120.0,TIMEOUT,22139.4,-19.9,-0.498,35,175,-35.9,5.5,49.8,1034,1.463,0.804,0.787,1285.3,0,2025-02-17,-49.8,2025,2025-02,2025-W08,2025-02-17
2025-02-18,SHORT,2025-02-18 10:00:00-05:00,22084.5,22124.5,21964.5,40,120.0,SL,22124.5,-40.0,-1.0,71,355,-61.4,73.8,65.8,2370,1.84,1.036,1.556,2288.7,1,2025-02-18,-100.0,2025,2025-02,2025-W08,2025-02-17
2025-02-19,SHORT,2025-02-19 10:00:00-05:00,22054.9,22094.9,21934.9,40,120.0,SL,22094.9,-40.0,-1.0,6,30,-43.9,24.5,95.7,2194,1.582,1.015,1.529,2160.7,2,2025-02-19,-100.0,2025,2025-02,2025-W08,2025-02-17
2025-02-20,SHORT,2025-02-20 10:00:00-05:00,21942.6,21982.6,21822.6,40,120.0,SL,21982.6,-40.0,-1.0,3,15,-55.1,35.9,80.8,2534,1.888,1.096,1.851,2312.2,3,2025-02-20,-100.0,2025,2025-02,2025-W08,2025-02-17
2025-02-21,SHORT,2025-02-21 10:00:00-05:00,22004.2,22044.2,21884.2,40,120.0,TP,21884.2,120.0,3.0,8,40,-20.1,148.9,140.6,2294,1.711,1.001,1.446,2292.3,4,2025-02-21,300.0,2025,2025-02,2025-W08,2025-02-17
2025-02-24,SHORT,2025-02-24 10:00:00-05:00,21418.3,21458.3,21298.3,40,120.0,SL,21458.3,-40.0,-1.0,2,10,-84.4,57.3,110.7,2522,1.691,1.017,1.528,2479.0,0,2025-02-24,-100.0,2025,2025-02,2025-W09,2025-02-24
2025-02-25,SHORT,2025-02-25 10:00:00-05:00,21113.5,21153.5,20993.5,40,120.0,TP,20993.5,120.0,3.0,4,20,-37.3,157.0,164.8,2434,1.447,0.982,1.39,2479.3,1,2025-02-25,300.0,2025,2025-02,2025-W09,2025-02-24
2025-02-26,LONG,2025-02-26 10:15:00-05:00,21289.3,21249.3,21409.3,40,120.0,SL,21249.3,-40.0,-1.0,2,10,-86.1,13.4,107.7,2286,1.25,0.952,0.879,2401.3,2,2025-02-26,-100.0,2025,2025-02,2025-W09,2025-02-24
2025-02-27,SHORT,2025-02-27 10:00:00-05:00,20909.6,20949.6,20789.6,40,120.0,SL,20949.6,-40.0,-1.0,2,10,-110.4,25.8,135.6,2546,1.361,1.022,1.396,2491.0,3,2025-02-27,-100.0,2025,2025-02,2025-W09,2025-02-24
2025-02-28,LONG,2025-02-28 10:10:00-05:00,20629.2,20589.2,20749.2,40,120.0,SL,20589.2,-40.0,-1.0,1,5,-57.5,3.8,129.4,2456,1.225,0.973,1.061,2523.8,4,2025-02-28,-100.0,2025,2025-02,2025-W09,2025-02-24
2025-03-03,SHORT,2025-03-03 10:00:00-05:00,20813.2,20853.2,20693.2,40,120.0,SL,20853.2,-40.0,-1.0,4,20,-62.2,61.8,211.8,2514,1.535,1.01,1.545,2490.3,0,2025-03-03,-100.0,2025,2025-03,2025-W10,2025-03-03
2025-03-04,SHORT,2025-03-04 10:00:00-05:00,20170.2,20210.2,20050.2,40,120.0,TP,20050.2,120.0,3.0,3,15,-29.0,128.8,305.7,2586,1.276,1.015,1.54,2546.8,1,2025-03-04,300.0,2025,2025-03,2025-W10,2025-03-03
2025-03-05,SHORT,2025-03-05 10:15:00-05:00,20328.4,20368.4,20208.4,40,120.0,SL,20368.4,-40.0,-1.0,4,20,-64.3,73.9,249.0,2446,1.235,0.994,1.06,2460.3,2,2025-03-05,-100.0,2025,2025-03,2025-W10,2025-03-03
2025-03-10,SHORT,2025-03-10 10:00:00-04:00,19673.5,19713.5,19553.5,40,120.0,SL,19713.5,-40.0,-1.0,3,15,-41.0,31.4,278.2,2460,1.401,0.994,1.414,2475.7,0,2025-03-10,-100.0,2025,2025-03,2025-W11,2025-03-10
2025-03-11,SHORT,2025-03-11 10:00:00-04:00,19354.1,19394.1,19234.1,40,120.0,SL,19394.1,-40.0,-1.0,1,5,-151.2,4.5,177.4,2532,1.371,1.013,1.522,2498.7,1,2025-03-11,-100.0,2025,2025-03,2025-W11,2025-03-10
2025-03-13,SHORT,2025-03-13 10:00:00-04:00,19377.2,19417.2,19257.2,40,120.0,SL,19417.2,-40.0,-1.0,1,5,-47.9,0.9,229.6,2488,1.356,1.0,1.417,2487.7,3,2025-03-13,-100.0,2025,2025-03,2025-W11,2025-03-10
2025-03-17,LONG,2025-03-17 10:10:00-04:00,19798.1,19758.1,19918.1,40,120.0,SL,19758.1,-40.0,-1.0,3,15,-94.8,3.8,223.6,2414,1.276,0.993,1.128,2431.0,0,2025-03-17,-100.0,2025,2025-03,2025-W12,2025-03-17
2025-03-18,SHORT,2025-03-18 10:00:00-04:00,19476.9,19516.9,19356.9,40,120.0,SL,19516.9,-40.0,-1.0,8,40,-42.0,51.2,151.2,2452,1.41,0.984,1.353,2491.3,1,2025-03-18,-100.0,2025,2025-03,2025-W12,2025-03-17
2025-03-19,LONG,2025-03-19 10:00:00-04:00,19650.0,19610.0,19770.0,40,120.0,SL,19610.0,-40.0,-1.0,8,40,-45.9,37.3,131.0,2206,1.521,0.944,1.259,2337.7,2,2025-03-19,-100.0,2025,2025-03,2025-W12,2025-03-17
2025-03-24,LONG,2025-03-24 10:00:00-04:00,20113.0,20073.0,20233.0,40,120.0,TIMEOUT,20159.8,46.8,1.17,72,360,-39.6,93.9,175.4,2260,1.573,0.974,1.381,2320.0,0,2025-03-24,117.0,2025,2025-03,2025-W13,2025-03-24
2025-03-26,SHORT,2025-03-26 10:00:00-04:00,20129.9,20169.9,20009.9,40,120.0,TP,20009.9,120.0,3.0,22,110,-14.0,132.1,68.1,2356,1.612,1.004,1.5,2346.3,2,2025-03-26,300.0,2025,2025-03,2025-W13,2025-03-24
2025-03-28,SHORT,2025-03-28 10:00:00-04:00,19648.1,19688.1,19528.1,40,120.0,TP,19528.1,120.0,3.0,2,10,-3.0,134.7,161.9,2436,1.309,1.029,1.442,2368.0,4,2025-03-28,300.0,2025,2025-03,2025-W13,2025-03-24
2025-03-31,SHORT,2025-03-31 10:15:00-04:00,18910.9,18950.9,18790.9,40,120.0,SL,18950.9,-40.0,-1.0,3,15,-64.5,38.5,152.7,2338,1.239,0.934,0.856,2504.3,0,2025-03-31,-100.0,2025,2025-03,2025-W14,2025-03-31
2025-04-01,SHORT,2025-04-01 10:10:00-04:00,19119.0,19159.0,18999.0,40,120.0,SL,19159.0,-40.0,-1.0,2,10,-44.1,38.6,198.6,2434,1.318,1.001,1.166,2431.3,1,2025-04-01,-100.0,2025,2025-04,2025-W14,2025-03-31
2025-04-02,LONG,2025-04-02 10:00:00-04:00,19432.2,19392.2,19552.2,40,120.0,SL,19392.2,-40.0,-1.0,1,5,-93.8,7.5,269.7,2406,1.333,0.982,1.358,2450.7,2,2025-04-02,-100.0,2025,2025-04,2025-W14,2025-03-31
2025-04-09,LONG,2025-04-09 10:00:00-04:00,17361.7,17321.7,17481.7,40,120.0,SL,17321.7,-40.0,-1.0,1,5,-156.4,3.3,551.7,2466,1.285,0.996,1.303,2477.0,2,2025-04-09,-100.0,2025,2025-04,2025-W15,2025-04-07
2025-04-15,LONG,2025-04-15 10:00:00-04:00,18929.4,18889.4,19049.4,40,120.0,SL,18889.4,-40.0,-1.0,3,15,-115.1,67.0,204.1,2396,1.343,1.004,1.511,2386.0,1,2025-04-15,-100.0,2025,2025-04,2025-W16,2025-04-14
2025-04-17,SHORT,2025-04-17 10:00:00-04:00,18299.0,18339.0,18179.0,40,120.0,TP,18179.0,120.0,3.0,5,25,-17.5,124.7,194.1,2398,1.275,0.983,1.246,2439.7,3,2025-04-17,300.0,2025,2025-04,2025-W16,2025-04-14
2025-04-21,SHORT,2025-04-21 10:00:00-04:00,17835.6,17875.6,17715.6,40,120.0,TP,17715.6,120.0,3.0,18,90,-20.5,132.2,176.1,2364,1.57,1.026,1.572,2304.5,0,2025-04-21,300.0,2025,2025-04,2025-W17,2025-04-21
2025-04-22,LONG,2025-04-22 10:00:00-04:00,18136.4,18096.4,18256.4,40,120.0,TP,18256.4,120.0,3.0,16,80,-23.0,120.5,186.1,2146,1.39,0.913,1.118,2350.0,1,2025-04-22,300.0,2025,2025-04,2025-W17,2025-04-21
2025-04-23,LONG,2025-04-23 10:00:00-04:00,18933.1,18893.1,19053.1,40,120.0,SL,18893.1,-40.0,-1.0,3,15,-79.8,46.0,257.4,2435,1.47,1.002,1.423,2431.0,2,2025-04-23,-100.0,2025,2025-04,2025-W17,2025-04-21
2025-04-24,LONG,2025-04-24 10:00:00-04:00,18949.0,18909.0,19069.0,40,120.0,TP,19069.0,120.0,3.0,14,70,-22.0,136.1,281.6,2322,1.36,1.0,1.463,2323.0,3,2025-04-24,300.0,2025,2025-04,2025-W17,2025-04-21
2025-04-30,SHORT,2025-04-30 10:00:00-04:00,19060.5,19100.5,18940.5,40,120.0,SL,19100.5,-40.0,-1.0,1,5,-55.0,14.0,390.1,2492,1.216,1.016,1.494,2451.7,2,2025-04-30,-100.0,2025,2025-04,2025-W18,2025-04-28
2025-05-08,SHORT,2025-05-08 10:00:00-04:00,20016.1,20056.1,19896.1,40,120.0,TP,19896.1,120.0,3.0,11,55,-12.0,124.4,137.8,2100,1.263,0.909,0.873,2310.0,3,2025-05-08,300.0,2025,2025-05,2025-W19,2025-05-05
2025-05-09,SHORT,2025-05-09 10:25:00-04:00,20047.4,20087.4,19927.4,40,120.0,SL,20087.4,-40.0,-1.0,8,40,-41.9,75.2,138.5,2298,1.358,1.028,1.069,2235.3,4,2025-05-09,-100.0,2025,2025-05,2025-W19,2025-05-05
2025-05-13,LONG,2025-05-13 10:00:00-04:00,21061.9,21021.9,21181.9,40,120.0,TP,21181.9,120.0,3.0,14,70,-1.7,123.1,231.2,2160,1.277,0.936,0.981,2308.3,1,2025-05-13,300.0,2025,2025-05,2025-W20,2025-05-12
2025-05-19,LONG,2025-05-19 10:00:00-04:00,21317.1,21277.1,21437.1,40,120.0,TP,21437.1,120.0,3.0,36,180,-12.0,135.8,175.5,2222,1.465,0.976,1.328,2276.5,0,2025-05-19,300.0,2025,2025-05,2025-W21,2025-05-19
2025-05-20,SHORT,2025-05-20 10:05:00-04:00,21302.5,21342.5,21182.5,40,120.0,SL,21342.5,-40.0,-1.0,2,10,-41.6,8.3,89.6,2142,1.424,0.937,1.082,2286.7,1,2025-05-20,-100.0,2025,2025-05,2025-W21,2025-05-19
2025-05-21,LONG,2025-05-21 10:00:00-04:00,21330.0,21290.0,21450.0,40,120.0,TP,21450.0,120.0,3.0,13,65,-23.6,122.7,125.1,2336,1.58,1.057,1.737,2209.3,2,2025-05-21,300.0,2025,2025-05,2025-W21,2025-05-19
2025-05-22,LONG,2025-05-22 10:00:00-04:00,21246.1,21206.1,21366.1,40,120.0,SL,21206.1,-40.0,-1.0,2,10,-47.5,19.1,202.7,2348,1.31,0.994,1.433,2361.0,3,2025-05-22,-100.0,2025,2025-05,2025-W21,2025-05-19
2025-05-27,LONG,2025-05-27 10:15:00-04:00,21322.3,21282.3,21442.3,40,120.0,TIMEOUT,21396.3,74.0,1.85,69,345,-23.8,114.5,154.0,1984,1.214,0.894,0.664,2220.2,1,2025-05-27,185.0,2025,2025-05,2025-W22,2025-05-26
2025-05-29,SHORT,2025-05-29 10:00:00-04:00,21442.1,21482.1,21322.1,40,120.0,TP,21322.1,120.0,3.0,23,115,-33.7,161.7,238.4,2346,1.394,0.988,1.407,2373.5,3,2025-05-29,300.0,2025,2025-05,2025-W22,2025-05-26
2025-06-02,LONG,2025-06-02 10:05:00-04:00,21280.5,21240.5,21400.5,40,120.0,TP,21400.5,120.0,3.0,21,105,-36.8,123.8,133.8,2386,1.541,1.014,1.357,2352.3,0,2025-06-02,300.0,2025,2025-06,2025-W23,2025-06-02
2025-06-03,LONG,2025-06-03 10:00:00-04:00,21581.7,21541.7,21701.7,40,120.0,SL,21541.7,-40.0,-1.0,1,5,-58.0,13.5,155.3,2234,1.56,0.988,1.447,2260.3,1,2025-06-03,-100.0,2025,2025-06,2025-W23,2025-06-02
2025-06-05,SHORT,2025-06-05 10:05:00-04:00,21673.3,21713.3,21553.3,40,120.0,SL,21713.3,-40.0,-1.0,3,15,-70.0,1.2,179.2,2246,1.258,0.949,0.955,2365.7,3,2025-06-05,-100.0,2025,2025-06,2025-W23,2025-06-02
2025-06-06,LONG,2025-06-06 10:00:00-04:00,21786.0,21746.0,21906.0,40,120.0,SL,21746.0,-40.0,-1.0,5,25,-49.6,26.0,181.2,2204,1.26,0.942,1.021,2340.7,4,2025-06-06,-100.0,2025,2025-06,2025-W23,2025-06-02
2025-06-09,LONG,2025-06-09 10:10:00-04:00,21824.6,21784.6,21944.6,40,120.0,SL,21784.6,-40.0,-1.0,70,350,-48.9,38.0,91.3,2048,1.427,0.896,0.903,2286.7,0,2025-06-09,-100.0,2025,2025-06,2025-W24,2025-06-09
2025-06-10,LONG,2025-06-10 10:10:00-04:00,21850.0,21810.0,21970.0,40,120.0,SL,21810.0,-40.0,-1.0,16,80,-129.2,16.6,133.2,2020,1.369,0.886,0.845,2281.0,1,2025-06-10,-100.0,2025,2025-06,2025-W24,2025-06-09
2025-06-12,LONG,2025-06-12 10:05:00-04:00,21874.0,21834.0,21994.0,40,120.0,TIMEOUT,21915.7,41.7,1.043,71,355,-7.6,86.2,148.9,2168,1.353,0.99,1.237,2189.3,3,2025-06-12,104.3,2025,2025-06,2025-W24,2025-06-09
2025-06-13,LONG,2025-06-13 10:00:00-04:00,21714.7,21674.7,21834.7,40,120.0,SL,21674.7,-40.0,-1.0,2,10,-52.8,18.1,136.5,2176,1.408,0.966,1.307,2253.7,4,2025-06-13,-100.0,2025,2025-06,2025-W24,2025-06-09
2025-06-16,LONG,2025-06-16 10:00:00-04:00,21937.5,21897.5,22057.5,40,120.0,TIMEOUT,21944.9,7.4,0.185,72,360,-33.4,50.4,134.5,2096,1.56,0.937,1.254,2237.3,0,2025-06-16,18.5,2025,2025-06,2025-W25,2025-06-16
2025-06-18,LONG,2025-06-18 10:20:00-04:00,21838.6,21798.6,21958.6,40,120.0,SL,21798.6,-40.0,-1.0,20,100,-44.5,28.6,112.6,1934,1.311,0.928,0.771,2083.7,2,2025-06-18,-100.0,2025,2025-06,2025-W25,2025-06-16
2025-06-19,SHORT,2025-06-19 10:00:00-04:00,21469.3,21509.3,21349.3,40,120.0,SL,21509.3,-40.0,-1.0,12,60,-42.5,16.3,136.2,1470,1.339,0.934,1.012,1573.3,3,2025-06-19,-100.0,2025,2025-06,2025-W25,2025-06-16
2025-06-23,LONG,2025-06-23 10:00:00-04:00,21740.1,21700.1,21860.1,40,120.0,SL,21700.1,-40.0,-1.0,24,120,-41.4,61.0,168.0,2194,1.583,0.994,1.413,2208.3,0,2025-06-23,-100.0,2025,2025-06,2025-W26,2025-06-23
2025-06-27,LONG,2025-06-27 10:00:00-04:00,22588.4,22548.4,22708.4,40,120.0,SL,22548.4,-40.0,-1.0,10,50,-40.7,26.5,82.5,1938,1.454,0.944,1.179,2053.3,4,2025-06-27,-100.0,2025,2025-06,2025-W26,2025-06-23
2025-06-30,SHORT,2025-06-30 10:00:00-04:00,22634.5,22674.5,22514.5,40,120.0,SL,22674.5,-40.0,-1.0,64,320,-50.2,50.7,64.9,2048,1.67,0.936,1.28,2189.0,0,2025-06-30,-100.0,2025,2025-06,2025-W27,2025-06-30
2025-07-01,SHORT,2025-07-01 10:30:00-04:00,22543.4,22583.4,22423.4,40,120.0,TP,22423.4,120.0,3.0,8,40,-17.3,142.5,108.8,2110,1.308,1.012,0.9,2085.7,1,2025-07-01,300.0,2025,2025-07,2025-W27,2025-06-30
2025-07-03,LONG,2025-07-03 10:00:00-04:00,22846.0,22806.0,22966.0,40,120.0,TIMEOUT,22866.2,20.2,0.505,38,190,-9.8,61.8,107.5,1116,1.209,0.961,0.973,1161.3,3,2025-07-03,50.5,2025,2025-07,2025-W27,2025-06-30
2025-07-08,SHORT,2025-07-08 10:00:00-04:00,22717.7,22757.7,22597.7,40,120.0,SL,22757.7,-40.0,-1.0,7,35,-43.2,46.8,65.0,1214,1.546,1.039,1.631,1168.7,1,2025-07-08,-100.0,2025,2025-07,2025-W28,2025-07-07
2025-07-09,LONG,2025-07-09 10:00:00-04:00,22913.8,22873.8,23033.8,40,120.0,SL,22873.8,-40.0,-1.0,5,25,-52.5,13.3,133.6,1126,1.477,0.987,1.377,1141.0,2,2025-07-09,-100.0,2025,2025-07,2025-W28,2025-07-07
2025-07-10,SHORT,2025-07-10 10:00:00-04:00,22747.3,22787.3,22627.3,40,120.0,SL,22787.3,-40.0,-1.0,3,15,-46.8,18.0,97.1,1244,1.473,1.029,1.624,1209.3,3,2025-07-10,-100.0,2025,2025-07,2025-W28,2025-07-07
2025-07-11,LONG,2025-07-11 10:10:00-04:00,22808.4,22768.4,22928.4,40,120.0,SL,22768.4,-40.0,-1.0,12,60,-61.1,27.0,116.8,1112,1.219,0.927,0.861,1200.0,4,2025-07-11,-100.0,2025,2025-07,2025-W28,2025-07-07
2025-07-14,LONG,2025-07-14 10:10:00-04:00,22783.2,22743.2,22903.2,40,120.0,TP,22903.2,120.0,3.0,41,205,-21.0,121.5,138.6,1136,1.311,0.909,0.874,1249.7,0,2025-07-14,300.0,2025,2025-07,2025-W29,2025-07-14
2025-07-17,LONG,2025-07-17 10:00:00-04:00,23019.7,22979.7,23139.7,40,120.0,SL,22979.7,-40.0,-1.0,4,20,-57.1,1.2,84.9,1098,1.246,0.941,1.049,1167.0,3,2025-07-17,-100.0,2025,2025-07,2025-W29,2025-07-14
2025-07-18,SHORT,2025-07-18 10:00:00-04:00,23097.5,23137.5,22977.5,40,120.0,TIMEOUT,23073.2,24.3,0.607,72,360,-8.5,74.0,68.9,1164,1.512,1.014,1.429,1148.0,4,2025-07-18,60.7,2025,2025-07,2025-W29,2025-07-14
2025-07-21,LONG,2025-07-21 10:00:00-04:00,23252.2,23212.2,23372.2,40,120.0,SL,23212.2,-40.0,-1.0,68,340,-40.5,30.1,84.4,1080,1.524,0.966,1.274,1118.0,0,2025-07-21,-100.0,2025,2025-07,2025-W30,2025-07-21
2025-07-22,SHORT,2025-07-22 10:00:00-04:00,22994.6,23034.6,22874.6,40,120.0,SL,23034.6,-40.0,-1.0,1,5,-47.8,0.2,77.9,1306,1.709,1.05,1.686,1243.7,1,2025-07-22,-100.0,2025,2025-07,2025-W30,2025-07-21
2025-07-23,SHORT,2025-07-23 10:00:00-04:00,23024.3,23064.3,22904.3,40,120.0,SL,23064.3,-40.0,-1.0,11,55,-43.1,13.0,52.0,1176,1.427,0.978,1.355,1203.0,2,2025-07-23,-100.0,2025,2025-07,2025-W30,2025-07-21
2025-07-24,SHORT,2025-07-24 10:10:00-04:00,23179.9,23219.9,23059.9,40,120.0,SL,23219.9,-40.0,-1.0,5,25,-48.0,11.2,74.9,1200,1.282,1.017,1.304,1180.0,3,2025-07-24,-100.0,2025,2025-07,2025-W30,2025-07-21
2025-07-31,SHORT,2025-07-31 10:00:00-04:00,23556.2,23596.2,23436.2,40,120.0,TP,23436.2,120.0,3.0,11,55,-28.0,135.5,101.2,1188,1.297,0.946,1.126,1255.3,3,2025-07-31,300.0,2025,2025-07,2025-W31,2025-07-28
2025-08-04,LONG,2025-08-04 10:00:00-04:00,23144.2,23104.2,23264.2,40,120.0,SL,23104.2,-40.0,-1.0,9,45,-41.0,13.1,148.2,1176,1.451,0.983,1.416,1196.3,0,2025-08-04,-100.0,2025,2025-08,2025-W32,2025-08-04
2025-08-05,SHORT,2025-08-05 10:15:00-04:00,23208.2,23248.2,23088.2,40,120.0,TP,23088.2,120.0,3.0,5,25,0.0,131.5,90.0,1210,1.313,1.028,1.124,1176.7,1,2025-08-05,300.0,2025,2025-08,2025-W32,2025-08-04
2025-08-06,LONG,2025-08-06 10:00:00-04:00,23170.2,23130.2,23290.2,40,120.0,SL,23130.2,-40.0,-1.0,2,10,-49.5,15.6,118.9,1194,1.365,0.945,1.224,1263.0,2,2025-08-06,-100.0,2025,2025-08,2025-W32,2025-08-04
2025-08-07,LONG,2025-08-07 10:00:00-04:00,23543.1,23503.1,23663.1,40,120.0,SL,23503.1,-40.0,-1.0,2,10,-58.0,16.1,169.0,1240,1.396,0.993,1.447,1248.7,3,2025-08-07,-100.0,2025,2025-08,2025-W32,2025-08-04
2025-08-08,LONG,2025-08-08 10:00:00-04:00,23556.1,23516.1,23676.1,40,120.0,TIMEOUT,23638.5,82.4,2.06,72,360,-37.5,86.2,73.2,1094,1.309,0.928,1.093,1178.3,4,2025-08-08,206.0,2025,2025-08,2025-W32,2025-08-04
2025-08-11,LONG,2025-08-11 10:15:00-04:00,23678.9,23638.9,23798.9,40,120.0,SL,23638.9,-40.0,-1.0,6,30,-46.6,0.0,96.1,1076,1.225,0.904,0.76,1190.3,0,2025-08-11,-100.0,2025,2025-08,2025-W33,2025-08-11
2025-08-15,SHORT,2025-08-15 10:00:00-04:00,23775.7,23815.7,23655.7,40,120.0,TIMEOUT,23710.6,65.1,1.628,72,360,-25.7,119.7,90.0,1248,1.424,1.013,1.432,1232.3,4,2025-08-15,162.8,2025,2025-08,2025-W33,2025-08-11
2025-08-19,SHORT,2025-08-19 10:00:00-04:00,23653.1,23693.1,23533.1,40,120.0,TP,23533.1,120.0,3.0,7,35,-6.0,123.3,70.1,1204,1.486,0.97,1.353,1241.0,1,2025-08-19,300.0,2025,2025-08,2025-W34,2025-08-18
2025-08-20,SHORT,2025-08-20 10:00:00-04:00,23105.9,23145.9,22985.9,40,120.0,TP,22985.9,120.0,3.0,9,45,-5.5,127.7,107.1,1294,1.462,0.999,1.457,1295.0,2,2025-08-20,300.0,2025,2025-08,2025-W34,2025-08-18
2025-08-22,LONG,2025-08-22 10:00:00-04:00,23420.8,23380.8,23540.8,40,120.0,TP,23540.8,120.0,3.0,3,15,-2.3,145.6,201.4,1246,1.537,1.044,1.657,1193.0,4,2025-08-22,300.0,2025,2025-08,2025-W34,2025-08-18
2025-08-26,LONG,2025-08-26 10:00:00-04:00,23452.3,23412.3,23572.3,40,120.0,TIMEOUT,23533.1,80.8,2.02,72,360,-27.2,93.3,88.8,1214,1.479,0.975,1.371,1245.0,1,2025-08-26,202.0,2025,2025-08,2025-W35,2025-08-25
2025-08-27,SHORT,2025-08-27 10:00:00-04:00,23484.3,23524.3,23364.3,40,120.0,SL,23524.3,-40.0,-1.0,3,15,-65.6,5.7,84.8,1202,1.335,0.969,1.233,1240.0,2,2025-08-27,-100.0,2025,2025-08,2025-W35,2025-08-25
2025-08-29,SHORT,2025-08-29 10:00:00-04:00,23434.4,23474.4,23314.4,40,120.0,TIMEOUT,23418.7,15.7,0.393,72,360,-33.0,79.2,124.3,1258,1.357,0.999,1.348,1259.0,4,2025-08-29,39.3,2025,2025-08,2025-W35,2025-08-25
2025-09-04,SHORT,2025-09-04 10:00:00-04:00,23397.6,23437.6,23277.6,40,120.0,SL,23437.6,-40.0,-1.0,4,20,-48.1,20.2,81.9,1252,1.361,0.996,1.45,1257.3,3,2025-09-04,-100.0,2025,2025-09,2025-W36,2025-09-01
2025-09-08,LONG,2025-09-08 10:00:00-04:00,23829.8,23789.8,23949.8,40,120.0,SL,23789.8,-40.0,-1.0,3,15,-44.3,12.0,64.1,1240,1.526,0.988,1.431,1255.0,0,2025-09-08,-100.0,2025,2025-09,2025-W37,2025-09-08
2025-09-09,SHORT,2025-09-09 10:00:00-04:00,23771.3,23811.3,23651.3,40,120.0,SL,23811.3,-40.0,-1.0,2,10,-54.7,5.8,84.3,1260,1.446,1.041,1.522,1210.7,1,2025-09-09,-100.0,2025,2025-09,2025-W37,2025-09-08
2025-09-12,LONG,2025-09-12 10:05:00-04:00,24040.8,24000.8,24160.8,40,120.0,TIMEOUT,24114.3,73.5,1.838,69,345,-30.0,101.0,82.4,1074,1.307,0.905,0.91,1187.0,4,2025-09-12,183.8,2025,2025-09,2025-W37,2025-09-08
2025-09-15,LONG,2025-09-15 10:00:00-04:00,24242.0,24202.0,24362.0,40,120.0,TIMEOUT,24298.6,56.6,1.415,71,355,-23.9,60.9,106.3,1086,1.314,0.93,1.115,1167.7,0,2025-09-15,141.5,2025,2025-09,2025-W38,2025-09-15
2025-09-16,SHORT,2025-09-16 10:00:00-04:00,24285.0,24325.0,24165.0,40,120.0,TIMEOUT,24276.8,8.2,0.205,71,355,-26.6,35.5,62.9,1154,1.362,0.954,1.203,1210.0,1,2025-09-16,20.5,2025,2025-09,2025-W38,2025-09-15
2025-09-17,SHORT,2025-09-17 10:20:00-04:00,24209.2,24249.2,24089.2,40,120.0,SL,24249.2,-40.0,-1.0,44,220,-69.5,79.1,96.3,1034,1.232,0.892,0.645,1159.7,2,2025-09-17,-100.0,2025,2025-09,2025-W38,2025-09-15
2025-09-19,LONG,2025-09-19 10:00:00-04:00,24560.0,24520.0,24680.0,40,120.0,SL,24520.0,-40.0,-1.0,4,20,-44.0,7.8,129.3,1164,1.405,0.961,1.201,1211.3,4,2025-09-19,-100.0,2025,2025-09,2025-W38,2025-09-15
2025-09-22,LONG,2025-09-22 10:00:00-04:00,24641.9,24601.9,24761.9,40,120.0,TP,24761.9,120.0,3.0,42,210,-18.7,120.3,98.2,1104,1.438,0.985,1.372,1121.3,0,2025-09-22,300.0,2025,2025-09,2025-W39,2025-09-22
2025-09-23,SHORT,2025-09-23 10:00:00-04:00,24712.1,24752.1,24592.1,40,120.0,TP,24592.1,120.0,3.0,43,215,-33.5,121.2,52.9,1148,1.558,0.972,1.375,1180.7,1,2025-09-23,300.0,2025,2025-09,2025-W39,2025-09-22
2025-09-24,SHORT,2025-09-24 10:00:00-04:00,24611.2,24651.2,24491.2,40,120.0,TP,24491.2,120.0,3.0,22,110,-1.8,125.5,65.9,1166,1.528,0.972,1.372,1199.0,2,2025-09-24,300.0,2025,2025-09,2025-W39,2025-09-22
2025-09-29,LONG,2025-09-29 10:00:00-04:00,24715.8,24675.8,24835.8,40,120.0,SL,24675.8,-40.0,-1.0,15,75,-62.5,46.8,95.5,1216,1.488,0.998,1.4,1218.3,0,2025-09-29,-100.0,2025,2025-09,2025-W40,2025-09-29
2025-10-01,LONG,2025-10-01 10:00:00-04:00,24614.1,24574.1,24734.1,40,120.0,TP,24734.1,120.0,3.0,24,120,-26.0,121.1,170.8,1222,1.291,0.97,1.244,1259.3,2,2025-10-01,300.0,2025,2025-10,2025-W40,2025-09-29
2025-10-03,SHORT,2025-10-03 10:00:00-04:00,24881.3,24921.3,24761.3,40,120.0,SL,24921.3,-40.0,-1.0,8,40,-41.6,33.1,92.6,1240,1.468,1.028,1.533,1206.0,4,2025-10-03,-100.0,2025,2025-10,2025-W40,2025-09-29
2025-10-08,LONG,2025-10-08 10:00:00-04:00,25014.3,24974.3,25134.3,40,120.0,TP,25134.3,120.0,3.0,70,350,-29.3,130.1,84.6,1148,1.398,0.947,1.219,1211.7,2,2025-10-08,300.0,2025,2025-10,2025-W41,2025-10-06
2025-10-09,SHORT,2025-10-09 10:00:00-04:00,25093.9,25133.9,24973.9,40,120.0,TIMEOUT,25107.1,-13.2,-0.33,72,360,-20.0,118.5,72.3,1190,1.49,0.953,1.269,1248.7,3,2025-10-09,-33.0,2025,2025-10,2025-W41,2025-10-06
2025-10-15,LONG,2025-10-15 10:00:00-04:00,24870.9,24830.9,24990.9,40,120.0,SL,24830.9,-40.0,-1.0,19,95,-69.8,76.5,156.1,1208,1.261,0.95,1.172,1271.3,2,2025-10-15,-100.0,2025,2025-10,2025-W42,2025-10-13
2025-10-20,LONG,2025-10-20 10:00:00-04:00,25087.4,25047.4,25207.4,40,120.0,TIMEOUT,25154.1,66.7,1.667,72,360,-23.2,113.6,113.5,1226,1.429,0.996,1.415,1230.3,0,2025-10-20,166.7,2025,2025-10,2025-W43,2025-10-20
2025-10-21,SHORT,2025-10-21 10:00:00-04:00,25076.7,25116.7,24956.7,40,120.0,SL,25116.7,-40.0,-1.0,3,15,-49.7,6.7,61.8,1244,1.466,0.994,1.397,1251.0,1,2025-10-21,-100.0,2025,2025-10,2025-W43,2025-10-20
2025-10-22,SHORT,2025-10-22 10:20:00-04:00,25047.4,25087.4,24927.4,40,120.0,TP,24927.4,120.0,3.0,4,20,-13.8,120.3,131.3,1200,1.295,0.966,0.905,1241.7,2,2025-10-22,300.0,2025,2025-10,2025-W43,2025-10-20
2025-10-23,LONG,2025-10-23 10:00:00-04:00,25013.3,24973.3,25133.3,40,120.0,SL,24973.3,-40.0,-1.0,2,10,-51.8,0.4,188.7,1246,1.271,0.998,1.366,1248.7,3,2025-10-23,-100.0,2025,2025-10,2025-W43,2025-10-20
2025-10-27,LONG,2025-10-27 10:00:00-04:00,25736.6,25696.6,25856.6,40,120.0,SL,25696.6,-40.0,-1.0,4,20,-43.2,7.3,83.8,1168,1.54,0.992,1.382,1178.0,0,2025-10-27,-100.0,2025,2025-10,2025-W44,2025-10-27
2025-10-28,LONG,2025-10-28 10:00:00-04:00,25941.7,25901.7,26061.7,40,120.0,SL,25901.7,-40.0,-1.0,6,30,-45.4,7.2,117.4,1156,1.371,0.969,1.135,1193.0,1,2025-10-28,-100.0,2025,2025-10,2025-W44,2025-10-27
2025-10-31,SHORT,2025-10-31 10:00:00-04:00,25944.3,25984.3,25824.3,40,120.0,SL,25984.3,-40.0,-1.0,1,5,-49.7,0.0,128.7,1258,1.282,1.006,1.456,1251.0,4,2025-10-31,-100.0,2025,2025-10,2025-W44,2025-10-27
2025-11-05,LONG,2025-11-05 10:00:00-05:00,25547.4,25507.4,25667.4,40,120.0,TP,25667.4,120.0,3.0,21,105,-32.3,131.7,191.2,1260,1.246,1.008,1.474,1249.7,2,2025-11-05,300.0,2025,2025-11,2025-W45,2025-11-03
2025-11-06,SHORT,2025-11-06 10:00:00-05:00,25315.2,25355.2,25195.2,40,120.0,SL,25355.2,-40.0,-1.0,1,5,-55.8,1.8,192.5,1282,1.289,1.007,1.311,1273.3,3,2025-11-06,-100.0,2025,2025-11,2025-W45,2025-11-03
2025-11-10,LONG,2025-11-10 10:00:00-05:00,25546.2,25506.2,25666.2,40,120.0,SL,25506.2,-40.0,-1.0,9,45,-41.2,26.8,109.0,1236,1.391,0.997,1.431,1240.0,0,2025-11-10,-100.0,2025,2025-11,2025-W46,2025-11-10
2025-11-11,SHORT,2025-11-11 10:10:00-05:00,25481.3,25521.3,25361.3,40,120.0,SL,25521.3,-40.0,-1.0,32,160,-52.5,90.9,116.5,1202,1.246,0.971,1.021,1238.0,1,2025-11-11,-100.0,2025,2025-11,2025-W46,2025-11-10
2025-11-12,SHORT,2025-11-12 10:00:00-05:00,25537.9,25577.9,25417.9,40,120.0,TP,25417.9,120.0,3.0,14,70,-34.2,126.8,108.5,1250,1.474,1.001,1.479,1248.3,2,2025-11-12,300.0,2025,2025-11,2025-W46,2025-11-10
2025-11-13,SHORT,2025-11-13 10:00:00-05:00,25248.6,25288.6,25128.6,40,120.0,SL,25288.6,-40.0,-1.0,1,5,-108.7,0.0,285.7,1272,1.222,0.997,1.364,1276.3,3,2025-11-13,-100.0,2025,2025-11,2025-W46,2025-11-10
2025-11-19,LONG,2025-11-19 10:00:00-05:00,24854.4,24814.4,24974.4,40,120.0,SL,24814.4,-40.0,-1.0,9,45,-61.6,61.2,197.1,1260,1.212,0.987,1.334,1277.0,2,2025-11-19,-100.0,2025,2025-11,2025-W47,2025-11-17
2025-11-24,LONG,2025-11-24 10:00:00-05:00,24671.8,24631.8,24791.8,40,120.0,SL,24631.8,-40.0,-1.0,2,10,-67.5,35.4,211.5,1284,1.253,0.981,1.34,1309.0,0,2025-11-24,-100.0,2025,2025-11,2025-W48,2025-11-24
2025-11-25,SHORT,2025-11-25 10:00:00-05:00,24626.8,24666.8,24506.8,40,120.0,SL,24666.8,-40.0,-1.0,1,5,-106.8,20.2,152.7,1322,1.217,1.028,1.723,1286.0,1,2025-11-25,-100.0,2025,2025-11,2025-W48,2025-11-24
2025-12-01,LONG,2025-12-01 10:00:00-05:00,25307.1,25267.1,25427.1,40,120.0,SL,25267.1,-40.0,-1.0,6,30,-69.0,38.8,131.6,1224,1.25,0.978,1.313,1251.7,0,2025-12-01,-100.0,2025,2025-12,2025-W49,2025-12-01
2025-12-02,LONG,2025-12-02 10:00:00-05:00,25594.4,25554.4,25714.4,40,120.0,SL,25554.4,-40.0,-1.0,5,25,-66.5,19.7,196.4,1198,1.318,0.95,1.192,1260.7,1,2025-12-02,-100.0,2025,2025-12,2025-W49,2025-12-01
2025-12-04,SHORT,2025-12-04 10:00:00-05:00,25531.4,25571.4,25411.4,40,120.0,SL,25571.4,-40.0,-1.0,7,35,-63.8,45.6,128.4,1214,1.261,0.963,1.061,1261.0,3,2025-12-04,-100.0,2025,2025-12,2025-W49,2025-12-01
2025-12-05,LONG,2025-12-05 10:00:00-05:00,25775.4,25735.4,25895.4,40,120.0,SL,25735.4,-40.0,-1.0,10,50,-54.2,56.3,174.3,1224,1.252,0.992,1.242,1234.0,4,2025-12-05,-100.0,2025,2025-12,2025-W49,2025-12-01
2025-12-08,SHORT,2025-12-08 10:05:00-05:00,25727.5,25767.5,25607.5,40,120.0,TP,25607.5,120.0,3.0,11,55,0.0,126.8,70.2,1168,1.359,0.959,1.127,1218.3,0,2025-12-08,300.0,2025,2025-12,2025-W50,2025-12-08
2025-12-11,SHORT,2025-12-11 10:00:00-05:00,25433.2,25473.2,25313.2,40,120.0,SL,25473.2,-40.0,-1.0,1,5,-86.5,2.3,226.4,1232,1.32,0.961,1.228,1281.3,3,2025-12-11,-100.0,2025,2025-12,2025-W50,2025-12-08
2025-12-12,SHORT,2025-12-12 10:00:00-05:00,25467.3,25507.3,25347.3,40,120.0,TP,25347.3,120.0,3.0,5,25,-12.3,168.6,149.5,1270,1.403,1.018,1.428,1248.0,4,2025-12-12,300.0,2025,2025-12,2025-W50,2025-12-08
2025-12-15,SHORT,2025-12-15 10:00:00-05:00,25169.1,25209.1,25049.1,40,120.0,SL,25209.1,-40.0,-1.0,1,5,-55.2,7.6,176.0,1250,1.478,0.99,1.388,1262.0,0,2025-12-15,-100.0,2025,2025-12,2025-W51,2025-12-15
2025-12-17,SHORT,2025-12-17 10:00:00-05:00,25067.1,25107.1,24947.1,40,120.0,TP,24947.1,120.0,3.0,7,35,-33.6,127.9,126.0,1216,1.207,0.952,1.089,1276.7,2,2025-12-17,300.0,2025,2025-12,2025-W51,2025-12-15
2025-12-19,LONG,2025-12-19 10:00:00-05:00,25329.1,25289.1,25449.1,40,120.0,SL,25289.1,-40.0,-1.0,3,15,-45.7,0.0,118.1,1246,1.304,0.985,1.271,1264.3,4,2025-12-19,-100.0,2025,2025-12,2025-W51,2025-12-15
2025-12-22,SHORT,2025-12-22 10:10:00-05:00,25444.8,25484.8,25324.8,40,120.0,SL,25484.8,-40.0,-1.0,13,65,-41.6,45.8,103.6,1212,1.372,0.972,1.092,1247.0,0,2025-12-22,-100.0,2025,2025-12,2025-W52,2025-12-22
2025-12-26,SHORT,2025-12-26 10:10:00-05:00,25621.8,25661.8,25501.8,40,120.0,SL,25661.8,-40.0,-1.0,2,10,-44.2,7.5,79.4,1122,1.418,0.96,1.035,1168.3,4,2025-12-26,-100.0,2025,2025-12,2025-W52,2025-12-22
2026-01-02,SHORT,2026-01-02 10:10:00-05:00,25402.7,25442.7,25282.7,40,120.0,TP,25282.7,120.0,3.0,2,10,-0.1,124.2,117.3,1252,1.346,1.006,1.202,1244.7,4,2026-01-02,300.0,2026,2026-01,2026-W01,2025-12-29
2026-01-05,LONG,2026-01-05 10:05:00-05:00,25453.4,25413.4,25573.4,40,120.0,SL,25413.4,-40.0,-1.0,36,180,-57.4,59.8,191.0,1242,1.274,0.971,1.107,1279.0,0,2026-01-05,-100.0,2026,2026-01,2026-W02,2026-01-05
2026-01-06,LONG,2026-01-06 10:00:00-05:00,25557.8,25517.8,25677.8,40,120.0,SL,25517.8,-40.0,-1.0,10,50,-56.7,30.4,141.7,1204,1.387,0.979,1.297,1229.7,1,2026-01-06,-100.0,2026,2026-01,2026-W02,2026-01-05
2026-01-07,LONG,2026-01-07 10:00:00-05:00,25654.9,25614.9,25774.9,40,120.0,TP,25774.9,120.0,3.0,21,105,-28.8,120.2,66.7,1212,1.413,1.014,1.475,1195.0,2,2026-01-07,300.0,2026,2026-01,2026-W02,2026-01-05
2026-01-08,SHORT,2026-01-08 10:00:00-05:00,25425.8,25465.8,25305.8,40,120.0,SL,25465.8,-40.0,-1.0,1,5,-70.6,7.4,137.1,1272,1.403,0.998,1.439,1274.3,3,2026-01-08,-100.0,2026,2026-01,2026-W02,2026-01-05
2026-01-12,LONG,2026-01-12 10:00:00-05:00,25704.0,25664.0,25824.0,40,120.0,TP,25824.0,120.0,3.0,40,200,-11.2,120.7,127.6,1204,1.344,0.968,1.259,1243.7,0,2026-01-12,300.0,2026,2026-01,2026-W03,2026-01-12
2026-01-14,SHORT,2026-01-14 10:00:00-05:00,25390.4,25430.4,25270.4,40,120.0,SL,25430.4,-40.0,-1.0,2,10,-116.8,7.4,176.3,1278,1.274,1.001,1.44,1276.3,2,2026-01-14,-100.0,2026,2026-01,2026-W03,2026-01-12
2026-01-16,SHORT,2026-01-16 10:00:00-05:00,25569.6,25609.6,25449.6,40,120.0,TP,25449.6,120.0,3.0,8,40,-34.1,138.5,81.5,1256,1.347,1.005,1.44,1249.3,4,2026-01-16,300.0,2026,2026-01,2026-W03,2026-01-12
2026-01-26,LONG,2026-01-26 10:00:00-05:00,25709.7,25669.7,25829.7,40,120.0,TIMEOUT,25712.2,2.5,0.062,72,360,-36.4,91.4,166.0,1176,1.272,0.962,1.236,1222.3,0,2026-01-26,6.2,2026,2026-01,2026-W05,2026-01-26
2026-01-27,LONG,2026-01-27 10:00:00-05:00,25929.8,25889.8,26049.8,40,120.0,TIMEOUT,25951.0,21.2,0.53,72,360,-33.3,57.2,75.2,1170,1.303,0.963,1.227,1215.0,1,2026-01-27,53.0,2026,2026-01,2026-W05,2026-01-26
2026-01-29,SHORT,2026-01-29 10:00:00-05:00,25676.3,25716.3,25556.3,40,120.0,TP,25556.3,120.0,3.0,7,35,-27.0,142.0,145.2,1290,1.289,0.993,1.394,1299.0,3,2026-01-29,300.0,2026,2026-01,2026-W05,2026-01-26
2026-02-02,LONG,2026-02-02 10:00:00-05:00,25684.1,25644.1,25804.1,40,120.0,TP,25804.1,120.0,3.0,24,120,-5.5,125.3,314.3,1296,1.217,1.006,1.508,1287.7,0,2026-02-02,300.0,2026,2026-02,2026-W06,2026-02-02
2026-02-03,SHORT,2026-02-03 10:00:00-05:00,25504.6,25544.6,25384.6,40,120.0,TP,25384.6,120.0,3.0,4,20,-22.8,135.6,104.2,1306,1.313,1.0,1.467,1305.7,1,2026-02-03,300.0,2026,2026-02,2026-W06,2026-02-02
2026-02-25,LONG,2026-02-25 10:00:00-05:00,25283.6,25243.6,25403.6,40,120.0,SL,25243.6,-40.0,-1.0,3,15,-48.6,8.7,159.2,1222,1.232,0.994,1.296,1229.7,2,2026-02-25,-100.0,2026,2026-02,2026-W09,2026-02-23
2026-02-26,SHORT,2026-02-26 10:00:00-05:00,25125.7,25165.7,25005.7,40,120.0,TP,25005.7,120.0,3.0,3,15,-2.2,226.8,88.3,1260,1.231,0.998,1.298,1262.7,3,2026-02-26,300.0,2026,2026-02,2026-W09,2026-02-23
2026-04-16,SHORT,2026-04-16 10:00:00-04:00,26182.6,26222.6,26062.6,40,120.0,SL,26222.6,-40.0,-1.0,2,10,-53.8,8.3,120.7,1118,1.207,0.99,1.279,1129.7,3,2026-04-16,-100.0,2026,2026-04,2026-W16,2026-04-13
2026-05-05,LONG,2026-05-05 10:00:00-04:00,28002.3,27962.3,28122.3,40,120.0,SL,27962.3,-40.0,-1.0,2,10,-52.8,9.6,186.6,1138,1.212,1.006,1.432,1131.5,1,2026-05-05,-100.0,2026,2026-05,2026-W19,2026-05-04
2026-05-26,LONG,2026-05-26 10:00:00-04:00,29940.9,29900.9,30060.9,40,120.0,TP,30060.9,120.0,3.0,7,35,-15.8,125.7,185.7,1150,1.248,1.008,1.479,1140.7,1,2026-05-26,300.0,2026,2026-05,2026-W22,2026-05-25
