instrument,trades,wins,losses,timeouts,win_rate,tp_rate,sl_rate,expectancy_R,total_R,profit_factor,avg_win_R,avg_loss_R,avg_mins_held,max_dd_R,long_share,stop_method,stop_param,rr
US30,613,125,406,82,0.2039,0.2039,0.6623,0.2022,123.94,1.303,3.5,-1.0,103.8,-31.19,0.532,fixed,60,3.5
US30,613,125,370,118,0.2039,0.2039,0.6036,0.1904,116.7,1.31,3.0,-1.0,128.6,-19.61,0.532,fixed,75,3.0
US30,613,164,362,87,0.2675,0.2675,0.5905,0.1685,103.3,1.281,2.5,-1.0,116.2,-22.94,0.532,fixed,75,2.5
US30,613,113,362,138,0.1843,0.1843,0.5905,0.1666,102.15,1.278,3.0,-1.0,154.0,-24.29,0.532,atr,2.0,3.0
US30,613,93,375,145,0.1517,0.1517,0.6117,0.1653,101.35,1.266,3.5,-1.0,141.9,-20.73,0.532,fixed,75,3.5
US30,613,148,401,64,0.2414,0.2414,0.6542,0.1596,97.81,1.242,3.0,-1.0,93.1,-36.38,0.532,fixed,60,3.0
US30,613,78,365,170,0.1272,0.1272,0.5954,0.1507,92.38,1.249,3.5,-1.0,164.5,-22.29,0.532,atr,2.0,3.5
US30,613,145,358,110,0.2365,0.2365,0.584,0.1439,88.22,1.243,2.5,-1.0,140.4,-17.32,0.532,atr,2.0,2.5
US30,613,175,389,49,0.2855,0.2855,0.6346,0.135,82.76,1.211,2.5,-1.0,81.9,-38.02,0.532,fixed,60,2.5
US30,613,200,348,65,0.3263,0.3263,0.5677,0.1337,81.98,1.232,2.0,-1.0,98.6,-26.94,0.532,fixed,75,2.0
US30,613,194,347,72,0.3165,0.3165,0.5661,0.1329,81.49,1.232,2.0,-1.0,119.3,-15.91,0.532,atr,2.0,2.0
US30,613,260,324,29,0.4241,0.4241,0.5285,0.1274,78.09,1.239,1.5,-1.0,87.5,-10.5,0.532,atr,2.0,1.5
US30,613,130,430,53,0.2121,0.2121,0.7015,0.124,76.04,1.176,3.5,-1.0,78.4,-36.66,0.532,fixed,50,3.5
US30,613,74,333,206,0.1207,0.1207,0.5432,0.1231,75.44,1.222,3.0,-1.0,193.1,-25.08,0.532,atr,2.5,3.0
US30,613,110,329,174,0.1794,0.1794,0.5367,0.122,74.79,1.223,2.5,-1.0,181.3,-22.21,0.532,atr,2.5,2.5
US30,613,117,333,163,0.1909,0.1909,0.5432,0.1205,73.84,1.216,2.5,-1.0,163.1,-19.61,0.532,fixed,100,2.5
US30,613,111,418,84,0.1811,0.1811,0.6819,0.1201,73.65,1.175,3.5,-1.0,113.4,-31.2,0.532,atr,1.5,3.5
US30,613,42,334,237,0.0685,0.0685,0.5449,0.1143,70.06,1.206,3.5,-1.0,200.9,-22.2,0.532,atr,2.5,3.5
US30,613,166,327,120,0.2708,0.2708,0.5334,0.1141,69.94,1.209,2.0,-1.0,143.8,-23.04,0.532,fixed,100,2.0
US30,613,157,324,132,0.2561,0.2561,0.5285,0.1113,68.22,1.207,2.0,-1.0,162.8,-17.37,0.532,atr,2.5,2.0
US30,613,213,371,29,0.3475,0.3475,0.6052,0.1081,66.26,1.177,2.0,-1.0,66.4,-30.59,0.532,fixed,60,2.0
US30,613,152,421,40,0.248,0.248,0.6868,0.107,65.58,1.155,3.0,-1.0,70.0,-42.36,0.532,fixed,50,3.0
US30,613,218,380,15,0.3556,0.3556,0.6199,0.1044,64.0,1.168,2.0,-1.0,66.4,-18.08,0.532,atr,1.5,2.0
US30,613,77,339,197,0.1256,0.1256,0.553,0.1012,62.04,1.179,3.0,-1.0,175.5,-20.16,0.532,fixed,100,3.0
US30,613,225,309,79,0.367,0.367,0.5041,0.0999,61.25,1.195,1.5,-1.0,134.5,-22.53,0.532,atr,2.5,1.5
US30,613,138,414,61,0.2251,0.2251,0.6754,0.0982,60.23,1.145,3.0,-1.0,101.7,-31.9,0.532,atr,1.5,3.0
US30,613,54,341,218,0.0881,0.0881,0.5563,0.0981,60.14,1.172,3.5,-1.0,183.5,-22.03,0.532,fixed,100,3.5
US30,613,170,403,40,0.2773,0.2773,0.6574,0.0949,58.18,1.144,2.5,-1.0,86.7,-30.36,0.532,atr,1.5,2.5
US30,613,164,441,8,0.2675,0.2675,0.7194,0.0946,58.01,1.131,3.0,-1.0,45.3,-27.72,0.532,atr,1.0,3.0
US30,613,180,406,27,0.2936,0.2936,0.6623,0.094,57.62,1.141,2.5,-1.0,59.3,-26.65,0.532,fixed,50,2.5
US30,613,257,336,20,0.4192,0.4192,0.5481,0.0885,54.24,1.16,1.5,-1.0,49.3,-25.59,0.532,fixed,60,1.5
US30,613,225,309,79,0.367,0.367,0.5041,0.0874,53.59,1.169,1.5,-1.0,119.3,-27.35,0.532,fixed,100,1.5
US30,613,329,279,5,0.5367,0.5367,0.4551,0.0813,49.85,1.178,1.0,-1.0,23.4,-13.81,0.532,fixed,50,1.0
US30,613,138,457,18,0.2251,0.2251,0.7455,0.0786,48.19,1.105,3.5,-1.0,54.6,-36.66,0.532,atr,1.0,3.5
US30,613,245,331,37,0.3997,0.3997,0.54,0.0758,46.45,1.138,1.5,-1.0,75.6,-20.63,0.532,fixed,75,1.5
US30,613,326,280,7,0.5318,0.5318,0.4568,0.0753,46.15,1.164,1.0,-1.0,31.5,-19.92,0.532,fixed,60,1.0
US30,613,46,231,336,0.075,0.075,0.3768,0.0712,43.62,1.167,2.5,-1.0,256.1,-24.39,0.532,range_edge,edge+5,2.5
US30,613,328,285,0,0.5351,0.5351,0.4649,0.0701,43.0,1.151,1.0,-1.0,13.7,-18.0,0.532,atr,1.0,1.0
US30,613,318,276,19,0.5188,0.5188,0.4502,0.0697,42.72,1.153,1.0,-1.0,50.2,-16.95,0.532,fixed,75,1.0
US30,613,259,350,4,0.4225,0.4225,0.571,0.0656,40.21,1.115,1.5,-1.0,22.5,-15.38,0.532,fixed,40,1.5
US30,613,81,230,302,0.1321,0.1321,0.3752,0.0642,39.36,1.151,2.0,-1.0,247.4,-21.59,0.532,range_edge,edge+5,2.0
US30,613,133,455,25,0.217,0.217,0.7423,0.0625,38.31,1.084,3.5,-1.0,54.8,-40.2,0.532,fixed,40,3.5
US30,613,312,277,24,0.509,0.509,0.4519,0.062,38.02,1.136,1.0,-1.0,89.8,-13.64,0.532,atr,2.5,1.0
US30,613,254,347,12,0.4144,0.4144,0.5661,0.0595,36.48,1.105,1.5,-1.0,34.3,-21.82,0.532,fixed,50,1.5
US30,613,184,425,4,0.3002,0.3002,0.6933,0.0595,36.46,1.086,2.5,-1.0,36.7,-26.23,0.532,atr,1.0,2.5
US30,613,208,386,19,0.3393,0.3393,0.6297,0.0592,36.28,1.093,2.0,-1.0,47.6,-24.82,0.532,fixed,50,2.0
US30,613,139,227,247,0.2268,0.2268,0.3703,0.0569,34.85,1.136,1.5,-1.0,225.9,-22.28,0.532,range_edge,edge+5,1.5
US30,613,238,208,167,0.3883,0.3883,0.3393,0.0552,33.82,1.144,1.0,-1.0,187.3,-14.56,0.532,range_edge,edge+5,1.0
US30,613,154,442,17,0.2512,0.2512,0.721,0.0551,33.79,1.076,3.0,-1.0,47.1,-30.3,0.532,fixed,40,3.0
US30,613,23,233,357,0.0375,0.0375,0.3801,0.048,29.43,1.112,3.0,-1.0,261.7,-26.96,0.532,range_edge,edge+5,3.0
US30,613,12,233,368,0.0196,0.0196,0.3801,0.0468,28.66,1.109,3.5,-1.0,263.7,-28.73,0.532,range_edge,edge+5,3.5
US30,613,318,292,3,0.5188,0.5188,0.4763,0.0429,26.32,1.09,1.0,-1.0,16.5,-15.0,0.532,fixed,40,1.0
US30,613,314,290,9,0.5122,0.5122,0.4731,0.04,24.55,1.084,1.0,-1.0,57.9,-16.34,0.532,atr,2.0,1.0
US30,613,253,359,1,0.4127,0.4127,0.5856,0.0332,20.38,1.057,1.5,-1.0,21.5,-22.62,0.532,atr,1.0,1.5
US30,613,250,357,6,0.4078,0.4078,0.5824,0.0311,19.08,1.053,1.5,-1.0,48.5,-19.48,0.532,atr,1.5,1.5
US30,613,296,280,37,0.4829,0.4829,0.4568,0.0302,18.54,1.065,1.0,-1.0,84.5,-25.23,0.532,fixed,100,1.0
US30,613,174,427,12,0.2838,0.2838,0.6966,0.0264,16.17,1.038,2.5,-1.0,39.5,-28.8,0.532,fixed,40,2.5
US30,613,208,402,3,0.3393,0.3393,0.6558,0.023,14.12,1.035,2.0,-1.0,28.9,-22.73,0.532,atr,1.0,2.0
US30,613,204,400,9,0.3328,0.3328,0.6525,0.0222,13.59,1.034,2.0,-1.0,31.6,-28.44,0.532,fixed,40,2.0
US30,613,310,301,2,0.5057,0.5057,0.491,0.0147,9.02,1.03,1.0,-1.0,31.7,-19.08,0.532,atr,1.5,1.0
US30,613,246,365,2,0.4013,0.4013,0.5954,0.007,4.31,1.012,1.5,-1.0,13.8,-26.86,0.532,fixed,30,1.5
US30,613,202,408,3,0.3295,0.3295,0.6656,-0.003,-1.83,0.996,2.0,-1.0,17.2,-31.83,0.532,fixed,30,2.0
US30,613,169,438,6,0.2757,0.2757,0.7145,-0.0156,-9.59,0.978,2.5,-1.0,21.5,-44.59,0.532,fixed,30,2.5
US30,613,129,476,8,0.2104,0.2104,0.7765,-0.0262,-16.06,0.966,3.5,-1.0,30.7,-43.17,0.532,fixed,30,3.5
US30,613,145,461,7,0.2365,0.2365,0.752,-0.0321,-19.67,0.957,3.0,-1.0,25.8,-51.67,0.532,fixed,30,3.0
US30,613,290,322,1,0.4731,0.4731,0.5253,-0.0527,-32.33,0.9,1.0,-1.0,9.6,-40.33,0.532,fixed,30,1.0
