date,side,entry_time_ny,entry,stop,target,stop_dist,tp_dist,outcome,exit,pnl_pts,R,bars_held,mins_held,mae_pts,mfe_pts,range_w,bo_vol,vol_trail_rel,vol_pm_rel,vol_z,pm_avg_vol,dow
2023-07-06,SHORT,2023-07-06 10:00:00-04:00,33881.0,33931.0,33781.0,50,100.0,TP,33781.0,100.0,2.0,8,40,-9.2,104.4,189.6,2258,1.442,0.994,1.361,2272.7,3
2023-07-10,LONG,2023-07-10 10:00:00-04:00,33951.3,33901.3,34051.3,50,100.0,SL,33901.3,-50.0,-1.0,5,25,-58.3,16.6,192.0,2190,1.627,0.953,1.309,2298.0,0
2023-07-12,LONG,2023-07-12 10:00:00-04:00,34548.3,34498.3,34648.3,50,100.0,SL,34498.3,-50.0,-1.0,19,95,-63.1,33.4,262.6,2210,1.23,0.956,0.886,2311.0,2
2023-07-13,LONG,2023-07-13 10:05:00-04:00,34471.0,34421.0,34571.0,50,100.0,SL,34421.0,-50.0,-1.0,8,40,-56.1,5.2,70.2,2186,1.438,0.954,1.091,2290.3,3
2023-07-17,LONG,2023-07-17 10:00:00-04:00,34548.0,34498.0,34648.0,50,100.0,TP,34648.0,100.0,2.0,63,315,-12.2,139.0,89.0,2190,1.777,0.932,1.296,2348.7,0
2023-07-18,LONG,2023-07-18 10:00:00-04:00,34838.3,34788.3,34938.3,50,100.0,TP,34938.3,100.0,2.0,11,55,-29.3,104.8,86.2,2256,1.581,0.959,1.267,2351.3,1
2023-07-19,LONG,2023-07-19 10:00:00-04:00,35201.0,35151.0,35301.0,50,100.0,SL,35151.0,-50.0,-1.0,10,50,-77.2,60.8,118.5,2216,1.666,0.954,1.336,2322.3,2
2023-07-20,LONG,2023-07-20 10:00:00-04:00,35299.6,35249.6,35399.6,50,100.0,SL,35249.6,-50.0,-1.0,3,15,-56.6,3.1,106.8,2314,1.682,0.983,1.414,2353.3,3
2023-07-24,LONG,2023-07-24 10:00:00-04:00,35402.4,35352.4,35502.4,50,100.0,TIMEOUT,35454.2,51.8,1.036,72,360,-37.2,96.7,93.3,2212,1.892,0.987,1.459,2240.7,0
2023-07-26,LONG,2023-07-26 10:25:00-04:00,35480.9,35430.9,35580.9,50,100.0,SL,35430.9,-50.0,-1.0,3,15,-52.7,8.8,131.0,2070,1.266,0.901,0.652,2298.3,2
2023-07-28,LONG,2023-07-28 10:15:00-04:00,35501.6,35451.6,35601.6,50,100.0,SL,35451.6,-50.0,-1.0,39,195,-66.5,93.9,166.5,2138,1.297,0.949,0.884,2253.3,4
2023-08-01,LONG,2023-08-01 10:00:00-04:00,35690.2,35640.2,35790.2,50,100.0,SL,35640.2,-50.0,-1.0,2,10,-62.5,2.2,118.1,2338,1.716,1.043,1.655,2242.0,1
2023-08-07,LONG,2023-08-07 10:00:00-04:00,35318.9,35268.9,35418.9,50,100.0,TP,35418.9,100.0,2.0,4,20,-2.9,102.9,133.9,2346,1.759,0.995,1.486,2357.3,0
2023-08-08,SHORT,2023-08-08 10:00:00-04:00,35143.9,35193.9,35043.9,50,100.0,TP,35043.9,100.0,2.0,3,15,-12.7,108.0,228.6,2246,1.53,0.952,1.311,2360.0,1
2023-08-14,SHORT,2023-08-14 10:00:00-04:00,35234.4,35284.4,35134.4,50,100.0,SL,35284.4,-50.0,-1.0,2,10,-57.3,11.0,169.1,2162,1.368,0.959,1.273,2254.0,0
2023-08-15,SHORT,2023-08-15 10:05:00-04:00,35015.6,35065.6,34915.6,50,100.0,SL,35065.6,-50.0,-1.0,12,60,-52.8,34.5,309.8,2402,1.341,1.028,1.33,2337.3,1
2023-08-16,LONG,2023-08-16 10:00:00-04:00,35058.0,35008.0,35158.0,50,100.0,SL,35008.0,-50.0,-1.0,21,105,-57.1,49.7,163.9,2304,1.611,0.993,1.475,2321.0,2
2023-08-17,LONG,2023-08-17 10:05:00-04:00,34872.4,34822.4,34972.4,50,100.0,SL,34822.4,-50.0,-1.0,5,25,-52.6,17.4,120.1,2342,1.434,1.025,1.367,2284.7,3
2023-08-21,SHORT,2023-08-21 10:05:00-04:00,34470.8,34520.8,34370.8,50,100.0,TP,34370.8,100.0,2.0,4,20,-4.7,119.5,170.3,2160,1.436,0.934,1.098,2313.7,0
2023-08-22,SHORT,2023-08-22 10:05:00-04:00,34416.6,34466.6,34316.6,50,100.0,TP,34316.6,100.0,2.0,25,125,-36.3,122.2,141.1,2186,1.465,0.965,1.177,2264.7,1
2023-08-24,LONG,2023-08-24 10:00:00-04:00,34653.0,34603.0,34753.0,50,100.0,SL,34603.0,-50.0,-1.0,1,5,-86.8,2.2,167.5,2306,1.494,1.007,1.512,2290.7,3
2023-08-25,SHORT,2023-08-25 10:20:00-04:00,34129.8,34179.8,34029.8,50,100.0,TP,34029.8,100.0,2.0,8,40,-18.2,105.4,139.9,2460,1.469,1.129,1.251,2179.7,4
2023-08-28,LONG,2023-08-28 10:00:00-04:00,34603.0,34553.0,34703.0,50,100.0,SL,34553.0,-50.0,-1.0,10,50,-60.9,27.5,128.0,2310,1.583,0.995,1.468,2322.7,0
2023-08-29,LONG,2023-08-29 10:00:00-04:00,34685.1,34635.1,34785.1,50,100.0,SL,34635.1,-50.0,-1.0,9,45,-67.6,64.2,145.7,2468,1.73,1.089,1.867,2267.3,1
2023-08-30,LONG,2023-08-30 10:00:00-04:00,34997.6,34947.6,35097.6,50,100.0,SL,34947.6,-50.0,-1.0,3,15,-55.2,14.5,122.9,2290,1.331,0.994,1.33,2304.3,2
2023-09-04,SHORT,2023-09-04 10:00:00-04:00,34829.5,34879.5,34729.5,50,100.0,TIMEOUT,34791.7,37.8,0.756,35,175,-3.7,72.4,71.0,1038,1.585,1.246,2.757,833.3,0
2023-09-06,SHORT,2023-09-06 10:00:00-04:00,34533.6,34583.6,34433.6,50,100.0,SL,34583.6,-50.0,-1.0,1,5,-61.8,3.0,96.3,2446,1.81,1.1,1.876,2222.7,2
2023-09-08,LONG,2023-09-08 10:25:00-04:00,34602.9,34552.9,34702.9,50,100.0,SL,34552.9,-50.0,-1.0,19,95,-53.4,25.6,183.2,2080,1.281,0.949,0.78,2192.3,4
2023-09-18,SHORT,2023-09-18 10:00:00-04:00,34561.1,34611.1,34461.1,50,100.0,SL,34611.1,-50.0,-1.0,5,25,-51.2,24.8,103.5,2272,1.62,0.992,1.47,2289.7,0
2023-09-19,SHORT,2023-09-19 10:00:00-04:00,34472.4,34522.4,34372.4,50,100.0,TP,34372.4,100.0,2.0,12,60,-10.4,105.2,158.6,2122,1.477,0.951,1.249,2230.3,1
2023-09-20,LONG,2023-09-20 10:00:00-04:00,34668.5,34618.5,34768.5,50,100.0,TP,34768.5,100.0,2.0,37,185,-38.3,110.2,150.2,2130,1.793,0.958,1.38,2224.0,2
2023-09-25,SHORT,2023-09-25 10:25:00-04:00,33805.3,33855.3,33705.3,50,100.0,SL,33855.3,-50.0,-1.0,9,45,-54.9,36.7,268.9,2272,1.235,0.993,0.959,2287.3,0
2023-09-26,SHORT,2023-09-26 10:10:00-04:00,33718.0,33768.0,33618.0,50,100.0,SL,33768.0,-50.0,-1.0,6,30,-53.3,31.6,147.7,2230,1.378,1.036,1.313,2153.0,1
2023-09-27,SHORT,2023-09-27 10:00:00-04:00,33586.6,33636.6,33486.6,50,100.0,TP,33486.6,100.0,2.0,10,50,-39.0,104.6,75.7,2198,1.529,0.97,1.367,2266.7,2
2023-09-29,SHORT,2023-09-29 10:10:00-04:00,33697.6,33747.6,33597.6,50,100.0,SL,33747.6,-50.0,-1.0,14,70,-52.3,73.5,154.7,2340,1.295,1.014,1.164,2307.0,4
2023-10-02,SHORT,2023-10-02 10:10:00-04:00,33359.6,33409.6,33259.6,50,100.0,SL,33409.6,-50.0,-1.0,1,5,-66.9,0.0,316.4,2432,1.401,1.033,1.287,2354.0,0
2023-10-03,SHORT,2023-10-03 10:05:00-04:00,33180.6,33230.6,33080.6,50,100.0,SL,33230.6,-50.0,-1.0,1,5,-79.6,2.7,254.8,2394,1.305,1.008,1.327,2374.7,1
2023-10-09,LONG,2023-10-09 10:00:00-04:00,33321.6,33271.6,33421.6,50,100.0,SL,33271.6,-50.0,-1.0,8,40,-53.9,44.3,199.0,2260,1.399,0.976,1.307,2314.7,0
2023-10-10,LONG,2023-10-10 10:10:00-04:00,33746.8,33696.8,33846.8,50,100.0,TP,33846.8,100.0,2.0,13,65,-34.5,106.7,117.1,2206,1.3,0.966,1.072,2284.3,1
2023-10-12,SHORT,2023-10-12 10:00:00-04:00,33653.9,33703.9,33553.9,50,100.0,SL,33703.9,-50.0,-1.0,5,25,-58.2,15.9,139.0,2238,1.205,0.993,1.087,2254.0,3
2023-10-13,LONG,2023-10-13 10:00:00-04:00,33838.8,33788.8,33938.8,50,100.0,SL,33788.8,-50.0,-1.0,1,5,-64.5,13.7,195.4,2406,1.499,1.046,1.462,2301.0,4
2023-10-16,LONG,2023-10-16 10:10:00-04:00,33902.0,33852.0,34002.0,50,100.0,TP,34002.0,100.0,2.0,4,20,-3.9,121.6,212.8,2138,1.258,0.953,0.983,2243.7,0
2023-10-18,SHORT,2023-10-18 10:25:00-04:00,33834.0,33884.0,33734.0,50,100.0,TP,33734.0,100.0,2.0,23,115,-34.1,100.0,134.3,2278,1.23,0.974,0.816,2338.7,2
2023-10-19,SHORT,2023-10-19 10:30:00-04:00,33495.0,33545.0,33395.0,50,100.0,SL,33545.0,-50.0,-1.0,6,30,-50.9,11.8,165.4,2300,1.205,1.01,0.857,2277.3,3
2023-10-20,SHORT,2023-10-20 10:10:00-04:00,33211.1,33261.1,33111.1,50,100.0,SL,33261.1,-50.0,-1.0,11,55,-52.2,30.2,155.7,2296,1.295,0.975,1.081,2354.0,4
2023-10-24,LONG,2023-10-24 10:00:00-04:00,33108.4,33058.4,33208.4,50,100.0,TP,33208.4,100.0,2.0,4,20,-10.1,114.5,171.0,2394,1.512,0.99,1.451,2417.0,1
2023-10-25,SHORT,2023-10-25 10:00:00-04:00,32991.2,33041.2,32891.2,50,100.0,SL,33041.2,-50.0,-1.0,7,35,-88.0,27.1,141.8,2376,1.527,1.004,1.509,2367.7,2
2023-10-27,SHORT,2023-10-27 10:15:00-04:00,32652.7,32702.7,32552.7,50,100.0,SL,32702.7,-50.0,-1.0,11,55,-54.1,89.7,224.1,2356,1.254,1.004,1.02,2346.0,4
2023-10-30,LONG,2023-10-30 10:00:00-04:00,32663.1,32613.1,32763.1,50,100.0,TP,32763.1,100.0,2.0,24,120,-43.5,105.5,134.2,2460,1.626,1.022,1.589,2406.0,0
2023-10-31,SHORT,2023-10-31 10:00:00-04:00,32778.7,32828.7,32678.7,50,100.0,SL,32828.7,-50.0,-1.0,1,5,-68.2,3.7,251.1,2422,1.375,1.039,1.562,2331.3,1
2023-11-01,LONG,2023-11-01 10:10:00-04:00,33139.6,33089.6,33239.6,50,100.0,TP,33239.6,100.0,2.0,6,30,-22.2,102.4,213.1,2382,1.247,1.023,1.125,2329.3,2
2023-11-02,LONG,2023-11-02 10:00:00-04:00,33528.4,33478.4,33628.4,50,100.0,TP,33628.4,100.0,2.0,8,40,-45.5,104.2,237.7,2272,1.371,0.976,1.317,2327.0,3
2023-11-06,SHORT,2023-11-06 10:00:00-05:00,34052.7,34102.7,33952.7,50,100.0,SL,34102.7,-50.0,-1.0,4,20,-54.5,12.4,64.5,2216,1.614,0.955,1.337,2320.3,0
2023-11-07,LONG,2023-11-07 10:00:00-05:00,34099.1,34049.1,34199.1,50,100.0,TP,34199.1,100.0,2.0,20,100,-21.3,107.2,103.3,2122,1.432,0.928,1.195,2286.7,1
2023-11-09,SHORT,2023-11-09 10:00:00-05:00,34062.1,34112.1,33962.1,50,100.0,SL,34112.1,-50.0,-1.0,13,65,-52.0,89.6,138.6,2266,1.413,0.981,1.368,2310.7,3
2023-11-17,SHORT,2023-11-17 10:00:00-05:00,34941.8,34991.8,34841.8,50,100.0,TIMEOUT,34948.4,-6.6,-0.132,72,360,-43.8,67.0,151.9,2162,1.335,0.958,1.23,2256.7,4
2023-11-20,LONG,2023-11-20 10:00:00-05:00,35012.3,34962.3,35112.3,50,100.0,TP,35112.3,100.0,2.0,36,180,-28.1,125.1,94.8,2182,1.543,0.983,1.412,2220.0,0
2023-11-21,SHORT,2023-11-21 10:00:00-05:00,35074.8,35124.8,34974.8,50,100.0,TIMEOUT,35071.3,3.5,0.07,72,360,-34.8,34.1,73.9,2140,1.443,0.977,1.372,2190.3,1
2023-11-24,LONG,2023-11-24 10:20:00-05:00,35383.3,35333.3,35483.3,50,100.0,SL,35333.3,-50.0,-1.0,17,85,-50.8,17.6,73.9,2196,1.308,0.87,0.677,2523.0,4
2023-11-28,LONG,2023-11-28 10:40:00-05:00,35479.1,35429.1,35579.1,50,100.0,SL,35429.1,-50.0,-1.0,22,110,-56.6,53.4,78.1,2768,1.295,1.07,1.08,2588.0,1
2023-11-29,SHORT,2023-11-29 10:20:00-05:00,35446.6,35496.6,35346.6,50,100.0,SL,35496.6,-50.0,-1.0,6,30,-67.3,5.6,100.0,2658,1.301,0.976,0.89,2723.7,2
2023-11-30,LONG,2023-11-30 10:10:00-05:00,35703.6,35653.6,35803.6,50,100.0,SL,35653.6,-50.0,-1.0,26,130,-58.6,73.3,166.2,2664,1.231,0.967,0.933,2754.3,3
2023-12-01,LONG,2023-12-01 10:00:00-05:00,36053.7,36003.7,36153.7,50,100.0,SL,36003.7,-50.0,-1.0,2,10,-52.3,3.8,137.9,2950,1.735,1.099,1.881,2684.3,4
2023-12-05,SHORT,2023-12-05 10:05:00-05:00,36074.3,36124.3,35974.3,50,100.0,SL,36124.3,-50.0,-1.0,9,45,-55.2,47.9,127.2,2180,1.472,1.015,1.337,2148.7,1
2023-12-06,LONG,2023-12-06 10:10:00-05:00,36263.9,36213.9,36363.9,50,100.0,SL,36213.9,-50.0,-1.0,2,10,-56.0,11.2,106.7,2108,1.379,0.971,1.063,2171.3,2
2023-12-08,LONG,2023-12-08 10:00:00-05:00,36211.2,36161.2,36311.2,50,100.0,SL,36161.2,-50.0,-1.0,7,35,-52.9,55.3,192.3,2448,1.325,1.098,1.558,2230.0,4
2023-12-11,LONG,2023-12-11 10:05:00-05:00,36303.9,36253.9,36403.9,50,100.0,TP,36403.9,100.0,2.0,43,215,-12.6,100.3,59.0,1966,1.441,0.906,1.007,2170.0,0
2023-12-13,SHORT,2023-12-13 10:00:00-05:00,36557.0,36607.0,36457.0,50,100.0,SL,36607.0,-50.0,-1.0,9,45,-54.1,10.3,81.9,2070,1.469,0.937,1.178,2209.0,2
2023-12-14,SHORT,2023-12-14 10:05:00-05:00,37149.0,37199.0,37049.0,50,100.0,SL,37199.0,-50.0,-1.0,5,25,-56.1,26.1,170.8,2378,1.227,0.996,1.193,2386.7,3
2023-12-15,SHORT,2023-12-15 10:00:00-05:00,37174.9,37224.9,37074.9,50,100.0,SL,37224.9,-50.0,-1.0,6,30,-56.6,16.6,228.7,2350,1.251,0.99,1.055,2373.3,4
2023-12-19,LONG,2023-12-19 10:00:00-05:00,37465.5,37415.5,37565.5,50,100.0,TP,37565.5,100.0,2.0,17,85,-0.8,100.4,99.9,2232,1.586,0.985,1.427,2265.7,1
2023-12-21,LONG,2023-12-21 10:20:00-05:00,37403.1,37353.1,37503.1,50,100.0,SL,37353.1,-50.0,-1.0,1,5,-108.1,2.6,169.7,2266,1.214,0.969,0.814,2337.7,3
2023-12-22,LONG,2023-12-22 10:00:00-05:00,37528.8,37478.8,37628.8,50,100.0,SL,37478.8,-50.0,-1.0,3,15,-58.1,17.3,132.4,2278,1.456,1.018,1.269,2238.0,4
2023-12-26,LONG,2023-12-26 10:15:00-05:00,37511.6,37461.6,37611.6,50,100.0,TP,37611.6,100.0,2.0,51,255,-11.2,103.3,91.9,1542,1.356,0.781,0.59,1974.7,1
2023-12-27,LONG,2023-12-27 10:00:00-05:00,37637.9,37587.9,37737.9,50,100.0,SL,37587.9,-50.0,-1.0,48,240,-53.3,94.8,57.1,2050,1.726,0.954,1.342,2148.7,2
2023-12-28,LONG,2023-12-28 10:10:00-05:00,37738.3,37688.3,37838.3,50,100.0,TIMEOUT,37732.5,-5.8,-0.116,70,350,-39.4,63.1,89.2,2012,1.392,0.923,0.954,2179.7,3
2023-12-29,SHORT,2023-12-29 10:45:00-05:00,37704.8,37754.8,37604.8,50,100.0,TP,37604.8,100.0,2.0,10,50,-17.2,104.1,88.9,2308,1.41,1.113,1.193,2073.7,4
2024-01-03,SHORT,2024-01-03 10:05:00-05:00,37550.8,37600.8,37450.8,50,100.0,TP,37450.8,100.0,2.0,6,30,-5.1,109.1,173.4,2306,1.419,1.002,1.274,2302.0,2
2024-01-04,LONG,2024-01-04 10:00:00-05:00,37618.5,37568.5,37718.5,50,100.0,TP,37718.5,100.0,2.0,17,85,-30.3,107.8,89.5,2352,1.519,1.014,1.509,2320.3,3
2024-01-05,LONG,2024-01-05 10:00:00-05:00,37587.8,37537.8,37687.8,50,100.0,SL,37537.8,-50.0,-1.0,3,15,-53.2,42.6,206.0,2464,1.251,1.074,1.339,2295.0,4
2024-01-09,SHORT,2024-01-09 10:00:00-05:00,37401.3,37451.3,37301.3,50,100.0,SL,37451.3,-50.0,-1.0,3,15,-77.6,22.9,174.8,2184,1.442,0.937,1.22,2330.5,1
2024-01-10,LONG,2024-01-10 10:25:00-05:00,37587.7,37537.7,37687.7,50,100.0,TP,37687.7,100.0,2.0,46,230,-34.2,106.3,84.8,2066,1.221,0.907,0.612,2278.7,2
2024-01-11,SHORT,2024-01-11 10:00:00-05:00,37537.1,37587.1,37437.1,50,100.0,TP,37437.1,100.0,2.0,2,10,-10.2,102.1,221.7,2416,1.278,1.012,0.986,2387.0,3
2024-01-17,LONG,2024-01-17 10:00:00-05:00,37296.9,37246.9,37396.9,50,100.0,SL,37246.9,-50.0,-1.0,32,160,-68.4,78.5,116.1,2358,1.372,1.003,1.357,2351.0,2
2024-01-22,LONG,2024-01-22 10:00:00-05:00,38086.9,38036.9,38186.9,50,100.0,SL,38036.9,-50.0,-1.0,12,60,-79.6,46.9,111.5,2288,1.625,0.986,1.431,2321.3,0
2024-01-23,SHORT,2024-01-23 10:00:00-05:00,37935.0,37985.0,37835.0,50,100.0,TP,37835.0,100.0,2.0,17,85,-42.5,110.0,100.8,1582,1.748,0.855,1.071,1849.3,1
2024-01-25,LONG,2024-01-25 10:00:00-05:00,37973.4,37923.4,38073.4,50,100.0,SL,37923.4,-50.0,-1.0,6,30,-54.3,73.7,183.7,1916,1.664,0.958,1.253,2000.3,3
2024-01-26,LONG,2024-01-26 10:00:00-05:00,38094.7,38044.7,38194.7,50,100.0,TP,38194.7,100.0,2.0,8,40,-33.5,104.5,164.5,1936,1.669,0.998,1.357,1939.7,4
2024-01-29,LONG,2024-01-29 10:00:00-05:00,38147.2,38097.2,38247.2,50,100.0,SL,38097.2,-50.0,-1.0,6,30,-50.5,49.2,73.7,1478,1.852,0.901,1.201,1641.2,0
2024-01-30,LONG,2024-01-30 10:05:00-05:00,38340.0,38290.0,38440.0,50,100.0,SL,38290.0,-50.0,-1.0,3,15,-53.3,9.5,66.3,1656,1.856,1.045,1.328,1584.7,1
2024-01-31,SHORT,2024-01-31 10:00:00-05:00,38493.1,38543.1,38393.1,50,100.0,SL,38543.1,-50.0,-1.0,13,65,-58.5,20.0,97.0,1734,1.615,0.9,1.097,1927.0,2
2024-02-01,LONG,2024-02-01 10:10:00-05:00,38258.1,38208.1,38358.1,50,100.0,SL,38208.1,-50.0,-1.0,2,10,-59.0,32.5,118.5,1770,1.559,0.952,1.012,1859.3,3
2024-02-05,SHORT,2024-02-05 10:00:00-05:00,38407.5,38457.5,38307.5,50,100.0,TP,38307.5,100.0,2.0,3,15,-13.0,144.0,172.7,2004,2.359,1.073,1.693,1868.0,0
2024-02-06,LONG,2024-02-06 10:00:00-05:00,38472.3,38422.3,38572.3,50,100.0,SL,38422.3,-50.0,-1.0,2,10,-57.5,1.7,127.2,1964,2.135,1.016,1.557,1932.3,1
2024-02-07,LONG,2024-02-07 10:15:00-05:00,38697.4,38647.4,38797.4,50,100.0,TIMEOUT,38673.4,-24.0,-0.48,69,345,-36.0,73.0,196.7,1736,1.533,0.894,0.889,1941.0,2
2024-02-09,SHORT,2024-02-09 10:00:00-05:00,38695.1,38745.1,38595.1,50,100.0,TP,38595.1,100.0,2.0,19,95,-4.0,107.0,199.5,1578,1.463,0.939,1.046,1680.7,4
2024-02-12,LONG,2024-02-12 10:00:00-05:00,38716.9,38666.9,38816.9,50,100.0,TP,38816.9,100.0,2.0,14,70,-28.0,103.0,59.0,1322,1.838,0.79,0.944,1673.0,0
2024-02-13,SHORT,2024-02-13 10:00:00-05:00,38287.0,38337.0,38187.0,50,100.0,SL,38337.0,-50.0,-1.0,5,25,-61.0,28.0,434.8,1850,1.274,0.986,0.876,1876.0,1
2024-02-14,SHORT,2024-02-14 11:00:00-05:00,38274.2,38324.2,38174.2,50,100.0,SL,38324.2,-50.0,-1.0,2,10,-66.0,0.5,132.0,1854,1.234,1.135,1.076,1634.0,2
2024-02-15,LONG,2024-02-15 10:00:00-05:00,38591.7,38541.7,38691.7,50,100.0,TP,38691.7,100.0,2.0,41,205,-48.5,103.0,96.5,1742,1.449,0.948,1.139,1838.0,3
2024-02-20,LONG,2024-02-20 10:00:00-05:00,38598.6,38548.6,38698.6,50,100.0,SL,38548.6,-50.0,-1.0,23,115,-54.5,77.0,128.8,1888,1.801,0.933,1.283,2022.5,1
2024-02-21,SHORT,2024-02-21 10:30:00-05:00,38470.1,38520.1,38370.1,50,100.0,SL,38520.1,-50.0,-1.0,7,35,-59.0,6.5,75.3,1628,1.322,0.962,0.745,1692.2,2
2024-02-22,LONG,2024-02-22 10:00:00-05:00,38972.1,38922.1,39072.1,50,100.0,SL,38922.1,-50.0,-1.0,1,5,-64.0,2.0,192.0,2048,1.915,1.115,1.847,1836.5,3
2024-02-23,LONG,2024-02-23 10:00:00-05:00,39252.1,39202.1,39352.1,50,100.0,SL,39202.1,-50.0,-1.0,14,70,-64.2,50.5,151.5,1842,1.796,0.974,1.395,1891.3,4
2024-02-26,LONG,2024-02-26 10:00:00-05:00,39242.7,39192.7,39342.7,50,100.0,SL,39192.7,-50.0,-1.0,3,15,-58.3,9.5,109.5,1768,2.323,1.027,1.576,1721.0,0
2024-02-27,SHORT,2024-02-27 10:00:00-05:00,38974.1,39024.1,38874.1,50,100.0,TIMEOUT,38988.4,-14.3,-0.286,72,360,-41.5,78.3,85.5,1820,1.934,1.018,1.492,1788.7,1
2024-03-01,SHORT,2024-03-01 10:00:00-05:00,38866.3,38916.3,38766.3,50,100.0,SL,38916.3,-50.0,-1.0,1,5,-57.5,5.0,128.5,2030,2.195,1.112,1.808,1826.0,4
2024-03-05,SHORT,2024-03-05 10:05:00-05:00,38816.0,38866.0,38716.0,50,100.0,TP,38716.0,100.0,2.0,19,95,-41.5,151.5,130.0,1890,2.02,1.136,1.586,1663.3,1
2024-03-11,SHORT,2024-03-11 10:10:00-04:00,38513.2,38563.2,38413.2,50,100.0,SL,38563.2,-50.0,-1.0,9,45,-92.0,25.5,164.0,1740,1.296,0.85,0.703,2047.7,0
2024-03-13,LONG,2024-03-13 10:05:00-04:00,39130.3,39080.3,39230.3,50,100.0,TP,39230.3,100.0,2.0,40,200,-3.2,103.5,100.5,1436,1.69,0.884,1.025,1625.0,2
2024-03-14,SHORT,2024-03-14 10:00:00-04:00,38912.0,38962.0,38812.0,50,100.0,SL,38962.0,-50.0,-1.0,2,10,-53.5,4.5,122.5,2024,1.599,1.039,1.445,1948.3,3
2024-03-15,SHORT,2024-03-15 10:00:00-04:00,38745.2,38795.2,38645.2,50,100.0,SL,38795.2,-50.0,-1.0,2,10,-51.5,26.3,216.0,2068,1.661,1.015,1.358,2038.3,4
2024-03-18,LONG,2024-03-18 10:15:00-04:00,38861.9,38811.9,38961.9,50,100.0,SL,38811.9,-50.0,-1.0,41,205,-61.7,49.5,190.3,1440,1.371,0.814,0.607,1768.2,0
2024-03-19,LONG,2024-03-19 10:00:00-04:00,38876.7,38826.7,38976.7,50,100.0,TP,38976.7,100.0,2.0,15,75,-23.0,102.0,147.0,1618,1.582,0.862,1.018,1876.2,1
2024-03-20,LONG,2024-03-20 10:25:00-04:00,39153.8,39103.8,39253.8,50,100.0,SL,39103.8,-50.0,-1.0,38,190,-51.7,36.3,108.5,1258,1.416,0.915,0.816,1374.3,2
2024-03-21,LONG,2024-03-21 10:00:00-04:00,39777.8,39727.8,39877.8,50,100.0,TP,39877.8,100.0,2.0,5,25,-5.5,101.7,98.0,1646,1.791,0.911,1.2,1807.0,3
2024-03-22,SHORT,2024-03-22 10:00:00-04:00,39731.5,39781.5,39631.5,50,100.0,TP,39631.5,100.0,2.0,8,40,-13.2,106.5,113.8,1534,1.742,0.897,1.162,1711.0,4
2024-03-25,SHORT,2024-03-25 10:05:00-04:00,39372.3,39422.3,39272.3,50,100.0,TIMEOUT,39310.1,62.2,1.244,71,355,-35.0,71.0,97.0,1296,1.513,0.757,0.698,1712.0,0
2024-03-26,SHORT,2024-03-26 10:00:00-04:00,39326.7,39376.7,39226.7,50,100.0,SL,39376.7,-50.0,-1.0,4,20,-58.0,0.0,104.7,1512,1.65,0.944,1.206,1601.7,1
2024-03-27,LONG,2024-03-27 10:00:00-04:00,39561.9,39511.9,39661.9,50,100.0,SL,39511.9,-50.0,-1.0,4,20,-67.7,4.8,103.5,1740,2.121,1.038,1.596,1675.5,2
2024-04-01,SHORT,2024-04-01 10:00:00-04:00,39627.9,39677.9,39527.9,50,100.0,TP,39527.9,100.0,2.0,22,110,-35.0,115.5,212.0,1742,2.038,1.06,1.567,1643.7,0
2024-04-02,SHORT,2024-04-02 10:00:00-04:00,39148.8,39198.8,39048.8,50,100.0,TP,39048.8,100.0,2.0,44,220,-41.0,104.0,278.0,1998,1.753,1.029,1.54,1941.7,1
2024-04-03,LONG,2024-04-03 10:00:00-04:00,39274.4,39224.4,39374.4,50,100.0,SL,39224.4,-50.0,-1.0,2,10,-51.8,22.0,92.5,1980,2.016,1.196,2.126,1655.3,2
2024-04-09,SHORT,2024-04-09 10:00:00-04:00,38833.9,38883.9,38733.9,50,100.0,SL,38883.9,-50.0,-1.0,3,15,-67.5,2.5,132.0,1840,1.803,0.929,1.278,1981.3,1
2024-04-11,SHORT,2024-04-11 10:15:00-04:00,38208.8,38258.8,38108.8,50,100.0,SL,38258.8,-50.0,-1.0,5,25,-53.5,26.0,293.5,2034,1.244,1.084,1.139,1876.3,3
2024-04-18,LONG,2024-04-18 10:05:00-04:00,37949.1,37899.1,38049.1,50,100.0,TP,38049.1,100.0,2.0,14,70,-29.5,117.5,165.5,2007,1.42,0.989,1.235,2029.2,3
2024-04-19,LONG,2024-04-19 10:00:00-04:00,37936.0,37886.0,38036.0,50,100.0,SL,37886.0,-50.0,-1.0,3,15,-56.5,39.0,281.0,2108,1.566,1.02,1.503,2067.2,4
2024-04-23,LONG,2024-04-23 10:00:00-04:00,38392.5,38342.5,38492.5,50,100.0,TP,38492.5,100.0,2.0,11,55,-46.5,117.2,139.5,1989,1.91,1.059,1.691,1877.3,1
2024-04-25,SHORT,2024-04-25 10:00:00-04:00,37744.9,37794.9,37644.9,50,100.0,SL,37794.9,-50.0,-1.0,3,15,-70.2,4.3,478.0,2018,1.279,0.955,0.903,2113.3,3
2024-04-26,LONG,2024-04-26 10:00:00-04:00,38268.4,38218.4,38368.4,50,100.0,SL,38218.4,-50.0,-1.0,1,5,-53.0,12.0,224.2,1966,1.223,0.988,0.796,1989.2,4
2024-04-29,LONG,2024-04-29 10:10:00-04:00,38349.5,38299.5,38449.5,50,100.0,SL,38299.5,-50.0,-1.0,7,35,-73.0,24.5,75.2,1504,1.556,0.811,0.77,1855.0,0
2024-04-30,SHORT,2024-04-30 10:00:00-04:00,38171.5,38221.5,38071.5,50,100.0,SL,38221.5,-50.0,-1.0,3,15,-81.5,0.0,200.3,1880,1.57,1.139,1.325,1650.2,1
2024-05-01,LONG,2024-05-01 10:05:00-04:00,37855.1,37805.1,37955.1,50,100.0,TP,37955.1,100.0,2.0,41,205,-28.2,103.5,138.5,1538,1.573,1.069,1.217,1439.2,2
2024-05-02,SHORT,2024-05-02 10:00:00-04:00,37969.2,38019.2,37869.2,50,100.0,SL,38019.2,-50.0,-1.0,4,20,-69.8,98.7,149.5,1792,1.474,0.93,1.112,1926.7,3
2024-05-07,LONG,2024-05-07 10:05:00-04:00,38958.4,38908.4,39058.4,50,100.0,SL,38908.4,-50.0,-1.0,22,110,-52.0,31.0,91.8,1092,1.599,0.901,0.991,1212.5,1
2024-05-09,LONG,2024-05-09 10:00:00-04:00,39132.5,39082.5,39232.5,50,100.0,TP,39232.5,100.0,2.0,6,30,-3.7,103.3,76.8,1524,1.495,0.89,1.01,1712.0,3
2024-05-10,LONG,2024-05-10 10:05:00-04:00,39540.5,39490.5,39640.5,50,100.0,SL,39490.5,-50.0,-1.0,9,45,-98.5,8.0,82.5,1660,2.003,1.1,1.508,1509.0,4
2024-05-13,SHORT,2024-05-13 11:30:00-04:00,39512.1,39562.1,39412.1,50,100.0,TP,39412.1,100.0,2.0,20,100,-20.3,107.0,144.0,1472,1.24,0.917,2.23,1605.5,0
2024-05-16,LONG,2024-05-16 10:10:00-04:00,39973.8,39923.8,40073.8,50,100.0,SL,39923.8,-50.0,-1.0,39,195,-51.0,81.5,71.2,1202,1.236,0.768,0.456,1564.7,3
2024-05-17,LONG,2024-05-17 10:00:00-04:00,39929.9,39879.9,40029.9,50,100.0,SL,39879.9,-50.0,-1.0,12,60,-56.2,1.8,95.0,1220,1.609,0.764,0.794,1596.8,4
2024-05-20,SHORT,2024-05-20 10:00:00-04:00,39992.7,40042.7,39892.7,50,100.0,SL,40042.7,-50.0,-1.0,3,15,-68.5,9.0,68.2,1389,1.932,0.904,1.209,1537.3,0
2024-05-21,LONG,2024-05-21 10:05:00-04:00,39879.1,39829.1,39979.1,50,100.0,SL,39829.1,-50.0,-1.0,24,120,-60.0,28.0,66.0,1206,1.284,0.745,0.503,1619.7,1
2024-05-23,SHORT,2024-05-23 10:00:00-04:00,39441.2,39491.2,39341.2,50,100.0,TP,39341.2,100.0,2.0,33,165,-39.5,128.0,108.8,1964,2.136,1.029,1.561,1909.3,3
2024-05-27,LONG,2024-05-27 10:50:00-04:00,39082.4,39032.4,39182.4,50,100.0,TIMEOUT,39138.1,55.7,1.114,25,125,-14.0,57.0,43.5,384,1.619,1.178,1.851,326.0,0
2024-05-28,SHORT,2024-05-28 10:00:00-04:00,38940.0,38990.0,38840.0,50,100.0,TP,38840.0,100.0,2.0,36,180,-38.7,112.3,156.0,1648,1.862,0.945,1.301,1743.8,1
2024-05-30,SHORT,2024-05-30 10:10:00-04:00,38028.6,38078.6,37928.6,50,100.0,SL,38078.6,-50.0,-1.0,2,10,-73.0,9.5,89.0,1712,1.622,1.031,1.264,1660.2,3
2024-06-03,SHORT,2024-06-03 10:00:00-04:00,38606.8,38656.8,38506.8,50,100.0,SL,38656.8,-50.0,-1.0,1,5,-71.0,2.2,162.0,2250,2.599,1.203,2.07,1869.8,0
2024-06-04,LONG,2024-06-04 10:00:00-04:00,38618.7,38568.7,38718.7,50,100.0,SL,38568.7,-50.0,-1.0,11,55,-71.5,71.0,192.2,1984,2.604,1.448,2.794,1370.5,1
2024-06-05,SHORT,2024-06-05 10:00:00-04:00,38638.2,38688.2,38538.2,50,100.0,SL,38688.2,-50.0,-1.0,12,60,-64.5,81.0,100.0,2157,2.788,1.262,2.183,1708.7,2
2024-06-06,LONG,2024-06-06 10:00:00-04:00,38946.4,38896.4,39046.4,50,100.0,SL,38896.4,-50.0,-1.0,6,30,-76.7,49.5,88.0,1778,1.63,0.911,1.17,1952.5,3
2024-06-10,LONG,2024-06-10 10:00:00-04:00,38839.6,38789.6,38939.6,50,100.0,SL,38789.6,-50.0,-1.0,4,20,-64.0,28.0,120.0,1626,1.835,0.854,1.081,1905.0,0
2024-06-11,SHORT,2024-06-11 10:00:00-04:00,38497.7,38547.7,38397.7,50,100.0,SL,38547.7,-50.0,-1.0,1,5,-56.5,1.7,171.5,1846,1.876,0.939,1.294,1965.8,1
2024-06-13,SHORT,2024-06-13 10:00:00-04:00,38461.1,38511.1,38361.1,50,100.0,SL,38511.1,-50.0,-1.0,1,5,-64.0,7.5,176.0,1790,1.484,0.935,1.043,1915.3,3
2024-06-18,LONG,2024-06-18 10:00:00-04:00,38857.6,38807.6,38957.6,50,100.0,SL,38807.6,-50.0,-1.0,2,10,-63.0,2.0,103.5,1812,1.702,0.952,1.202,1902.8,1
2024-06-19,SHORT,2024-06-19 10:35:00-04:00,38797.2,38847.2,38697.2,50,100.0,TIMEOUT,38799.4,-2.2,-0.044,29,145,-14.5,14.3,43.5,432,1.324,0.959,0.804,450.7,2
2024-06-20,LONG,2024-06-20 10:00:00-04:00,38980.8,38930.8,39080.8,50,100.0,SL,38930.8,-50.0,-1.0,8,40,-61.8,60.5,113.0,1734,1.842,0.936,1.257,1853.3,3
2024-06-21,LONG,2024-06-21 10:00:00-04:00,39208.4,39158.4,39308.4,50,100.0,SL,39158.4,-50.0,-1.0,16,80,-63.0,66.0,128.7,1734,1.783,0.915,1.191,1894.7,4
2024-06-24,LONG,2024-06-24 10:00:00-04:00,39463.3,39413.3,39563.3,50,100.0,TP,39563.3,100.0,2.0,7,35,-15.0,118.0,172.0,1738,2.213,1.048,1.639,1658.5,0
2024-06-25,SHORT,2024-06-25 10:00:00-04:00,39297.9,39347.9,39197.9,50,100.0,SL,39347.9,-50.0,-1.0,4,20,-58.0,46.5,163.0,1906,2.139,1.049,1.617,1817.3,1
2024-06-26,SHORT,2024-06-26 10:00:00-04:00,38986.3,39036.3,38886.3,50,100.0,SL,39036.3,-50.0,-1.0,10,50,-61.5,35.3,175.0,1668,1.987,1.113,1.742,1498.2,2
2024-06-27,LONG,2024-06-27 10:00:00-04:00,39156.1,39106.1,39256.1,50,100.0,TP,39256.1,100.0,2.0,7,35,-12.2,117.0,78.5,1664,1.67,0.878,1.034,1894.7,3
2024-06-28,LONG,2024-06-28 10:00:00-04:00,39366.0,39316.0,39466.0,50,100.0,SL,39316.0,-50.0,-1.0,12,60,-107.3,87.0,112.5,1940,1.808,1.06,1.517,1830.5,4
2024-07-01,LONG,2024-07-01 10:00:00-04:00,39339.6,39289.6,39439.6,50,100.0,SL,39289.6,-50.0,-1.0,2,10,-145.7,17.0,102.7,2053,2.395,1.017,1.55,2018.7,0
2024-07-02,LONG,2024-07-02 10:00:00-04:00,39161.2,39111.2,39261.2,50,100.0,SL,39111.2,-50.0,-1.0,9,45,-53.0,25.5,105.0,1970,2.317,1.1,1.727,1791.2,1
2024-07-03,SHORT,2024-07-03 10:40:00-04:00,39298.0,39348.0,39198.0,50,100.0,TIMEOUT,39303.8,-5.8,-0.116,30,150,-45.8,61.7,98.0,1672,1.264,0.923,0.536,1811.8,2
2024-07-05,SHORT,2024-07-05 10:00:00-04:00,39252.8,39302.8,39152.8,50,100.0,SL,39302.8,-50.0,-1.0,13,65,-62.5,97.5,119.0,1818,1.561,0.927,1.006,1961.0,4
2024-07-08,LONG,2024-07-08 10:00:00-04:00,39614.8,39564.8,39714.8,50,100.0,SL,39564.8,-50.0,-1.0,1,5,-64.0,9.5,192.0,1948,2.395,0.964,1.427,2021.7,0
2024-07-09,SHORT,2024-07-09 10:00:00-04:00,39200.8,39250.8,39100.8,50,100.0,SL,39250.8,-50.0,-1.0,9,45,-71.5,62.0,87.0,1762,2.197,0.914,1.293,1926.8,1
2024-07-11,LONG,2024-07-11 10:10:00-04:00,39889.1,39839.1,39989.1,50,100.0,SL,39839.1,-50.0,-1.0,1,5,-73.0,6.0,202.3,2024,1.307,1.011,1.079,2001.0,3
2024-07-12,LONG,2024-07-12 10:10:00-04:00,39926.8,39876.8,40026.8,50,100.0,TP,40026.8,100.0,2.0,10,50,-16.0,116.2,174.8,1898,1.518,1.146,1.257,1655.5,4
2024-07-16,LONG,2024-07-16 10:00:00-04:00,40721.3,40671.3,40821.3,50,100.0,TP,40821.3,100.0,2.0,7,35,-21.0,102.8,244.0,2092,2.101,1.145,1.731,1826.7,1
2024-07-17,LONG,2024-07-17 10:00:00-04:00,41140.4,41090.4,41240.4,50,100.0,SL,41090.4,-50.0,-1.0,1,5,-83.5,0.0,111.2,2050,2.004,1.09,1.718,1881.3,2
2024-07-18,LONG,2024-07-18 10:00:00-04:00,41355.5,41305.5,41455.5,50,100.0,SL,41305.5,-50.0,-1.0,7,35,-84.0,59.0,247.0,2044,2.071,1.117,1.744,1829.3,3
2024-07-19,SHORT,2024-07-19 10:20:00-04:00,40447.5,40497.5,40347.5,50,100.0,TP,40347.5,100.0,2.0,10,50,-7.5,151.5,204.0,1926,1.348,0.89,0.697,2162.8,4
2024-07-22,SHORT,2024-07-22 10:00:00-04:00,40258.2,40308.2,40158.2,50,100.0,SL,40308.2,-50.0,-1.0,2,10,-61.0,16.0,135.0,2166,2.323,0.999,1.506,2168.0,0
2024-07-24,SHORT,2024-07-24 10:00:00-04:00,40013.5,40063.5,39913.5,50,100.0,SL,40063.5,-50.0,-1.0,9,45,-74.0,52.0,128.0,2080,2.115,1.011,1.518,2057.2,2
2024-07-25,LONG,2024-07-25 10:10:00-04:00,40051.1,40001.1,40151.1,50,100.0,SL,40001.1,-50.0,-1.0,7,35,-54.0,47.0,192.0,2040,1.397,0.986,0.993,2068.3,3
2024-07-26,LONG,2024-07-26 10:00:00-04:00,40556.7,40506.7,40656.7,50,100.0,SL,40506.7,-50.0,-1.0,1,5,-87.0,4.0,205.5,1922,1.648,1.013,1.261,1897.7,4
2024-07-29,SHORT,2024-07-29 10:00:00-04:00,40660.7,40710.7,40560.7,50,100.0,TP,40560.7,100.0,2.0,2,10,0.0,111.5,187.0,2084,2.03,0.987,1.466,2111.3,0
2024-07-30,LONG,2024-07-30 10:00:00-04:00,40714.3,40664.3,40814.3,50,100.0,SL,40664.3,-50.0,-1.0,3,15,-77.0,50.5,133.0,2068,2.395,1.029,1.58,2010.3,1
2024-07-31,SHORT,2024-07-31 10:00:00-04:00,40730.2,40780.2,40630.2,50,100.0,SL,40780.2,-50.0,-1.0,2,10,-118.7,26.5,224.0,2052,1.884,1.048,1.582,1958.3,2
2024-08-01,SHORT,2024-08-01 10:05:00-04:00,40735.8,40785.8,40635.8,50,100.0,TP,40635.8,100.0,2.0,4,20,-22.8,121.2,231.2,2238,1.7,1.117,1.609,2003.3,3
2024-08-02,SHORT,2024-08-02 10:10:00-04:00,39698.1,39748.1,39598.1,50,100.0,SL,39748.1,-50.0,-1.0,1,5,-72.0,18.0,364.5,2160,1.212,0.963,0.855,2242.3,4
2024-08-06,LONG,2024-08-06 10:05:00-04:00,39100.9,39050.9,39200.9,50,100.0,SL,39050.9,-50.0,-1.0,1,5,-64.5,5.5,344.7,2110,1.503,0.94,1.122,2244.0,1
2024-08-07,LONG,2024-08-07 10:00:00-04:00,39377.0,39327.0,39477.0,50,100.0,SL,39327.0,-50.0,-1.0,3,15,-62.3,69.5,243.0,1996,1.767,1.0,1.507,1995.2,2
2024-08-08,LONG,2024-08-08 10:00:00-04:00,39279.4,39229.4,39379.4,50,100.0,SL,39229.4,-50.0,-1.0,1,5,-51.0,15.0,400.8,1940,1.409,0.853,0.858,2273.0,3
2024-08-12,SHORT,2024-08-12 10:00:00-04:00,39306.0,39356.0,39206.0,50,100.0,SL,39356.0,-50.0,-1.0,2,10,-83.0,14.5,137.5,1844,2.229,0.948,1.382,1945.0,0
2024-08-19,LONG,2024-08-19 10:00:00-04:00,40794.6,40744.6,40894.6,50,100.0,SL,40744.6,-50.0,-1.0,3,15,-58.0,46.0,102.3,1840,2.435,1.039,1.617,1771.7,0
2024-08-20,SHORT,2024-08-20 10:10:00-04:00,40840.3,40890.3,40740.3,50,100.0,SL,40890.3,-50.0,-1.0,4,20,-59.0,28.5,121.5,1948,2.26,1.174,1.605,1659.0,1
2024-08-21,SHORT,2024-08-21 10:00:00-04:00,40865.9,40915.9,40765.9,50,100.0,SL,40915.9,-50.0,-1.0,7,35,-83.0,90.0,77.0,1618,2.363,0.953,1.377,1698.3,2
2024-08-22,SHORT,2024-08-22 10:05:00-04:00,40835.6,40885.6,40735.6,50,100.0,TP,40735.6,100.0,2.0,15,75,-35.5,117.0,83.0,1934,2.055,1.059,1.486,1827.0,3
2024-08-23,LONG,2024-08-23 10:00:00-04:00,41027.2,40977.2,41127.2,50,100.0,TP,41127.2,100.0,2.0,2,10,-40.5,118.5,126.0,1998,2.818,1.237,2.089,1614.7,4
2024-08-26,LONG,2024-08-26 10:00:00-04:00,41388.7,41338.7,41488.7,50,100.0,SL,41338.7,-50.0,-1.0,10,50,-70.8,59.0,105.3,1603,1.917,0.877,1.159,1828.8,0
2024-08-28,LONG,2024-08-28 10:05:00-04:00,41334.8,41284.8,41434.8,50,100.0,SL,41284.8,-50.0,-1.0,3,15,-61.5,15.0,75.5,1274,1.523,0.733,0.657,1738.8,2
2024-09-02,LONG,2024-09-02 10:35:00-04:00,41554.1,41504.1,41654.1,50,100.0,TIMEOUT,41559.1,5.0,0.1,28,140,-29.3,23.2,111.5,548,1.388,1.168,0.968,469.3,0
2024-09-03,SHORT,2024-09-03 10:00:00-04:00,41121.3,41171.3,41021.3,50,100.0,SL,41171.3,-50.0,-1.0,13,65,-66.0,63.0,228.8,2166,2.133,1.082,1.717,2002.0,1
2024-09-04,LONG,2024-09-04 10:00:00-04:00,40995.9,40945.9,41095.9,50,100.0,TP,41095.9,100.0,2.0,7,35,-21.5,100.0,174.0,2332,2.29,1.196,2.083,1950.0,2
2024-09-06,LONG,2024-09-06 10:00:00-04:00,40841.7,40791.7,40941.7,50,100.0,SL,40791.7,-50.0,-1.0,1,5,-69.5,16.5,266.2,2152,1.308,1.006,1.016,2138.3,4
2024-09-09,LONG,2024-09-09 10:00:00-04:00,40709.7,40659.7,40809.7,50,100.0,TP,40809.7,100.0,2.0,2,10,-6.0,101.0,191.5,1718,1.837,0.899,1.19,1912.0,0
2024-09-10,SHORT,2024-09-10 10:00:00-04:00,40730.7,40780.7,40630.7,50,100.0,TP,40630.7,100.0,2.0,2,10,0.0,153.5,207.8,1578,1.822,0.852,1.068,1852.3,1
2024-09-11,SHORT,2024-09-11 10:00:00-04:00,40172.8,40222.8,40072.8,50,100.0,TP,40072.8,100.0,2.0,3,15,-22.0,110.0,217.3,2068,1.465,0.981,1.087,2108.3,2
2024-09-12,SHORT,2024-09-12 10:00:00-04:00,40679.4,40729.4,40579.4,50,100.0,SL,40729.4,-50.0,-1.0,2,10,-150.0,0.3,196.5,1776,1.318,0.862,0.814,2061.3,3
2024-09-13,LONG,2024-09-13 10:00:00-04:00,41312.3,41262.3,41412.3,50,100.0,SL,41262.3,-50.0,-1.0,1,5,-64.5,3.5,131.0,1550,1.97,1.064,1.691,1456.5,4
2024-09-16,LONG,2024-09-16 10:00:00-04:00,41672.4,41622.4,41772.4,50,100.0,SL,41622.4,-50.0,-1.0,2,10,-52.2,26.3,178.7,1474,1.817,0.959,1.367,1536.5,0
2024-09-17,LONG,2024-09-17 10:15:00-04:00,41828.8,41778.8,41928.8,50,100.0,SL,41778.8,-50.0,-1.0,3,15,-50.0,26.2,133.7,1292,1.204,0.864,0.573,1495.0,1
2024-09-18,SHORT,2024-09-18 10:00:00-04:00,41560.5,41610.5,41460.5,50,100.0,SL,41610.5,-50.0,-1.0,30,150,-51.5,71.7,83.3,1154,1.776,0.862,1.08,1339.3,2
2024-09-20,SHORT,2024-09-20 10:00:00-04:00,41889.2,41939.2,41789.2,50,100.0,SL,41939.2,-50.0,-1.0,3,15,-75.3,37.7,154.0,1386,1.697,0.974,1.297,1422.3,4
2024-09-25,SHORT,2024-09-25 10:10:00-04:00,42101.5,42151.5,42001.5,50,100.0,TP,42001.5,100.0,2.0,13,65,-15.5,103.0,172.0,1400,1.858,0.959,1.173,1460.0,2
2024-09-26,LONG,2024-09-26 10:35:00-04:00,42167.5,42117.5,42267.5,50,100.0,SL,42117.5,-50.0,-1.0,4,20,-54.5,3.5,111.5,1326,1.262,0.928,0.603,1428.5,3
2024-09-27,LONG,2024-09-27 10:00:00-04:00,42403.2,42353.2,42503.2,50,100.0,TP,42503.2,100.0,2.0,4,20,-11.3,119.2,161.2,1486,1.916,1.102,1.692,1348.7,4
2024-09-30,SHORT,2024-09-30 10:00:00-04:00,42168.1,42218.1,42068.1,50,100.0,SL,42218.1,-50.0,-1.0,1,5,-57.7,4.3,97.7,1290,1.965,0.901,1.223,1432.0,0
2024-10-01,SHORT,2024-10-01 10:00:00-04:00,42107.2,42157.2,42007.2,50,100.0,TP,42007.2,100.0,2.0,1,5,-3.0,120.0,127.0,1650,2.231,1.065,1.686,1550.0,1
2024-10-03,SHORT,2024-10-03 10:25:00-04:00,41957.2,42007.2,41857.2,50,100.0,SL,42007.2,-50.0,-1.0,1,5,-63.3,51.0,194.5,1536,1.428,1.058,1.003,1451.7,3
2024-10-09,LONG,2024-10-09 10:00:00-04:00,42226.6,42176.6,42326.6,50,100.0,SL,42176.6,-50.0,-1.0,4,20,-54.3,75.0,163.7,1346,1.693,0.789,0.895,1706.2,2
2024-10-11,LONG,2024-10-11 10:00:00-04:00,42631.0,42581.0,42731.0,50,100.0,TP,42731.0,100.0,2.0,2,10,-10.5,117.2,136.5,1645,1.841,1.002,1.363,1641.3,4
2024-10-15,SHORT,2024-10-15 10:00:00-04:00,42811.9,42861.9,42711.9,50,100.0,SL,42861.9,-50.0,-1.0,2,10,-56.0,25.0,286.8,1538,1.71,0.825,0.952,1863.2,1
2024-10-16,LONG,2024-10-16 10:00:00-04:00,42927.3,42877.3,43027.3,50,100.0,TP,43027.3,100.0,2.0,31,155,-45.7,108.0,115.0,1498,1.835,0.836,1.036,1792.5,2
2024-10-18,SHORT,2024-10-18 10:00:00-04:00,43087.8,43137.8,42987.8,50,100.0,SL,43137.8,-50.0,-1.0,7,35,-53.7,18.8,164.2,1268,1.564,0.743,0.715,1706.3,4
2024-10-21,SHORT,2024-10-21 10:25:00-04:00,43134.7,43184.7,43034.7,50,100.0,TP,43034.7,100.0,2.0,7,35,-20.5,141.5,169.0,1178,1.312,0.761,0.484,1548.7,0
2024-10-24,SHORT,2024-10-24 10:10:00-04:00,42403.1,42453.1,42303.1,50,100.0,SL,42453.1,-50.0,-1.0,4,20,-58.0,35.0,114.0,1210,1.276,0.727,0.456,1665.3,3
2024-10-25,LONG,2024-10-25 10:00:00-04:00,42556.5,42506.5,42656.5,50,100.0,SL,42506.5,-50.0,-1.0,9,45,-76.7,49.0,180.5,1562,2.236,1.021,1.522,1530.0,4
2024-10-28,LONG,2024-10-28 10:05:00-04:00,42388.0,42338.0,42488.0,50,100.0,TP,42488.0,100.0,2.0,5,25,-12.0,101.0,171.3,1222,1.389,0.724,0.569,1689.0,0
2024-10-29,LONG,2024-10-29 10:20:00-04:00,42506.4,42456.4,42606.4,50,100.0,SL,42456.4,-50.0,-1.0,1,5,-101.0,10.0,225.3,1346,1.322,0.824,0.564,1633.0,1
2024-10-30,LONG,2024-10-30 10:00:00-04:00,42410.9,42360.9,42510.9,50,100.0,SL,42360.9,-50.0,-1.0,13,65,-54.5,48.0,205.7,1554,1.562,0.868,1.011,1791.0,2
2024-10-31,SHORT,2024-10-31 10:05:00-04:00,41899.4,41949.4,41799.4,50,100.0,SL,41949.4,-50.0,-1.0,2,10,-58.0,44.0,151.0,1628,1.462,0.862,0.875,1889.0,3
2024-11-01,LONG,2024-11-01 10:00:00-04:00,42076.8,42026.8,42176.8,50,100.0,TP,42176.8,100.0,2.0,2,10,-9.0,108.0,240.8,1914,1.745,1.1,1.591,1739.3,4
2024-11-05,LONG,2024-11-05 10:00:00-05:00,42063.7,42013.7,42163.7,50,100.0,TP,42163.7,100.0,2.0,7,35,-29.2,116.1,89.3,2076,2.17,0.991,1.477,2094.3,1
2024-11-08,LONG,2024-11-08 10:00:00-05:00,43889.3,43839.3,43989.3,50,100.0,TP,43989.3,100.0,2.0,5,25,-22.0,109.5,123.0,1580,1.987,0.976,1.394,1618.3,4
2024-11-11,LONG,2024-11-11 10:00:00-05:00,44504.0,44454.0,44604.0,50,100.0,SL,44454.0,-50.0,-1.0,1,5,-68.5,14.0,142.0,1396,1.819,0.797,0.943,1752.0,0
2024-11-14,SHORT,2024-11-14 10:00:00-05:00,43961.0,44011.0,43861.0,50,100.0,SL,44011.0,-50.0,-1.0,7,35,-69.0,57.0,141.0,1514,1.55,0.895,1.003,1692.0,3
2024-11-15,SHORT,2024-11-15 10:00:00-05:00,43509.6,43559.6,43409.6,50,100.0,SL,43559.6,-50.0,-1.0,3,15,-56.0,49.0,177.0,1554,1.538,0.906,1.037,1714.7,4
2024-11-18,LONG,2024-11-18 10:00:00-05:00,43446.6,43396.6,43546.6,50,100.0,SL,43396.6,-50.0,-1.0,2,10,-67.0,8.0,152.0,1546,1.91,0.96,1.353,1610.7,0
2024-11-20,SHORT,2024-11-20 10:00:00-05:00,43251.0,43301.0,43151.0,50,100.0,TP,43151.0,100.0,2.0,1,5,-3.5,110.2,180.0,1718,1.924,0.963,1.313,1784.0,2
2024-11-22,LONG,2024-11-22 10:00:00-05:00,44152.4,44102.4,44252.4,50,100.0,SL,44102.4,-50.0,-1.0,2,10,-74.0,15.0,235.0,1814,2.038,1.046,1.625,1734.7,4
2024-11-25,LONG,2024-11-25 10:00:00-05:00,44772.1,44722.1,44872.1,50,100.0,SL,44722.1,-50.0,-1.0,2,10,-85.0,26.0,183.0,1720,1.82,0.935,1.292,1839.0,0
2024-11-26,SHORT,2024-11-26 10:00:00-05:00,44521.7,44571.7,44421.7,50,100.0,SL,44571.7,-50.0,-1.0,12,60,-61.0,59.0,284.0,1694,1.77,0.944,1.272,1793.7,1
2024-11-27,LONG,2024-11-27 10:05:00-05:00,45006.9,44956.9,45106.9,50,100.0,SL,44956.9,-50.0,-1.0,4,20,-51.8,17.0,150.0,1292,1.526,0.902,0.943,1432.0,2
2024-11-28,LONG,2024-11-28 10:00:00-05:00,44837.4,44787.4,44937.4,50,100.0,TIMEOUT,44877.4,40.0,0.8,35,175,-19.8,62.0,71.3,568,2.258,1.632,2.647,348.0,3
2024-12-02,SHORT,2024-12-02 10:00:00-05:00,44758.7,44808.7,44658.7,50,100.0,SL,44808.7,-50.0,-1.0,6,30,-65.5,19.2,144.0,1531,2.099,1.0,1.439,1531.0,0
2024-12-03,SHORT,2024-12-03 10:00:00-05:00,44742.9,44792.9,44642.9,50,100.0,TP,44642.9,100.0,2.0,15,75,-14.5,102.5,99.0,1444,1.905,0.958,1.286,1507.0,1
2024-12-09,SHORT,2024-12-09 10:45:00-05:00,44548.1,44598.1,44448.1,50,100.0,SL,44598.1,-50.0,-1.0,4,20,-53.5,4.0,121.8,1302,1.205,0.853,0.476,1526.8,0
2024-12-10,SHORT,2024-12-10 10:05:00-05:00,44291.3,44341.3,44191.3,50,100.0,SL,44341.3,-50.0,-1.0,2,10,-56.0,6.0,151.0,1226,1.493,0.73,0.661,1679.8,1
2024-12-13,SHORT,2024-12-13 10:00:00-05:00,43891.9,43941.9,43791.9,50,100.0,SL,43941.9,-50.0,-1.0,14,70,-58.7,61.3,133.5,1530,1.905,0.892,1.183,1714.3,4
2024-12-17,SHORT,2024-12-17 10:05:00-05:00,43448.3,43498.3,43348.3,50,100.0,SL,43498.3,-50.0,-1.0,2,10,-87.2,23.0,132.2,1628,1.537,0.864,0.947,1885.3,1
2024-12-20,LONG,2024-12-20 10:00:00-05:00,42283.1,42233.1,42383.1,50,100.0,SL,42233.1,-50.0,-1.0,2,10,-50.5,102.7,258.8,2096,1.388,0.985,1.23,2127.7,4
2024-12-23,SHORT,2024-12-23 10:00:00-05:00,42523.7,42573.7,42423.7,50,100.0,SL,42573.7,-50.0,-1.0,4,20,-77.0,60.0,364.5,1966,1.777,0.988,1.422,1990.3,0
2024-12-24,LONG,2024-12-24 10:00:00-05:00,42927.0,42877.0,43027.0,50,100.0,TP,43027.0,100.0,2.0,7,35,-28.0,102.0,74.0,1286,1.886,0.858,1.07,1498.3,1
2024-12-27,SHORT,2024-12-27 10:10:00-05:00,42936.1,42986.1,42836.1,50,100.0,TP,42836.1,100.0,2.0,3,15,-7.3,123.2,207.5,1830,1.757,1.052,1.261,1739.7,4
2024-12-30,SHORT,2024-12-30 10:00:00-05:00,42239.1,42289.1,42139.1,50,100.0,SL,42289.1,-50.0,-1.0,7,35,-57.5,69.5,443.5,2070,1.601,1.076,1.714,1923.7,0
2024-12-31,LONG,2024-12-31 10:15:00-05:00,42658.0,42608.0,42758.0,50,100.0,SL,42608.0,-50.0,-1.0,2,10,-57.8,16.0,171.0,1618,1.462,0.904,0.835,1790.7,1
2025-01-02,SHORT,2025-01-02 10:25:00-05:00,42558.8,42608.8,42458.8,50,100.0,SL,42608.8,-50.0,-1.0,5,25,-61.7,87.5,281.8,1994,1.259,0.952,0.733,2095.3,3
2025-01-03,LONG,2025-01-03 10:35:00-05:00,42504.5,42454.5,42604.5,50,100.0,SL,42454.5,-50.0,-1.0,7,35,-52.5,74.5,161.8,1722,1.252,0.936,0.521,1839.3,4
2025-01-06,LONG,2025-01-06 10:00:00-05:00,42950.0,42900.0,43050.0,50,100.0,SL,42900.0,-50.0,-1.0,3,15,-62.0,17.0,285.0,1842,1.698,0.958,1.105,1923.7,0
2025-01-07,SHORT,2025-01-07 10:10:00-05:00,42563.5,42613.5,42463.5,50,100.0,SL,42613.5,-50.0,-1.0,2,10,-100.0,42.3,227.2,1936,1.928,1.125,1.343,1721.0,1
2025-01-08,SHORT,2025-01-08 10:10:00-05:00,42305.1,42355.1,42205.1,50,100.0,SL,42355.1,-50.0,-1.0,8,40,-100.5,73.3,268.5,1948,1.369,0.994,1.212,1960.3,2
2025-01-10,SHORT,2025-01-10 10:00:00-05:00,41934.6,41984.6,41834.6,50,100.0,SL,41984.6,-50.0,-1.0,5,25,-54.2,61.0,451.5,2222,1.366,1.029,1.257,2159.7,4
2025-01-13,LONG,2025-01-13 10:00:00-05:00,41976.5,41926.5,42076.5,50,100.0,SL,41926.5,-50.0,-1.0,3,15,-54.0,78.0,188.0,1902,1.567,0.933,1.199,2037.7,0
2025-01-17,LONG,2025-01-17 10:00:00-05:00,43399.9,43349.9,43499.9,50,100.0,TP,43499.9,100.0,2.0,15,75,-45.0,111.5,257.0,1632,1.439,0.882,0.954,1849.7,4
2025-01-21,LONG,2025-01-21 10:00:00-05:00,43674.3,43624.3,43774.3,50,100.0,SL,43624.3,-50.0,-1.0,2,10,-53.8,60.5,141.7,1838,2.025,0.988,1.462,1861.0,1
2025-01-23,LONG,2025-01-23 10:00:00-05:00,44191.4,44141.4,44291.4,50,100.0,TP,44291.4,100.0,2.0,12,60,-39.0,105.0,115.8,1274,1.689,0.821,0.938,1552.3,3
2025-01-24,SHORT,2025-01-24 10:00:00-05:00,44341.1,44391.1,44241.1,50,100.0,SL,44391.1,-50.0,-1.0,3,15,-80.0,0.0,153.8,1676,2.226,1.076,1.608,1557.7,4
2025-01-27,LONG,2025-01-27 10:00:00-05:00,44242.6,44192.6,44342.6,50,100.0,TP,44342.6,100.0,2.0,5,25,-45.0,114.5,325.3,1886,1.53,0.937,1.229,2013.0,0
2025-01-28,LONG,2025-01-28 10:10:00-05:00,44753.2,44703.2,44853.2,50,100.0,TP,44853.2,100.0,2.0,7,35,-4.5,136.8,178.5,1662,1.512,0.9,0.93,1846.7,1
2025-01-29,LONG,2025-01-29 10:00:00-05:00,44854.1,44804.1,44954.1,50,100.0,SL,44804.1,-50.0,-1.0,13,65,-69.0,57.0,122.5,1498,1.584,0.886,1.089,1690.7,2
2025-01-31,SHORT,2025-01-31 10:00:00-05:00,44852.0,44902.0,44752.0,50,100.0,SL,44902.0,-50.0,-1.0,6,30,-54.0,37.0,112.2,1496,1.637,0.935,1.174,1600.7,4
2025-02-03,LONG,2025-02-03 10:20:00-05:00,44168.2,44118.2,44268.2,50,100.0,SL,44118.2,-50.0,-1.0,1,5,-53.5,120.8,199.3,2132,1.539,1.074,1.288,1985.0,0
2025-02-04,LONG,2025-02-04 10:05:00-05:00,44391.0,44341.0,44491.0,50,100.0,TP,44491.0,100.0,2.0,16,80,-39.7,104.5,199.7,1622,1.637,0.952,1.126,1703.7,1
2025-02-05,SHORT,2025-02-05 10:00:00-05:00,44307.9,44357.9,44207.9,50,100.0,SL,44357.9,-50.0,-1.0,1,5,-75.0,14.0,196.0,2075,2.3,1.281,2.351,1619.7,2
2025-02-06,SHORT,2025-02-06 10:20:00-05:00,44761.3,44811.3,44661.3,50,100.0,TP,44661.3,100.0,2.0,22,110,-14.2,117.0,196.3,1242,1.264,0.759,0.48,1635.3,3
2025-02-07,SHORT,2025-02-07 10:10:00-05:00,44586.3,44636.3,44486.3,50,100.0,SL,44636.3,-50.0,-1.0,5,25,-57.3,47.7,146.7,2026,1.525,1.279,1.527,1583.7,4
2025-02-14,LONG,2025-02-14 10:05:00-05:00,44704.2,44654.2,44804.2,50,100.0,SL,44654.2,-50.0,-1.0,1,5,-73.0,0.0,195.0,1248,1.5,0.882,0.893,1415.0,4
2025-02-18,SHORT,2025-02-18 10:00:00-05:00,44391.2,44441.2,44291.2,50,100.0,SL,44441.2,-50.0,-1.0,6,30,-50.0,52.0,178.5,1668,2.177,1.0,1.45,1668.3,1
2025-02-20,SHORT,2025-02-20 10:00:00-05:00,44192.7,44242.7,44092.7,50,100.0,TP,44092.7,100.0,2.0,7,35,-30.0,113.2,125.8,2056,2.69,1.287,2.315,1597.7,3
2025-02-21,SHORT,2025-02-21 10:00:00-05:00,43751.6,43801.6,43651.6,50,100.0,SL,43801.6,-50.0,-1.0,3,15,-51.0,36.5,344.3,1900,2.181,1.092,1.692,1740.0,4
2025-02-24,SHORT,2025-02-24 10:00:00-05:00,43385.7,43435.7,43285.7,50,100.0,SL,43435.7,-50.0,-1.0,1,5,-55.0,58.0,219.0,2042,2.295,1.071,1.69,1907.3,0
2025-02-25,SHORT,2025-02-25 10:25:00-05:00,43295.0,43345.0,43195.0,50,100.0,SL,43345.0,-50.0,-1.0,2,10,-125.0,34.0,262.0,2030,1.418,1.047,0.919,1939.0,1
2025-02-26,LONG,2025-02-26 10:10:00-05:00,43803.8,43753.8,43903.8,50,100.0,SL,43753.8,-50.0,-1.0,15,75,-56.5,50.5,127.0,1594,1.416,0.881,0.809,1810.0,2
2025-02-27,LONG,2025-02-27 10:10:00-05:00,43663.6,43613.6,43763.6,50,100.0,TP,43763.6,100.0,2.0,2,10,-7.0,214.0,266.0,1988,1.293,0.988,0.942,2013.0,3
2025-02-28,LONG,2025-02-28 10:05:00-05:00,43465.5,43415.5,43565.5,50,100.0,SL,43415.5,-50.0,-1.0,2,10,-103.3,28.0,205.7,2028,1.472,0.951,1.14,2132.0,4
2025-03-04,SHORT,2025-03-04 10:00:00-05:00,42597.0,42647.0,42497.0,50,100.0,TP,42497.0,100.0,2.0,3,15,-31.0,158.5,344.2,2318,1.549,1.031,1.61,2248.3,1
2025-03-11,SHORT,2025-03-11 10:00:00-04:00,41524.7,41574.7,41424.7,50,100.0,SL,41574.7,-50.0,-1.0,1,5,-111.5,12.5,311.5,2380,1.775,1.089,1.823,2185.3,1
2025-03-12,SHORT,2025-03-12 10:00:00-04:00,41305.4,41355.4,41205.4,50,100.0,SL,41355.4,-50.0,-1.0,2,10,-60.0,25.3,542.4,2154,1.292,0.955,1.001,2255.0,2
2025-03-14,LONG,2025-03-14 10:00:00-04:00,41142.5,41092.5,41242.5,50,100.0,SL,41092.5,-50.0,-1.0,2,10,-96.0,50.5,164.0,2284,1.992,1.156,2.055,1976.3,4
2025-03-17,LONG,2025-03-17 10:00:00-04:00,41602.7,41552.7,41702.7,50,100.0,TP,41702.7,100.0,2.0,3,15,-16.0,104.5,228.2,2114,1.722,1.018,1.545,2076.0,0
2025-03-18,SHORT,2025-03-18 10:00:00-04:00,41626.3,41676.3,41526.3,50,100.0,SL,41676.3,-50.0,-1.0,1,5,-50.5,10.5,208.0,1974,1.602,0.961,1.329,2054.0,1
2025-03-19,LONG,2025-03-19 10:00:00-04:00,41788.5,41738.5,41888.5,50,100.0,TP,41888.5,100.0,2.0,21,105,-12.7,115.5,174.0,1518,1.546,0.825,0.927,1841.0,2
2025-03-20,LONG,2025-03-20 10:25:00-04:00,42185.2,42135.2,42285.2,50,100.0,SL,42135.2,-50.0,-1.0,13,65,-89.5,77.5,455.0,1772,1.253,0.944,0.693,1877.3,3
2025-03-21,SHORT,2025-03-21 10:00:00-04:00,41502.5,41552.5,41402.5,50,100.0,SL,41552.5,-50.0,-1.0,4,20,-57.7,87.5,437.2,1976,1.393,0.977,1.214,2022.7,4
2025-03-24,LONG,2025-03-24 10:00:00-04:00,42486.1,42436.1,42586.1,50,100.0,TP,42586.1,100.0,2.0,25,125,-23.5,110.0,167.5,1670,1.941,0.944,1.317,1768.7,0
2025-03-26,LONG,2025-03-26 10:00:00-04:00,42753.9,42703.9,42853.9,50,100.0,SL,42703.9,-50.0,-1.0,15,75,-52.5,68.5,181.0,1930,1.994,1.072,1.718,1801.0,2
2025-03-28,SHORT,2025-03-28 10:00:00-04:00,42005.3,42055.3,41905.3,50,100.0,TP,41905.3,100.0,2.0,2,10,-5.5,115.5,162.0,2116,1.614,1.108,1.828,1910.0,4
2025-03-31,LONG,2025-03-31 10:05:00-04:00,41482.9,41432.9,41582.9,50,100.0,SL,41432.9,-50.0,-1.0,1,5,-74.5,0.0,219.5,2042,1.54,0.979,1.254,2085.3,0
2025-04-01,SHORT,2025-04-01 10:00:00-04:00,41641.3,41691.3,41541.3,50,100.0,TP,41541.3,100.0,2.0,2,10,-47.0,129.7,334.3,2280,1.711,1.075,1.748,2120.0,1
2025-04-03,SHORT,2025-04-03 10:00:00-04:00,40743.4,40793.4,40643.4,50,100.0,TP,40643.4,100.0,2.0,2,10,-47.5,109.5,356.8,2199,1.386,0.982,1.252,2240.2,3
2025-04-07,LONG,2025-04-07 10:10:00-04:00,38494.3,38444.3,38594.3,50,100.0,TP,38594.3,100.0,2.0,1,5,-31.5,672.5,1147.8,2416,1.217,0.964,0.932,2506.2,0
2025-04-09,LONG,2025-04-09 10:00:00-04:00,37887.3,37837.3,37987.3,50,100.0,SL,37837.3,-50.0,-1.0,1,5,-292.0,4.3,1167.1,2288,1.346,1.019,1.381,2244.8,2
2025-04-10,SHORT,2025-04-10 10:00:00-04:00,39676.5,39726.5,39576.5,50,100.0,SL,39726.5,-50.0,-1.0,1,5,-98.5,94.8,833.7,2314,1.394,0.963,1.236,2401.7,3
2025-04-15,LONG,2025-04-15 10:00:00-04:00,40688.7,40638.7,40788.7,50,100.0,TP,40788.7,100.0,2.0,2,10,-25.7,102.3,342.8,2208,1.524,1.025,1.585,2154.0,1
2025-04-21,SHORT,2025-04-21 10:00:00-04:00,38469.9,38519.9,38369.9,50,100.0,TP,38369.9,100.0,2.0,3,15,-8.5,111.2,215.7,1848,1.572,0.939,1.213,1967.7,0
2025-04-22,LONG,2025-04-22 10:00:00-04:00,38742.4,38692.4,38842.4,50,100.0,TP,38842.4,100.0,2.0,4,20,-29.8,109.2,213.2,1774,1.442,0.836,0.911,2121.3,1
2025-04-23,LONG,2025-04-23 10:00:00-04:00,40248.1,40198.1,40348.1,50,100.0,SL,40198.1,-50.0,-1.0,1,5,-60.5,33.7,392.0,2332,1.826,1.089,1.75,2140.7,2
2025-04-24,LONG,2025-04-24 10:00:00-04:00,39615.3,39565.3,39715.3,50,100.0,TP,39715.3,100.0,2.0,4,20,-10.8,155.0,323.5,1896,1.904,0.976,1.397,1942.3,3
2025-04-25,SHORT,2025-04-25 10:20:00-04:00,39792.8,39842.8,39692.8,50,100.0,TP,39692.8,100.0,2.0,2,10,-1.5,107.0,368.3,2044,1.426,0.989,0.989,2066.0,4
2025-04-28,LONG,2025-04-28 10:00:00-04:00,40252.5,40202.5,40352.5,50,100.0,SL,40202.5,-50.0,-1.0,6,30,-86.0,84.0,259.0,1920,1.849,0.944,1.326,2034.7,0
2025-04-30,SHORT,2025-04-30 10:00:00-04:00,39822.8,39872.8,39722.8,50,100.0,SL,39872.8,-50.0,-1.0,1,5,-60.5,34.5,499.3,2155,1.502,0.985,1.283,2188.3,2
2025-05-05,LONG,2025-05-05 10:00:00-04:00,41192.4,41142.4,41292.4,50,100.0,TP,41292.4,100.0,2.0,7,35,-41.7,109.5,118.8,1896,1.909,1.021,1.541,1857.3,0
2025-05-08,SHORT,2025-05-08 10:05:00-04:00,41241.6,41291.6,41141.6,50,100.0,SL,41291.6,-50.0,-1.0,3,15,-59.8,85.5,259.3,1868,1.446,0.951,1.086,1964.0,3
2025-05-09,SHORT,2025-05-09 10:35:00-04:00,41229.6,41279.6,41129.6,50,100.0,SL,41279.6,-50.0,-1.0,2,10,-51.0,21.5,251.8,1986,1.37,1.027,0.994,1934.3,4
2025-05-15,LONG,2025-05-15 10:00:00-04:00,41971.6,41921.6,42071.6,50,100.0,SL,41921.6,-50.0,-1.0,2,10,-78.2,2.8,198.7,1878,1.617,0.995,1.417,1888.0,3
2025-05-19,LONG,2025-05-19 10:00:00-04:00,42614.0,42564.0,42714.0,50,100.0,SL,42564.0,-50.0,-1.0,5,25,-62.5,66.3,193.0,1906,1.773,1.003,1.455,1900.0,0
2025-05-22,LONG,2025-05-22 10:05:00-04:00,41925.7,41875.7,42025.7,50,100.0,SL,41875.7,-50.0,-1.0,1,5,-65.5,1.7,297.7,1952,1.467,0.969,1.224,2013.7,3
2025-05-26,SHORT,2025-05-26 11:00:00-04:00,41955.5,42005.5,41855.5,50,100.0,SL,42005.5,-50.0,-1.0,4,20,-57.5,14.0,105.2,694,1.27,1.043,1.06,665.5,0
2025-05-27,SHORT,2025-05-27 10:00:00-04:00,41991.0,42041.0,41891.0,50,100.0,SL,42041.0,-50.0,-1.0,3,15,-64.5,4.5,199.8,1643,1.509,0.88,0.993,1868.0,1
2025-05-29,SHORT,2025-05-29 10:05:00-04:00,42076.5,42126.5,41976.5,50,100.0,SL,42126.5,-50.0,-1.0,1,5,-58.8,0.0,538.3,2122,1.746,1.113,1.701,1906.7,3
2025-05-30,LONG,2025-05-30 10:05:00-04:00,42234.5,42184.5,42334.5,50,100.0,SL,42184.5,-50.0,-1.0,9,45,-76.5,45.5,276.2,1764,1.285,0.944,0.953,1868.3,4
2025-06-02,SHORT,2025-06-02 10:00:00-04:00,41883.9,41933.9,41783.9,50,100.0,SL,41933.9,-50.0,-1.0,1,5,-93.5,15.9,251.4,2300,1.764,1.056,1.675,2177.3,0
2025-06-03,LONG,2025-06-03 10:15:00-04:00,42281.9,42231.9,42381.9,50,100.0,TP,42381.9,100.0,2.0,9,45,-9.7,119.8,214.0,1638,1.431,0.901,0.821,1817.7,1
2025-06-05,SHORT,2025-06-05 10:00:00-04:00,42284.9,42334.9,42184.9,50,100.0,SL,42334.9,-50.0,-1.0,1,5,-52.0,7.5,274.3,2002,1.48,0.969,1.184,2065.7,3
2025-06-06,LONG,2025-06-06 10:00:00-04:00,42853.7,42803.7,42953.7,50,100.0,SL,42803.7,-50.0,-1.0,6,30,-77.3,30.0,332.5,1694,1.333,0.926,0.989,1829.7,4
2025-06-09,SHORT,2025-06-09 10:00:00-04:00,42633.7,42683.7,42533.7,50,100.0,SL,42683.7,-50.0,-1.0,6,30,-64.2,14.0,122.5,1524,1.858,0.915,1.243,1665.7,0
2025-06-12,LONG,2025-06-12 10:15:00-04:00,42832.3,42782.3,42932.3,50,100.0,SL,42782.3,-50.0,-1.0,13,65,-50.2,80.0,259.3,1410,1.22,0.829,0.561,1701.3,3
2025-06-13,SHORT,2025-06-13 10:00:00-04:00,42355.3,42405.3,42255.3,50,100.0,TP,42255.3,100.0,2.0,5,25,-35.0,103.3,206.2,1952,1.666,1.003,1.488,1946.3,4
2025-06-16,LONG,2025-06-16 10:00:00-04:00,42658.3,42608.3,42758.3,50,100.0,SL,42608.3,-50.0,-1.0,13,65,-53.0,66.2,165.2,1712,1.772,0.924,1.266,1853.5,0
2025-06-17,LONG,2025-06-17 10:00:00-04:00,42415.2,42365.2,42515.2,50,100.0,TP,42515.2,100.0,2.0,14,70,-3.3,132.2,179.8,1540,1.756,0.91,1.188,1691.7,1
2025-06-18,LONG,2025-06-18 10:00:00-04:00,42339.5,42289.5,42439.5,50,100.0,TP,42439.5,100.0,2.0,4,20,-21.8,114.2,170.8,1624,1.785,0.998,1.452,1627.0,2
2025-06-19,SHORT,2025-06-19 10:00:00-04:00,41820.4,41870.4,41720.4,50,100.0,SL,41870.4,-50.0,-1.0,14,70,-53.2,27.3,210.5,988,1.492,1.014,1.245,974.0,3
2025-06-23,LONG,2025-06-23 10:00:00-04:00,42378.7,42328.7,42478.7,50,100.0,SL,42328.7,-50.0,-1.0,7,35,-72.5,54.5,226.5,1744,1.831,1.019,1.478,1711.7,0
2025-06-25,SHORT,2025-06-25 10:10:00-04:00,43057.4,43107.4,42957.4,50,100.0,TP,42957.4,100.0,2.0,34,170,-22.5,123.0,84.7,1398,1.561,0.874,0.897,1599.0,2
2025-06-26,LONG,2025-06-26 10:00:00-04:00,43177.1,43127.1,43277.1,50,100.0,TP,43277.1,100.0,2.0,6,30,-45.0,106.2,90.3,1452,1.617,0.94,1.208,1544.0,3
2025-06-27,LONG,2025-06-27 10:00:00-04:00,43733.7,43683.7,43833.7,50,100.0,SL,43683.7,-50.0,-1.0,5,25,-50.0,18.0,83.0,1450,1.737,0.992,1.349,1461.0,4
2025-06-30,SHORT,2025-06-30 10:00:00-04:00,44014.3,44064.3,43914.3,50,100.0,SL,44064.3,-50.0,-1.0,18,90,-55.8,91.7,104.2,1478,1.94,0.913,1.245,1618.0,0
2025-07-01,LONG,2025-07-01 10:00:00-04:00,44216.2,44166.2,44316.2,50,100.0,TP,44316.2,100.0,2.0,3,15,0.0,123.0,113.5,1638,1.935,1.045,1.571,1567.7,1
2025-07-02,SHORT,2025-07-02 10:00:00-04:00,44415.8,44465.8,44315.8,50,100.0,SL,44465.8,-50.0,-1.0,5,25,-51.5,37.2,213.2,998,1.346,0.965,1.218,1034.3,2
2025-07-03,LONG,2025-07-03 10:00:00-04:00,44790.9,44740.9,44890.9,50,100.0,TP,44890.9,100.0,2.0,9,45,-22.0,105.5,153.5,992,1.425,1.016,1.222,976.0,3
2025-07-07,SHORT,2025-07-07 10:10:00-04:00,44670.1,44720.1,44570.1,50,100.0,TP,44570.1,100.0,2.0,12,60,-11.3,101.7,194.2,886,1.34,0.886,0.789,1000.3,0
2025-07-08,SHORT,2025-07-08 10:00:00-04:00,44327.1,44377.1,44227.1,50,100.0,SL,44377.1,-50.0,-1.0,6,30,-63.5,58.5,127.3,980,1.698,0.997,1.451,983.0,1
2025-07-09,LONG,2025-07-09 10:00:00-04:00,44468.9,44418.9,44568.9,50,100.0,SL,44418.9,-50.0,-1.0,5,25,-73.0,29.0,226.5,916,1.599,0.922,1.189,994.0,2
2025-07-10,LONG,2025-07-10 10:00:00-04:00,44529.7,44479.7,44629.7,50,100.0,TP,44629.7,100.0,2.0,7,35,-4.2,115.8,156.0,966,1.643,0.969,1.364,997.3,3
2025-07-14,LONG,2025-07-14 10:00:00-04:00,44360.5,44310.5,44460.5,50,100.0,SL,44310.5,-50.0,-1.0,6,30,-52.8,56.7,224.5,990,1.765,1.005,1.466,985.0,0
2025-07-15,SHORT,2025-07-15 10:00:00-04:00,44307.2,44357.2,44207.2,50,100.0,SL,44357.2,-50.0,-1.0,2,10,-52.0,20.2,141.8,1062,1.43,0.982,1.304,1081.3,1
2025-07-16,SHORT,2025-07-16 11:35:00-04:00,43820.4,43870.4,43720.4,50,100.0,SL,43870.4,-50.0,-1.0,1,5,-144.5,17.7,333.8,1188,1.217,1.114,1.954,1066.0,2
2025-07-17,LONG,2025-07-17 10:00:00-04:00,44433.6,44383.6,44533.6,50,100.0,SL,44383.6,-50.0,-1.0,4,20,-109.0,54.0,141.0,870,1.398,0.91,1.059,956.0,3
2025-07-18,SHORT,2025-07-18 10:00:00-04:00,44395.9,44445.9,44295.9,50,100.0,TP,44295.9,100.0,2.0,8,40,-2.0,119.8,150.0,996,1.633,1.015,1.411,981.7,4
2025-07-21,LONG,2025-07-21 10:00:00-04:00,44519.8,44469.8,44619.8,50,100.0,SL,44469.8,-50.0,-1.0,1,5,-60.0,4.0,86.5,886,1.819,0.953,1.303,929.3,0
2025-07-22,LONG,2025-07-22 10:00:00-04:00,44398.1,44348.1,44498.1,50,100.0,SL,44348.1,-50.0,-1.0,2,10,-79.7,12.5,153.0,1116,2.086,1.066,1.701,1047.0,1
2025-07-23,LONG,2025-07-23 11:55:00-04:00,44885.4,44835.4,44985.4,50,100.0,TP,44985.4,100.0,2.0,21,105,-25.0,105.0,159.2,1134,1.606,1.135,6.434,999.0,2
2025-07-25,SHORT,2025-07-25 10:00:00-04:00,44652.9,44702.9,44552.9,50,100.0,SL,44702.9,-50.0,-1.0,2,10,-93.0,3.0,74.7,900,1.641,0.956,1.221,941.0,4
2025-07-30,LONG,2025-07-30 10:25:00-04:00,44734.9,44684.9,44834.9,50,100.0,SL,44684.9,-50.0,-1.0,6,30,-63.5,27.0,91.5,890,1.239,0.897,0.68,992.7,2
2025-08-01,SHORT,2025-08-01 10:00:00-04:00,43429.0,43479.0,43329.0,50,100.0,SL,43479.0,-50.0,-1.0,2,10,-105.5,70.0,355.5,1172,1.258,1.022,1.231,1146.7,4
2025-08-04,LONG,2025-08-04 10:00:00-04:00,44020.5,43970.5,44120.5,50,100.0,SL,43970.5,-50.0,-1.0,1,5,-65.7,0.5,196.0,962,1.587,0.942,1.273,1021.0,0
2025-08-05,SHORT,2025-08-05 10:00:00-04:00,44109.8,44159.8,44009.8,50,100.0,TP,44009.8,100.0,2.0,7,35,-43.0,115.5,190.2,1140,1.887,1.154,1.926,988.0,1
2025-08-06,SHORT,2025-08-06 10:00:00-04:00,44155.1,44205.1,44055.1,50,100.0,TP,44055.1,100.0,2.0,4,20,-45.0,114.5,156.0,1070,1.639,0.951,1.325,1125.7,2
2025-08-07,SHORT,2025-08-07 10:10:00-04:00,44188.3,44238.3,44088.3,50,100.0,TP,44088.3,100.0,2.0,2,10,0.0,107.0,287.0,1174,1.612,1.078,1.482,1089.0,3
2025-08-08,LONG,2025-08-08 10:00:00-04:00,44216.8,44166.8,44316.8,50,100.0,SL,44166.8,-50.0,-1.0,9,45,-58.0,69.0,101.5,902,1.429,0.894,1.034,1009.0,4
2025-08-11,SHORT,2025-08-11 10:00:00-04:00,44212.4,44262.4,44112.4,50,100.0,TP,44112.4,100.0,2.0,5,25,0.0,135.2,114.5,878,1.553,0.904,1.112,971.3,0
2025-08-12,LONG,2025-08-12 10:00:00-04:00,44358.6,44308.6,44458.6,50,100.0,TP,44458.6,100.0,2.0,9,45,-13.0,110.5,321.2,1122,1.233,1.011,1.186,1109.7,1
2025-08-13,LONG,2025-08-13 10:00:00-04:00,44880.3,44830.3,44980.3,50,100.0,SL,44830.3,-50.0,-1.0,4,20,-67.0,32.0,194.2,936,1.928,0.989,1.451,946.7,2
2025-08-15,SHORT,2025-08-15 10:00:00-04:00,45029.6,45079.6,44929.6,50,100.0,TP,44929.6,100.0,2.0,3,15,-5.7,109.0,152.8,1052,1.605,1.031,1.538,1020.7,4
2025-08-19,LONG,2025-08-19 10:00:00-04:00,45157.1,45107.1,45257.1,50,100.0,SL,45107.1,-50.0,-1.0,9,45,-62.0,68.0,262.5,924,1.73,0.93,1.271,994.0,1
2025-08-20,SHORT,2025-08-20 10:25:00-04:00,44800.9,44850.9,44700.9,50,100.0,SL,44850.9,-50.0,-1.0,2,10,-60.0,28.0,185.0,1004,1.336,0.949,0.761,1058.3,2
2025-08-22,LONG,2025-08-22 10:00:00-04:00,45434.7,45384.7,45534.7,50,100.0,TP,45534.7,100.0,2.0,2,10,-42.0,108.0,285.0,1224,2.342,1.27,2.358,964.0,4
2025-08-25,SHORT,2025-08-25 10:00:00-04:00,45485.0,45535.0,45385.0,50,100.0,TP,45385.0,100.0,2.0,43,215,-22.0,106.0,125.0,900,1.744,0.936,1.272,961.3,0
2025-08-26,LONG,2025-08-26 10:00:00-04:00,45295.7,45245.7,45395.7,50,100.0,SL,45245.7,-50.0,-1.0,8,40,-51.0,39.0,149.0,942,1.603,0.963,1.329,978.3,1
2025-08-27,LONG,2025-08-27 10:00:00-04:00,45510.4,45460.4,45610.4,50,100.0,TP,45610.4,100.0,2.0,50,250,-16.0,102.0,93.0,898,1.585,0.981,1.352,915.7,2
2025-08-28,SHORT,2025-08-28 10:00:00-04:00,45498.1,45548.1,45398.1,50,100.0,SL,45548.1,-50.0,-1.0,20,100,-57.3,40.7,131.2,994,1.513,0.956,1.234,1040.0,3
2025-08-29,SHORT,2025-08-29 10:00:00-04:00,45440.3,45490.3,45340.3,50,100.0,SL,45490.3,-50.0,-1.0,6,30,-50.2,53.0,113.0,1014,1.545,1.036,1.448,978.3,4
2025-09-03,SHORT,2025-09-03 10:05:00-04:00,45113.8,45163.8,45013.8,50,100.0,SL,45163.8,-50.0,-1.0,3,15,-84.5,31.0,197.0,1048,1.516,0.994,1.274,1054.0,2
2025-09-04,LONG,2025-09-04 10:00:00-04:00,45302.3,45252.3,45402.3,50,100.0,SL,45252.3,-50.0,-1.0,1,5,-76.0,0.0,102.0,1002,1.62,1.011,1.478,991.3,3
2025-09-05,SHORT,2025-09-05 10:25:00-04:00,45385.0,45435.0,45285.0,50,100.0,TP,45285.0,100.0,2.0,2,10,-2.8,104.0,265.5,1140,1.23,1.05,1.215,1085.3,4
2025-09-08,SHORT,2025-09-08 10:00:00-04:00,45316.0,45366.0,45216.0,50,100.0,SL,45366.0,-50.0,-1.0,2,10,-69.7,13.0,111.0,948,1.77,0.93,1.274,1019.0,0
2025-09-09,SHORT,2025-09-09 10:20:00-04:00,45517.7,45567.7,45417.7,50,100.0,SL,45567.7,-50.0,-1.0,5,25,-77.5,73.8,120.0,900,1.213,0.883,0.516,1019.7,1
2025-09-11,LONG,2025-09-11 10:00:00-04:00,45959.0,45909.0,46059.0,50,100.0,TP,46059.0,100.0,2.0,7,35,-6.7,112.8,147.5,1002,1.209,0.996,0.959,1006.0,3
2025-09-12,SHORT,2025-09-12 10:15:00-04:00,45979.9,46029.9,45879.9,50,100.0,TP,45879.9,100.0,2.0,63,315,-28.2,121.8,110.0,842,1.417,0.875,0.769,962.7,4
2025-09-16,SHORT,2025-09-16 10:00:00-04:00,45692.4,45742.4,45592.4,50,100.0,SL,45742.4,-50.0,-1.0,3,15,-72.3,26.7,114.5,1044,1.843,1.011,1.487,1033.0,1
2025-09-17,LONG,2025-09-17 10:00:00-04:00,46028.8,45978.8,46128.8,50,100.0,SL,45978.8,-50.0,-1.0,3,15,-77.0,9.0,144.5,934,1.876,0.966,1.379,967.0,2
2025-09-23,LONG,2025-09-23 10:00:00-04:00,46682.9,46632.9,46782.9,50,100.0,SL,46632.9,-50.0,-1.0,4,20,-52.0,59.5,82.3,1044,2.061,1.042,1.611,1002.0,1
2025-09-29,SHORT,2025-09-29 10:00:00-04:00,46207.7,46257.7,46107.7,50,100.0,SL,46257.7,-50.0,-1.0,1,5,-73.7,6.0,119.2,988,1.654,0.936,1.237,1055.7,0
2025-09-30,LONG,2025-09-30 10:00:00-04:00,46333.0,46283.0,46433.0,50,100.0,SL,46283.0,-50.0,-1.0,1,5,-52.0,9.5,124.0,1030,1.846,1.021,1.539,1008.7,1
2025-10-01,LONG,2025-10-01 10:00:00-04:00,46345.4,46295.4,46445.4,50,100.0,TP,46445.4,100.0,2.0,4,20,-15.0,106.0,256.5,1100,1.554,1.01,1.412,1088.7,2
2025-10-02,LONG,2025-10-02 10:00:00-04:00,46507.1,46457.1,46607.1,50,100.0,SL,46457.1,-50.0,-1.0,1,5,-79.0,3.0,76.7,1024,1.831,0.959,1.325,1067.7,3
2025-10-03,LONG,2025-10-03 10:00:00-04:00,46754.5,46704.5,46854.5,50,100.0,TP,46854.5,100.0,2.0,3,15,-27.0,120.0,122.0,1030,1.827,1.062,1.652,969.7,4
2025-10-06,SHORT,2025-10-06 10:00:00-04:00,46498.4,46548.4,46398.4,50,100.0,SL,46548.4,-50.0,-1.0,5,25,-79.7,63.1,103.9,1260,1.553,1.024,1.56,1230.0,0
2025-10-09,SHORT,2025-10-09 10:00:00-04:00,46483.5,46533.5,46383.5,50,100.0,TP,46383.5,100.0,2.0,9,45,-34.8,113.0,65.5,1232,1.684,0.978,1.386,1260.0,3
2025-10-10,LONG,2025-10-10 10:05:00-04:00,46541.0,46491.0,46641.0,50,100.0,SL,46491.0,-50.0,-1.0,1,5,-50.0,6.0,153.0,948,1.688,0.945,1.158,1003.0,4
2025-10-15,LONG,2025-10-15 10:00:00-04:00,46672.2,46622.2,46772.2,50,100.0,SL,46622.2,-50.0,-1.0,3,15,-60.0,38.0,165.7,1008,1.446,0.885,1.034,1139.0,2
2025-10-16,SHORT,2025-10-16 10:05:00-04:00,46299.0,46349.0,46199.0,50,100.0,SL,46349.0,-50.0,-1.0,2,10,-60.0,50.0,193.3,1116,1.498,0.95,1.148,1174.7,3
2025-10-17,LONG,2025-10-17 10:10:00-04:00,46186.7,46136.7,46286.7,50,100.0,SL,46136.7,-50.0,-1.0,1,5,-96.2,36.8,660.7,1164,1.21,0.973,0.998,1196.0,4
2025-10-20,LONG,2025-10-20 10:00:00-04:00,46436.2,46386.2,46536.2,50,100.0,TP,46536.2,100.0,2.0,7,35,-31.3,129.7,166.0,1092,1.719,0.983,1.416,1110.3,0
2025-10-21,LONG,2025-10-21 10:05:00-04:00,46813.9,46763.9,46913.9,50,100.0,TP,46913.9,100.0,2.0,3,15,-2.0,139.0,136.7,976,1.557,0.918,1.045,1062.7,1
2025-10-22,SHORT,2025-10-22 10:00:00-04:00,46851.8,46901.8,46751.8,50,100.0,TP,46751.8,100.0,2.0,16,80,-38.0,108.0,105.2,970,1.705,0.907,1.199,1069.3,2
2025-10-23,LONG,2025-10-23 10:00:00-04:00,46629.1,46579.1,46729.1,50,100.0,SL,46579.1,-50.0,-1.0,2,10,-58.8,15.1,121.3,1202,1.427,0.994,1.418,1209.7,3
2025-10-24,LONG,2025-10-24 10:00:00-04:00,47126.9,47076.9,47226.9,50,100.0,SL,47076.9,-50.0,-1.0,6,30,-51.6,54.8,369.2,1196,1.334,0.983,1.172,1216.7,4
2025-10-29,LONG,2025-10-29 10:00:00-04:00,47971.0,47921.0,48071.0,50,100.0,SL,47921.0,-50.0,-1.0,3,15,-50.2,14.8,308.6,1192,1.604,0.996,1.473,1196.7,2
2025-10-30,LONG,2025-10-30 10:00:00-04:00,47812.0,47762.0,47912.0,50,100.0,TP,47912.0,100.0,2.0,4,20,-3.4,107.0,280.5,1284,1.267,0.988,1.374,1299.3,3
2025-11-03,SHORT,2025-11-03 10:00:00-05:00,47371.4,47421.4,47271.4,50,100.0,SL,47421.4,-50.0,-1.0,1,5,-54.6,20.4,171.2,1112,1.317,0.91,0.97,1221.7,0
2025-11-04,LONG,2025-11-04 10:00:00-05:00,47193.0,47143.0,47293.0,50,100.0,SL,47143.0,-50.0,-1.0,14,70,-52.2,82.8,246.3,1188,1.263,0.944,1.125,1259.0,1
2025-11-05,LONG,2025-11-05 10:00:00-05:00,47211.6,47161.6,47311.6,50,100.0,SL,47161.6,-50.0,-1.0,4,20,-92.0,63.8,168.4,1244,1.42,1.008,1.49,1234.7,2
2025-11-06,SHORT,2025-11-06 10:00:00-05:00,46926.3,46976.3,46826.3,50,100.0,SL,46976.3,-50.0,-1.0,1,5,-87.5,4.1,196.1,1278,1.465,1.02,1.391,1252.3,3
2025-11-07,SHORT,2025-11-07 10:00:00-05:00,46728.9,46778.9,46628.9,50,100.0,SL,46778.9,-50.0,-1.0,1,5,-79.7,35.1,308.9,1256,1.288,0.981,1.317,1280.7,4
2025-11-11,LONG,2025-11-11 10:00:00-05:00,47464.0,47414.0,47564.0,50,100.0,SL,47414.0,-50.0,-1.0,1,5,-57.6,6.5,109.1,1196,1.467,0.977,1.373,1224.0,1
2025-11-12,LONG,2025-11-12 10:00:00-05:00,48393.4,48343.4,48493.4,50,100.0,SL,48343.4,-50.0,-1.0,2,10,-71.6,7.2,101.7,1238,1.682,1.005,1.52,1232.3,2
2025-11-14,SHORT,2025-11-14 10:00:00-05:00,46867.9,46917.9,46767.9,50,100.0,SL,46917.9,-50.0,-1.0,1,5,-77.0,22.0,394.9,1272,1.261,0.995,1.432,1278.3,4
2025-11-18,SHORT,2025-11-18 10:00:00-05:00,45989.6,46039.6,45889.6,50,100.0,SL,46039.6,-50.0,-1.0,1,5,-92.9,24.0,393.6,1274,1.268,0.981,1.357,1299.0,1
2025-11-19,LONG,2025-11-19 10:10:00-05:00,46252.1,46202.1,46352.1,50,100.0,SL,46202.1,-50.0,-1.0,3,15,-101.0,53.9,173.8,1204,1.209,0.951,0.912,1266.7,2
2025-11-25,LONG,2025-11-25 10:05:00-05:00,46640.1,46590.1,46740.1,50,100.0,SL,46590.1,-50.0,-1.0,1,5,-94.7,32.4,200.0,1274,1.276,1.01,1.378,1261.3,1
2025-11-26,LONG,2025-11-26 10:00:00-05:00,47261.5,47211.5,47361.5,50,100.0,TP,47361.5,100.0,2.0,7,35,-42.9,108.7,144.7,1202,1.354,0.99,1.364,1214.0,2
2025-11-28,LONG,2025-11-28 10:10:00-05:00,47587.4,47537.4,47687.4,50,100.0,TP,47687.4,100.0,2.0,4,20,0.0,110.8,129.7,876,1.945,1.052,1.306,832.7,4
2025-12-01,LONG,2025-12-01 10:00:00-05:00,47572.2,47522.2,47672.2,50,100.0,SL,47522.2,-50.0,-1.0,2,10,-85.1,0.0,150.7,1174,1.37,0.956,1.257,1228.3,0
2025-12-02,LONG,2025-12-02 10:00:00-05:00,47438.6,47388.6,47538.6,50,100.0,SL,47388.6,-50.0,-1.0,5,25,-104.1,61.8,239.0,1206,1.49,0.973,1.36,1239.7,1
2025-12-04,SHORT,2025-12-04 10:00:00-05:00,47819.0,47869.0,47719.0,50,100.0,SL,47869.0,-50.0,-1.0,3,15,-57.0,37.1,70.2,1204,1.4,0.954,1.217,1262.3,3
2025-12-05,LONG,2025-12-05 10:00:00-05:00,48074.2,48024.2,48174.2,50,100.0,SL,48024.2,-50.0,-1.0,3,15,-51.1,29.5,167.1,1136,1.317,0.929,1.051,1223.3,4
2025-12-08,SHORT,2025-12-08 10:00:00-05:00,47866.7,47916.7,47766.7,50,100.0,TP,47766.7,100.0,2.0,11,55,-2.7,112.6,84.5,1118,1.451,0.936,1.184,1194.3,0
2025-12-09,LONG,2025-12-09 10:00:00-05:00,47877.1,47827.1,47977.1,50,100.0,SL,47827.1,-50.0,-1.0,1,5,-75.1,0.2,137.8,1159,1.365,0.953,1.234,1215.7,1
2025-12-10,LONG,2025-12-10 10:00:00-05:00,47637.0,47587.0,47737.0,50,100.0,TP,47737.0,100.0,2.0,10,50,-46.0,100.3,139.8,1206,1.458,0.98,1.34,1230.7,2
2025-12-11,LONG,2025-12-11 10:00:00-05:00,48239.4,48189.4,48339.4,50,100.0,TP,48339.4,100.0,2.0,1,5,-5.7,104.5,315.8,1254,1.423,1.003,1.46,1249.7,3
2025-12-12,SHORT,2025-12-12 10:10:00-05:00,48727.3,48777.3,48627.3,50,100.0,TP,48627.3,100.0,2.0,4,20,-24.9,110.8,120.5,1216,1.371,0.984,1.114,1235.7,4
2025-12-15,SHORT,2025-12-15 10:00:00-05:00,48437.5,48487.5,48337.5,50,100.0,SL,48487.5,-50.0,-1.0,1,5,-68.5,7.3,162.9,1232,1.69,0.999,1.474,1233.0,0
2025-12-17,LONG,2025-12-17 10:00:00-05:00,48326.0,48276.0,48426.0,50,100.0,SL,48276.0,-50.0,-1.0,1,5,-53.2,47.7,170.5,1232,1.367,0.975,1.317,1263.0,2
2025-12-18,LONG,2025-12-18 10:00:00-05:00,48230.2,48180.2,48330.2,50,100.0,SL,48180.2,-50.0,-1.0,2,10,-110.5,29.0,321.9,1232,1.233,0.978,1.072,1260.0,3
2025-12-19,LONG,2025-12-19 10:00:00-05:00,48245.5,48195.5,48345.5,50,100.0,SL,48195.5,-50.0,-1.0,1,5,-77.5,2.0,173.5,1212,1.381,1.002,1.385,1210.0,4
2025-12-22,LONG,2025-12-22 10:00:00-05:00,48241.0,48191.0,48341.0,50,100.0,TP,48341.0,100.0,2.0,9,45,-34.9,118.9,104.2,1188,1.66,0.949,1.29,1251.7,0
2025-12-24,LONG,2025-12-24 10:00:00-05:00,48543.0,48493.0,48643.0,50,100.0,TP,48643.0,100.0,2.0,12,60,-19.8,109.0,66.3,1038,1.757,0.916,1.225,1132.7,2
2025-12-26,LONG,2025-12-26 10:30:00-05:00,48710.3,48660.3,48810.3,50,100.0,SL,48660.3,-50.0,-1.0,4,20,-54.6,16.8,95.1,1044,1.244,0.903,0.549,1155.7,4
2025-12-29,SHORT,2025-12-29 10:00:00-05:00,48512.7,48562.7,48412.7,50,100.0,TP,48412.7,100.0,2.0,20,100,-25.3,104.7,195.5,1150,1.429,0.944,1.155,1217.7,0
2025-12-30,SHORT,2025-12-30 10:00:00-05:00,48400.2,48450.2,48300.2,50,100.0,TIMEOUT,48361.5,38.7,0.774,72,360,-33.8,90.9,72.3,1178,1.633,0.985,1.434,1195.3,1
2025-12-31,SHORT,2025-12-31 10:00:00-05:00,48234.8,48284.8,48134.8,50,100.0,SL,48284.8,-50.0,-1.0,48,240,-54.0,76.8,113.6,1142,1.657,0.962,1.355,1186.7,2
2026-01-02,SHORT,2026-01-02 10:00:00-05:00,48104.7,48154.7,48004.7,50,100.0,TP,48004.7,100.0,2.0,3,15,-29.5,119.2,150.6,1216,1.573,0.966,1.354,1258.7,4
2026-01-05,LONG,2026-01-05 10:00:00-05:00,48964.3,48914.3,49064.3,50,100.0,TP,49064.3,100.0,2.0,9,45,-48.4,106.6,166.4,1274,1.418,0.998,1.433,1276.0,0
2026-01-06,LONG,2026-01-06 10:00:00-05:00,49105.9,49055.9,49205.9,50,100.0,SL,49055.9,-50.0,-1.0,11,55,-53.3,77.3,136.5,1207,1.47,0.969,1.302,1245.7,1
2026-01-07,SHORT,2026-01-07 10:00:00-05:00,49285.7,49335.7,49185.7,50,100.0,SL,49335.7,-50.0,-1.0,20,100,-67.0,95.9,101.9,1218,1.552,0.995,1.433,1224.0,2
2026-01-08,LONG,2026-01-08 10:00:00-05:00,49069.4,49019.4,49169.4,50,100.0,TP,49169.4,100.0,2.0,4,20,-13.3,113.1,145.9,1228,1.508,0.967,1.337,1270.0,3
2026-01-09,SHORT,2026-01-09 10:05:00-05:00,49211.2,49261.2,49111.2,50,100.0,SL,49261.2,-50.0,-1.0,1,5,-88.5,19.7,222.8,1268,1.25,1.009,1.212,1257.0,4
2026-01-12,LONG,2026-01-12 10:00:00-05:00,49303.0,49253.0,49403.0,50,100.0,SL,49253.0,-50.0,-1.0,1,5,-67.9,6.0,221.9,1232,1.52,0.996,1.416,1236.3,0
2026-01-13,SHORT,2026-01-13 10:00:00-05:00,49268.3,49318.3,49168.3,50,100.0,SL,49318.3,-50.0,-1.0,7,35,-94.1,72.2,226.4,1266,1.342,1.019,1.329,1243.0,1
2026-01-14,SHORT,2026-01-14 10:00:00-05:00,48979.4,49029.4,48879.4,50,100.0,SL,49029.4,-50.0,-1.0,2,10,-156.2,21.1,134.2,1298,1.424,1.017,1.536,1276.0,2
2026-01-15,LONG,2026-01-15 10:00:00-05:00,49352.7,49302.7,49452.7,50,100.0,TP,49452.7,100.0,2.0,3,15,-19.4,123.7,219.9,1242,1.52,0.986,1.414,1259.3,3
2026-01-16,SHORT,2026-01-16 10:00:00-05:00,49298.1,49348.1,49198.1,50,100.0,SL,49348.1,-50.0,-1.0,1,5,-93.5,0.0,130.9,1220,1.42,0.968,1.287,1260.3,4
2026-01-22,LONG,2026-01-22 10:15:00-05:00,49347.7,49297.7,49447.7,50,100.0,TP,49447.7,100.0,2.0,6,30,-37.3,100.0,215.6,1218,1.26,0.944,0.871,1289.7,3
2026-01-23,SHORT,2026-01-23 10:00:00-05:00,49093.2,49143.2,48993.2,50,100.0,SL,49143.2,-50.0,-1.0,10,50,-57.5,76.2,299.3,1200,1.346,0.979,1.369,1226.3,4
2026-01-26,LONG,2026-01-26 10:00:00-05:00,49263.9,49213.9,49363.9,50,100.0,SL,49213.9,-50.0,-1.0,13,65,-67.2,90.1,187.3,1190,1.418,0.959,1.297,1241.3,0
2026-01-27,SHORT,2026-01-27 10:00:00-05:00,48969.2,49019.2,48869.2,50,100.0,SL,49019.2,-50.0,-1.0,12,60,-73.1,93.5,382.6,1186,1.42,0.954,1.246,1243.3,1
2026-01-28,SHORT,2026-01-28 10:05:00-05:00,48921.8,48971.8,48821.8,50,100.0,SL,48971.8,-50.0,-1.0,3,15,-78.7,24.5,125.2,1232,1.363,0.993,1.28,1240.7,2
2026-01-29,SHORT,2026-01-29 10:00:00-05:00,48934.8,48984.8,48834.8,50,100.0,SL,48984.8,-50.0,-1.0,1,5,-53.4,36.0,337.4,1302,1.498,1.01,1.495,1289.3,3
2026-02-02,LONG,2026-02-02 10:00:00-05:00,49080.3,49030.3,49180.3,50,100.0,TP,49180.3,100.0,2.0,2,10,-4.5,114.5,401.9,1268,1.294,0.996,1.445,1273.0,0
2026-02-04,LONG,2026-02-04 10:05:00-05:00,49448.3,49398.3,49548.3,50,100.0,TP,49548.3,100.0,2.0,3,15,-1.9,175.5,169.6,1288,1.275,0.998,1.299,1290.7,2
2026-02-06,LONG,2026-02-06 10:00:00-05:00,49639.9,49589.9,49739.9,50,100.0,TP,49739.9,100.0,2.0,2,10,-7.1,124.7,406.8,1302,1.334,0.993,1.435,1311.3,4
2026-02-09,SHORT,2026-02-09 10:05:00-05:00,49968.6,50018.6,49868.6,50,100.0,SL,50018.6,-50.0,-1.0,2,10,-71.0,17.0,258.0,906,1.408,0.856,0.868,1058.3,0
2026-02-10,LONG,2026-02-10 10:00:00-05:00,50465.6,50415.6,50565.6,50,100.0,SL,50415.6,-50.0,-1.0,2,10,-134.0,12.0,203.5,842,1.491,0.841,0.926,1000.7,1
2026-02-12,LONG,2026-02-12 10:00:00-05:00,50327.7,50277.7,50427.7,50,100.0,SL,50277.7,-50.0,-1.0,1,5,-52.3,5.6,123.7,1245,1.297,0.965,1.252,1290.3,3
2026-02-18,LONG,2026-02-18 10:05:00-05:00,49804.0,49754.0,49904.0,50,100.0,SL,49754.0,-50.0,-1.0,40,200,-67.1,89.1,249.8,1202,1.223,0.961,1.063,1250.5,2
2026-02-19,SHORT,2026-02-19 10:05:00-05:00,49379.2,49429.2,49279.2,50,100.0,SL,49429.2,-50.0,-1.0,1,5,-58.5,0.0,269.7,1270,1.306,0.988,1.271,1285.3,3
2026-02-23,SHORT,2026-02-23 10:00:00-05:00,49102.1,49152.1,49002.1,50,100.0,TP,49002.1,100.0,2.0,2,10,-13.5,112.7,197.8,1273,1.383,1.001,1.484,1272.0,0
2026-02-24,LONG,2026-02-24 10:00:00-05:00,49010.2,48960.2,49110.2,50,100.0,TP,49110.2,100.0,2.0,3,15,-7.2,139.6,197.8,1265,1.321,0.981,1.346,1289.3,1
2026-02-26,SHORT,2026-02-26 10:20:00-05:00,49281.5,49331.5,49181.5,50,100.0,SL,49331.5,-50.0,-1.0,3,15,-135.2,52.0,350.8,1308,1.371,1.012,1.06,1293.0,3
2026-03-02,LONG,2026-03-02 10:00:00-05:00,48804.5,48754.5,48904.5,50,100.0,TP,48904.5,100.0,2.0,3,15,-19.4,105.3,412.2,1265,1.242,0.98,1.277,1290.3,0
2026-03-05,SHORT,2026-03-05 10:05:00-05:00,48242.7,48292.7,48142.7,50,100.0,TP,48142.7,100.0,2.0,3,15,-46.2,128.9,522.2,1288,1.208,0.999,1.326,1289.7,3
2026-03-16,LONG,2026-03-16 10:00:00-04:00,47101.6,47051.6,47201.6,50,100.0,SL,47051.6,-50.0,-1.0,6,30,-124.8,90.6,384.2,1229,1.249,0.986,1.308,1246.2,0
2026-03-17,LONG,2026-03-17 10:00:00-04:00,47261.0,47211.0,47361.0,50,100.0,SL,47211.0,-50.0,-1.0,2,10,-77.2,46.7,580.7,1199,1.2,0.983,1.269,1219.2,1
2026-03-26,LONG,2026-03-26 10:00:00-04:00,46479.3,46429.3,46579.3,50,100.0,SL,46429.3,-50.0,-1.0,2,10,-82.2,28.2,333.4,1043,1.244,1.004,1.503,1038.5,3
2026-03-27,SHORT,2026-03-27 10:00:00-04:00,45507.6,45557.6,45407.6,50,100.0,SL,45557.6,-50.0,-1.0,3,15,-98.0,86.2,475.7,1050,1.2,1.017,1.589,1032.3,4
2026-04-14,LONG,2026-04-14 10:00:00-04:00,48403.0,48353.0,48503.0,50,100.0,TP,48503.0,100.0,2.0,17,85,-30.0,140.0,187.0,896,1.561,0.982,1.369,912.0,1
2026-04-15,SHORT,2026-04-15 10:00:00-04:00,48359.0,48409.0,48259.0,50,100.0,SL,48409.0,-50.0,-1.0,2,10,-51.0,7.0,189.9,858,1.769,0.944,1.323,909.3,2
2026-04-16,SHORT,2026-04-16 10:00:00-04:00,48385.0,48435.0,48285.0,50,100.0,SL,48435.0,-50.0,-1.0,1,5,-51.0,4.0,153.0,884,1.869,0.969,1.384,912.3,3
2026-04-20,LONG,2026-04-20 10:00:00-04:00,49466.0,49416.0,49566.0,50,100.0,SL,49416.0,-50.0,-1.0,2,10,-96.0,4.0,299.8,846,1.443,0.935,1.154,905.0,0
2026-04-21,LONG,2026-04-21 10:00:00-04:00,49790.0,49740.0,49890.0,50,100.0,SL,49740.0,-50.0,-1.0,2,10,-63.0,10.0,314.0,850,1.39,0.943,1.13,901.7,1
2026-04-22,LONG,2026-04-22 10:05:00-04:00,49576.0,49526.0,49676.0,50,100.0,SL,49526.0,-50.0,-1.0,5,25,-85.0,43.0,230.5,798,1.228,0.865,0.709,923.0,2
2026-04-23,LONG,2026-04-23 10:05:00-04:00,49355.0,49305.0,49455.0,50,100.0,TP,49455.0,100.0,2.0,3,15,-2.0,114.0,275.0,840,1.327,0.947,1.002,887.3,3
2026-04-27,LONG,2026-04-27 10:00:00-04:00,49220.6,49170.6,49320.6,50,100.0,SL,49170.6,-50.0,-1.0,3,15,-57.3,31.4,97.0,852,1.447,0.895,1.033,952.3,0
2026-04-29,SHORT,2026-04-29 10:00:00-04:00,48942.0,48992.0,48842.0,50,100.0,SL,48992.0,-50.0,-1.0,1,5,-58.0,12.0,183.0,860,1.402,0.917,1.077,937.3,2
2026-04-30,LONG,2026-04-30 10:05:00-04:00,49265.0,49215.0,49365.0,50,100.0,TP,49365.0,100.0,2.0,3,15,-22.0,138.0,714.0,882,1.341,0.934,1.052,944.0,3
2026-05-01,LONG,2026-05-01 10:00:00-04:00,49973.0,49923.0,50073.0,50,100.0,SL,49923.0,-50.0,-1.0,1,5,-68.0,14.0,230.0,900,1.735,0.961,1.306,937.0,4
2026-05-05,LONG,2026-05-05 10:05:00-04:00,49212.0,49162.0,49312.0,50,100.0,SL,49162.0,-50.0,-1.0,1,5,-50.7,37.0,172.9,810,1.57,0.929,1.1,872.3,1
2026-05-07,SHORT,2026-05-07 10:00:00-04:00,49891.0,49941.0,49791.0,50,100.0,TP,49791.0,100.0,2.0,3,15,-27.0,120.0,199.0,858,1.539,0.911,1.146,942.0,3
2026-05-11,LONG,2026-05-11 10:15:00-04:00,49640.0,49590.0,49740.0,50,100.0,SL,49590.0,-50.0,-1.0,6,30,-63.0,70.0,112.0,800,1.279,0.838,0.614,955.0,0
2026-05-12,SHORT,2026-05-12 10:00:00-04:00,49419.0,49469.0,49319.0,50,100.0,SL,49469.0,-50.0,-1.0,2,10,-70.0,4.0,190.0,926,1.496,0.975,1.263,949.3,1
2026-05-18,LONG,2026-05-18 10:00:00-04:00,49654.0,49604.0,49754.0,50,100.0,SL,49604.0,-50.0,-1.0,2,10,-68.0,45.0,504.0,936,1.284,0.96,1.028,974.7,0
2026-05-20,SHORT,2026-05-20 10:05:00-04:00,49300.0,49350.0,49200.0,50,100.0,SL,49350.0,-50.0,-1.0,1,5,-85.0,30.0,297.0,842,1.342,0.868,0.835,970.0,2
2026-05-26,SHORT,2026-05-26 10:00:00-04:00,50700.0,50750.0,50600.0,50,100.0,TP,50600.0,100.0,2.0,5,25,-28.0,121.0,224.5,892,1.8,0.967,1.341,922.0,1
2026-05-27,LONG,2026-05-27 10:10:00-04:00,50800.0,50750.0,50900.0,50,100.0,SL,50750.0,-50.0,-1.0,4,20,-53.0,55.0,289.0,838,1.238,0.877,0.707,956.0,2
2026-05-28,SHORT,2026-05-28 10:00:00-04:00,50488.0,50538.0,50388.0,50,100.0,SL,50538.0,-50.0,-1.0,2,10,-330.0,19.0,173.0,842,1.487,0.921,1.139,914.0,3
2026-05-29,LONG,2026-05-29 10:10:00-04:00,50913.0,50863.0,51013.0,50,100.0,TP,51013.0,100.0,2.0,8,40,-49.0,103.0,158.0,790,1.396,0.873,0.814,905.3,4
2026-06-03,SHORT,2026-06-03 10:00:00-04:00,51035.0,51085.0,50935.0,50,100.0,TP,50935.0,100.0,2.0,3,15,-32.0,105.0,249.0,884,1.569,0.931,1.218,949.3,2
2026-06-04,LONG,2026-06-04 10:00:00-04:00,51492.0,51442.0,51592.0,50,100.0,SL,51442.0,-50.0,-1.0,3,15,-53.0,53.0,505.0,904,1.455,0.96,1.24,941.3,3
2026-06-05,SHORT,2026-06-05 10:00:00-04:00,51534.0,51584.0,51434.0,50,100.0,TP,51434.0,100.0,2.0,13,65,-31.0,100.0,182.0,968,1.355,1.005,1.318,963.3,4
2026-06-09,LONG,2026-06-09 10:00:00-04:00,51192.0,51142.0,51292.0,50,100.0,SL,51142.0,-50.0,-1.0,2,10,-103.0,80.0,288.0,958,1.528,0.997,1.408,961.0,1
2026-06-16,LONG,2026-06-16 10:00:00-04:00,52060.0,52010.0,52160.0,50,100.0,TP,52160.0,100.0,2.0,3,15,-24.0,113.0,197.0,924,1.613,0.971,1.374,952.0,1
2026-06-17,LONG,2026-06-17 10:00:00-04:00,52338.0,52288.0,52438.0,50,100.0,SL,52288.0,-50.0,-1.0,6,30,-64.0,52.6,140.0,906,1.723,1.015,1.511,892.7,2
2026-06-22,LONG,2026-06-22 10:00:00-04:00,51930.0,51880.0,52030.0,50,100.0,SL,51880.0,-50.0,-1.0,3,15,-52.0,59.0,212.0,912,1.461,0.946,1.178,963.7,0
2026-06-23,LONG,2026-06-23 10:00:00-04:00,51699.0,51649.0,51799.0,50,100.0,TP,51799.0,100.0,2.0,2,10,-9.0,131.0,273.0,950,1.367,0.958,1.258,992.0,1
2026-06-24,LONG,2026-06-24 10:05:00-04:00,51894.0,51844.0,51994.0,50,100.0,TP,51994.0,100.0,2.0,3,15,-34.0,119.0,240.0,952,1.401,0.956,1.139,996.0,2
2026-06-25,LONG,2026-06-25 10:00:00-04:00,52381.0,52331.0,52481.0,50,100.0,TP,52481.0,100.0,2.0,1,5,0.0,143.0,265.5,1032,1.446,1.005,1.352,1027.3,3
2026-06-29,LONG,2026-06-29 10:00:00-04:00,52284.0,52234.0,52384.0,50,100.0,SL,52234.0,-50.0,-1.0,1,5,-83.0,18.0,237.0,1032,1.603,1.023,1.556,1008.3,0
2026-07-01,LONG,2026-07-01 10:00:00-04:00,52383.0,52333.0,52483.0,50,100.0,TP,52483.0,100.0,2.0,2,10,-5.0,155.0,179.0,938,1.345,0.983,1.222,954.0,2
