Account Name,Adjusted Cost,Adjusted Proceeds,Avg Buy Price,Avg Sell Price,Exit Efficiency,Best Exit,Best Exit Price,Best Exit Time,Close Date,Close Time,Commission,Custom Tags,Duration,Entry Price,Executions,Exit Price,Gross P&L,Trade Risk,Initial Target,Instrument,Spread Type,Mistakes,Net P&L,Net ROI,Open Date,Open Time,Pips,Reward Ratio,Points,Position MAE,Position MFE,Price MAE,Price MFE,Realized RR,Return Per Pip,Reviewed,Side,Status,Playbook,Symbol,Ticks Value,Ticks Per Contract,Fee,Swap,Rating,Quantity,Zella Score
cTrader 0910,233433.0,233152.5,7781.1,7771.75,,,,,2026-08-17,10:00:20 EDT,0.0,"",672.0,7781.1,2,7771.75,-280.5,0.0,0.0,US500,cfd,"",-280.5,-0.00120163,2026-08-17,09:49:08 EDT,,,,,,,,,,false,long,Loss,INVERSE ORB US500,US500,,,0.0,0.0,,30.0,
cTrader 0910,388780.0,388712.5,7775.6,7774.25,,,,,2026-08-17,11:01:45 EDT,0.0,"",3475.0,7775.6,2,7774.25,-67.5,0.0,0.0,US500,cfd,"",-67.5,-0.00017362,2026-08-17,10:03:50 EDT,,,,,,,,,,false,long,Loss,INVERSE ORB US500,US500,,,0.0,0.0,,50.0,
cTrader 0910,243761.8729,243221.2559,29263.13,29198.23,,318.48922,29301.364,2026-08-26 19:00:00 UTC,2026-08-26,10:10:30 EDT,0.0,"",628.0,29263.13,2,29198.23,-540.62,0.0,0.0,US100,cfd,"",-540.62,-0.00221782,2026-08-26,10:00:02 EDT,,,,-543.29093,0.0,29197.909,29252.897,,,false,long,Loss,BOT - London Range Volume Breakout ,US100,,,0.0,0.0,,8.33,-99.50837942
cTrader 0910,9700394.0,9684990.7,65810.0,65705.5,,,,,2026-08-07,04:29:36 EDT,0.0,"",872.0,65810.0,2,65705.5,-97.21,0.0,0.0,JP225,cfd,"",-97.21,-0.00159067,2026-08-07,04:15:04 EDT,,,,,,,,,,false,long,Loss,ORB JP225,JP225,,,0.0,0.0,,14.74,
cTrader 0910,743929.5,742397.75,29757.18,29695.91,,,,,2026-08-12,08:30:10 EDT,0.0,"",93.0,29757.18,2,29695.91,-1531.75,0.0,0.0,US100,cfd,"",-1531.75,-0.002059,2026-08-12,08:28:37 EDT,,,,,,,,,,false,long,Loss,NEWS Trading,US100,,,0.0,0.0,,25.0,
cTrader 0910,6051465.0,6034365.0,67238.5,67048.5,,,,,2026-08-10,07:01:12 EDT,0.0,"",5550.0,67238.5,2,67048.5,-107.69,0.0,0.0,JP225,cfd,"",-107.69,-0.00282471,2026-08-10,05:28:42 EDT,,,,,,,,,,false,long,Loss,ORB JP225,JP225,,,0.0,0.0,,9.0,
cTrader 0910,154113.0,154425.0,7705.65,7721.25,,,,,2026-08-19,09:55:49 EDT,0.0,"",210.0,7705.65,2,7721.25,-312.0,0.0,0.0,US500,cfd,"",-312.0,-0.0020204,2026-08-19,09:52:19 EDT,,,,,,,,,,false,short,Loss,ORB US500,US500,,,0.0,0.0,,20.0,
cTrader 0910,147743.15,148079.4,29548.63,29615.88,,,,,2026-08-18,10:03:32 EDT,0.0,"",211.0,29548.63,2,29615.88,-336.25,0.0,0.0,US100,cfd,"",-336.25,-0.00227074,2026-08-18,10:00:01 EDT,,,,,,,,,,false,short,Loss,BOT - London Range Volume Breakout ,US100,,,0.0,0.0,,5.0,
cTrader 0910,307796.0,307158.5,7694.9,7678.9625,94.68,673.31,7670.919,2026-08-20 15:40:00 UTC,2026-08-20,11:40:50 EDT,0.0,"",2232.0,7694.9,3,7674.5,637.5,0.0,0.0,US500,cfd,"",637.5,0.00207548,2026-08-20,11:03:38 EDT,,,,-23.16,647.78,7695.479,7673.472,,,false,short,Win,INVERSE ORB US500,US500,,,0.0,0.0,,40.0,98.41304146
cTrader 0910,241114.5989,241453.6299,28945.33,28986.03,,152.5223,28927.02,2026-08-24 14:30:00 UTC,2026-08-24,10:33:35 EDT,0.0,"",2014.0,28945.33,2,28986.03,-339.03,0.0,0.0,US100,cfd,"",-339.03,-0.00140412,2026-08-24,10:00:01 EDT,,,,-388.10303,556.16078,28991.921,28878.564,,,false,short,Loss,BOT - London Range Volume Breakout ,US100,,,0.0,0.0,,8.33,-87.35566945
cTrader 0910,537582.5,537250.7,7679.75,7675.01,,7.98,7679.864,2026-08-25 19:30:00 UTC,2026-08-25,09:55:51 EDT,0.0,"",688.0,7679.75,2,7675.01,-331.8,0.0,0.0,US500,cfd,"",-331.8,-0.00061721,2026-08-25,09:44:23 EDT,,,,-380.38,320.67,7674.316,7684.331,,,false,long,Loss,BOT - US500 ORB,US500,,,0.0,0.0,,70.0,-87.22856091
cTrader 0910,164680.398,164495.8935,7720.6,7711.95,,441.12573,7741.281,2026-08-27 17:00:00 UTC,2026-08-27,14:28:11 EDT,0.0,"",13087.0,7720.6,2,7711.95,-184.5,0.0,0.0,US500,cfd,"",-184.5,-0.00112035,2026-08-27,10:50:04 EDT,,,,-215.81694,441.12573,7710.482,7741.281,,,false,long,Loss,BOT - US500 ORB,US500,,,0.0,0.0,,21.33,-85.48911869
cTrader 0910,220344.3125,220534.0625,7664.15,7670.75,,92.31625,7660.939,2026-08-25 15:00:00 UTC,2026-08-25,11:28:41 EDT,0.0,"",3519.0,7664.15,2,7670.75,-189.75,0.0,0.0,US500,cfd,"",-189.75,-0.00086041,2026-08-25,10:30:02 EDT,,,,-220.54125,159.41875,7671.821,7658.605,,,false,short,Loss,BOT - US500 ORB,US500,,,0.0,0.0,,28.75,-86.03832616
cTrader 0910,189847.095,190341.354,7720.5,7740.6,,490.61968,7700.548,2026-08-28 18:30:00 UTC,2026-08-28,10:22:42 EDT,0.0,"",461.0,7720.5,2,7740.6,-494.26,0.0,0.0,US500,cfd,"",-494.26,-0.0025967,2026-08-28,10:15:01 EDT,,,,-483.51317,0.0,7740.163,7720.503,,,false,short,Loss,BOT - US500 ORB,US500,,,0.0,0.0,,24.59,-102.22265507
cTrader 0910,6779483.75,6795915.75,66012.5,66172.5,,,,,2026-08-05,04:02:25 EDT,0.0,"",1944.0,66012.5,2,66172.5,-104.18,0.0,0.0,JP225,cfd,"",-104.18,-0.0024333,2026-08-05,03:30:01 EDT,,,,,,,,,,false,short,Loss,ORB JP225,JP225,,,0.0,0.0,,10.27,
cTrader 0910,7414326.75,7419380.25,66022.5,66067.5,,,,,2026-08-05,05:06:07 EDT,0.0,"",3366.0,66022.5,2,66067.5,-32.02,0.0,0.0,JP225,cfd,"",-32.02,-0.00068504,2026-08-05,04:10:01 EDT,,,,,,,,,,false,short,Loss,ORB JP225,JP225,,,0.0,0.0,,11.23,
cTrader 0910,5882085.0,5892390.0,65356.5,65471.0,,,,,2026-08-06,07:39:58 EDT,0.0,"",1890.0,65356.5,2,65471.0,-65.25,0.0,0.0,JP225,cfd,"",-65.25,-0.00175772,2026-08-06,07:08:28 EDT,,,,,,,,,,false,short,Loss,ORB JP225,JP225,,,0.0,0.0,,9.0,
cTrader 0910,10167645.0,10151499.75,65810.0,65705.5,,,,,2026-08-07,05:27:56 EDT,0.0,"",1374.0,65810.0,2,65705.5,-101.96,0.0,0.0,JP225,cfd,"",-101.96,-0.00159173,2026-08-07,05:05:02 EDT,,,,,,,,,,false,long,Loss,ORB JP225,JP225,,,0.0,0.0,,15.45,
cTrader 0910,110221.92,109918.8,7654.3,7633.25,,132.2496,7663.484,2026-09-01 15:30:00 UTC,2026-09-01,12:34:25 EDT,0.0,"",7764.0,7654.3,2,7633.25,-303.12,0.0,0.0,US500,cfd,"",-303.12,-0.00275009,2026-09-01,10:25:01 EDT,,,,-315.6192,132.2496,7632.382,7663.484,,,false,long,Loss,BOT - US500 ORB,US500,,,0.0,0.0,,14.4,-96.03978465
cTrader 0910,459828.0,459498.6,7663.8,7658.31,,1986.18,7696.903,2026-08-21 15:30:00 UTC,2026-08-21,09:54:17 EDT,0.0,"",39.0,7663.8,2,7658.31,-329.4,0.0,0.0,US500,cfd,"",-329.4,-0.00071635,2026-08-21,09:53:38 EDT,,,,-288.3,20.04,7658.995,7664.134,,,false,long,Loss,INVERSE ORB US500,US500,,,0.0,0.0,,60.0,-114.25598335
cTrader 0910,203425.803,203280.273,7688.05,7682.55,,234.25038,7696.903,2026-08-21 15:50:00 UTC,2026-08-21,15:50:03 EDT,0.0,"",14999.0,7688.05,2,7682.55,-145.53,0.0,0.0,US500,cfd,"",-145.53,-0.0007154,2026-08-21,11:40:04 EDT,,,,-501.07302,234.25038,7669.113,7696.903,,,false,long,Loss,BOT - US500 ORB,US500,,,0.0,0.0,,26.46,-29.04367112
cTrader 0910,116142.0,116262.75,7742.8,7750.85,,,,,2026-08-12,15:46:54 EDT,0.0,"",17471.0,7742.8,2,7750.85,-120.75,0.0,0.0,US500,cfd,"",-120.75,-0.0010386,2026-08-12,10:55:43 EDT,,,,,,,,,,false,short,Loss,INVERSE ORB US500,US500,,,0.0,0.0,,15.0,
cTrader 0910,233928.5000001,234226.5,7797.61666667,7807.55,,,,,2026-08-13,10:45:06 EDT,0.0,"",3305.0,7792.9,4,7807.55,298.0,0.0,0.0,US500,cfd,"",298.0,0.00127389,2026-08-13,09:50:01 EDT,,,,,,,,,,false,long,Win,ORB US500,US500,,,0.0,0.0,,30.0,
cTrader 0910,386715.16,386887.54,29747.32,29760.58,,,,,2026-08-13,08:30:22 EDT,0.0,"",25.0,29747.32,2,29760.58,172.38,0.0,0.0,US100,cfd,"",172.38,0.00044575,2026-08-13,08:29:57 EDT,,,,,,,,,,false,long,Win,NEWS Trading,US100,,,0.0,0.0,,13.0,
cTrader 0910,272688.35000015,272438.6,7791.09571429,7783.96,,,,,2026-08-14,14:47:51 EDT,0.0,"",15423.0,7791.6,4,7783.96,249.75,0.0,0.0,US500,cfd,"",249.75,0.00091672,2026-08-14,10:30:48 EDT,,,,,,,,,,false,short,Win,ORB US500,US500,,,0.0,0.0,,35.0,
cTrader 0910,107857.728,107985.856,7660.35,7669.45,42.91,298.60864,7681.558,2026-09-02 15:30:00 UTC,2026-09-02,15:50:02 EDT,0.0,"",20101.0,7660.35,2,7669.45,128.13,0.0,0.0,US500,cfd,"",128.13,0.00118795,2026-09-02,10:15:01 EDT,,,,-7.98336,298.60864,7659.783,7681.558,,,false,long,Win,BOT - US500 ORB,US500,,,0.0,0.0,,14.08,42.90900625
cTrader 0910,79643.205,79796.675,7732.35,7747.25,61.32,250.2694,7756.648,2026-09-03 18:10:00 UTC,2026-09-03,15:51:41 EDT,0.0,"",16600.0,7732.35,2,7747.25,153.47,0.0,0.0,US500,cfd,"",153.47,0.00192697,2026-09-03,11:15:01 EDT,,,,-12.9368,250.2694,7731.094,7756.648,,,false,long,Win,BOT - US500 ORB,US500,,,0.0,0.0,,10.3,61.3219195
cTrader 0910,146321.1,146129.15,29264.22,29225.83,,1164.56,29497.132,2026-09-03 15:30:00 UTC,2026-09-03,10:01:04 EDT,0.0,"",63.0,29264.22,2,29225.83,-191.95,0.0,0.0,US100,cfd,"",-191.95,-0.00131184,2026-09-03,10:00:01 EDT,,,,-180.835,79.22,29228.053,29280.064,,,false,long,Loss,BOT - London Range Volume Breakout ,US100,,,0.0,0.0,,5.0,-106.14648713
cTrader 0910,118278.06,118379.938,7720.5,7727.15,,227.45604,7705.653,2026-09-04 15:30:00 UTC,2026-09-04,12:21:21 EDT,0.0,"",5776.0,7720.5,2,7727.15,-101.88,0.0,0.0,US500,cfd,"",-101.88,-0.00086062,2026-09-04,10:45:05 EDT,,,,-100.1162,227.45604,7727.035,7705.653,,,false,short,Loss,BOT - US500 ORB,US500,,,0.0,0.0,,15.32,-101.76175284
cTrader 0910,125512.1055,125200.8225,7620.65,7601.75,,95.59188,7626.454,2026-09-16 15:40:00 UTC,2026-09-16,14:01:23 EDT,0.0,"",10281.0,7620.65,2,7601.75,-311.28,0.0,0.0,US500,cfd,"",-311.28,-0.00248008,2026-09-16,11:10:02 EDT,,,,-372.41964,95.59188,7598.038,7626.454,,,false,long,Loss,BOT - US500 ORB,US500,,,0.0,0.0,,16.47,-83.58313219
cTrader 0910,129623.6475,129921.0855,7757.25,7775.05,,26.36838,7755.672,2026-09-22 15:50:00 UTC,2026-09-22,15:25:38 EDT,0.0,"",13536.0,7757.25,2,7775.05,-297.44,0.0,0.0,US500,cfd,"",-297.44,-0.00228939,2026-09-22,11:40:02 EDT,,,,-286.79373,26.36838,7774.413,7755.672,,,false,short,Loss,BOT - US500 ORB,US500,,,0.0,0.0,,16.71,-103.71216972
cTrader 0910,86408.4375,86716.6875,7680.75,7708.15,,119.4525,7670.132,2026-09-28 15:00:00 UTC,2026-09-28,12:24:38 EDT,0.0,"",5977.0,7680.75,2,7708.15,-308.25,0.0,0.0,US500,cfd,"",-308.25,-0.00355468,2026-09-28,10:45:01 EDT,,,,-314.9325,168.39,7708.744,7665.782,,,false,short,Loss,BOT - US500 ORB,US500,,,0.0,0.0,,11.25,-97.87811674
cTrader 0910,153154.9,152931.65,30630.98,30586.33,,674.145,30765.809,2026-09-22 19:30:00 UTC,2026-09-22,11:41:45 EDT,0.0,"",6104.0,30630.98,2,30586.33,-223.25,0.0,0.0,US100,cfd,"",-223.25,-0.00145767,2026-09-22,10:00:01 EDT,,,,-218.69,329.925,30587.242,30696.965,,,false,long,Loss,BOT - London Range Volume Breakout ,US100,,,0.0,0.0,,5.0,-102.08514335
cTrader 0910,150607.65,151727.15,30121.53,30345.43,51.68,2166.39,30554.808,2026-09-21 19:30:00 UTC,2026-09-21,12:07:14 EDT,0.0,"",7630.0,30121.53,2,30345.43,1119.5,0.0,0.0,US100,cfd,"",1119.5,0.00743322,2026-09-21,10:00:04 EDT,,,,-54.05,1174.06,30110.72,30356.342,,,false,long,Win,BOT - London Range Volume Breakout ,US100,,,0.0,0.0,,5.0,95.35287805
cTrader 0910,145856.65,145574.4,29171.33,29114.88,,344.845,29240.299,2026-09-16 15:30:00 UTC,2026-09-16,10:13:24 EDT,0.0,"",800.0,29171.33,2,29114.88,-282.25,0.0,0.0,US100,cfd,"",-282.25,-0.00193512,2026-09-16,10:00:04 EDT,,,,-308.77,0.0,29109.576,29166.943,,,false,long,Loss,BOT - London Range Volume Breakout ,US100,,,0.0,0.0,,5.0,-91.41108268
cTrader 0910,118152.625,118454.875,7622.75,7642.25,,194.3235,7610.213,2026-09-18 16:20:00 UTC,2026-09-18,14:46:32 EDT,0.0,"",11189.0,7622.75,2,7642.25,-302.25,0.0,0.0,US500,cfd,"",-302.25,-0.0025516,2026-09-18,11:40:03 EDT,,,,-345.836,194.3235,7645.062,7610.213,,,false,short,Loss,BOT - US500 ORB,US500,,,0.0,0.0,,15.5,-87.39691646
cTrader 0910,98814.3275,98977.4975,7630.45,7643.05,,92.55365,7623.303,2026-09-09 15:20:00 UTC,2026-09-09,15:50:01 EDT,0.0,"",16498.0,7630.45,2,7643.05,-163.17,0.0,0.0,US500,cfd,"",-163.17,-0.00164856,2026-09-09,11:15:03 EDT,,,,-233.86405,92.55365,7648.509,7623.303,,,false,short,Loss,BOT - US500 ORB,US500,,,0.0,0.0,,12.95,-69.77130517
cTrader 0910,86191.2765,86273.6385,7744.05,7751.45,90.56,90.94323,7752.221,2026-09-25 19:50:00 UTC,2026-09-25,15:50:02 EDT,0.0,"",13500.0,7744.05,2,7751.45,82.36,0.0,0.0,US500,cfd,"",82.36,0.00095555,2026-09-25,12:05:02 EDT,,,,-158.16843,90.94323,7729.839,7752.221,,,false,long,Win,BOT - US500 ORB,US500,,,0.0,0.0,,11.13,90.56199126
cTrader 0910,438299.55,438042.45,29219.97,29202.83,,,,,2026-09-11,08:30:07 EDT,0.0,"",1.0,29219.97,2,29202.83,257.1,0.0,0.0,US100,cfd,"",257.1,0.00058693,2026-09-11,08:30:06 EDT,,,,,,,,,,false,short,Win,BOT - London Range Volume Breakout ,US100,,,0.0,0.0,,15.0,
cTrader 0910,114349.5,114040.5,7623.3,7602.7,,374.43,7648.262,2026-09-14 16:30:00 UTC,2026-09-14,10:24:09 EDT,0.0,"",847.0,7623.3,2,7602.7,-309.0,0.0,0.0,US500,cfd,"",-309.0,-0.00270224,2026-09-14,10:10:02 EDT,,,,-333.765,0.0,7601.049,7622.384,,,false,long,Loss,BOT - US500 ORB,US500,,,0.0,0.0,,15.0,-92.58010876
cTrader 0910,109785.1615,110677.3825,7715.05,7777.75,98.24,908.21552,7778.874,2026-09-21 19:30:00 UTC,2026-09-21,15:38:20 EDT,0.0,"",19095.0,7715.05,2,7777.75,892.22,0.0,0.0,US500,cfd,"",892.22,0.00812696,2026-09-21,10:20:05 EDT,,,,35.44693,908.21552,7717.541,7778.874,,,false,long,Win,BOT - US500 ORB,US500,,,0.0,0.0,,14.23,98.16726677
cTrader 0910,121074.66,120596.5525,7736.4,7705.85,72.52,659.28755,7694.273,2026-09-23 17:00:00 UTC,2026-09-23,15:50:02 EDT,0.0,"",21300.0,7736.4,2,7705.85,478.11,0.0,0.0,US500,cfd,"",478.11,0.00396454,2026-09-23,09:55:02 EDT,,,,-45.8232,659.28755,7739.328,7694.273,,,false,short,Win,BOT - US500 ORB,US500,,,0.0,0.0,,15.65,72.51919136
cTrader 0910,152733.15,152265.15,30546.63,30453.03,48.03,974.49,30351.732,2026-09-23 17:00:00 UTC,2026-09-23,15:50:03 EDT,0.0,"",21002.0,30546.63,2,30453.03,468.0,0.0,0.0,US100,cfd,"",468.0,0.00307359,2026-09-23,10:00:01 EDT,,,,71.38,974.49,30532.354,30351.732,,,false,short,Win,BOT - London Range Volume Breakout ,US100,,,0.0,0.0,,5.0,43.9171308
cTrader 0910,113599.7625,113303.624,7691.25,7671.2,,410.48784,7719.042,2026-09-24 16:30:00 UTC,2026-09-24,10:58:56 EDT,0.0,"",2935.0,7691.25,2,7671.2,-296.14,0.0,0.0,US500,cfd,"",-296.14,-0.00260687,2026-09-24,10:10:01 EDT,,,,-297.30533,31.35671,7671.121,7693.373,,,false,long,Loss,BOT - US500 ORB,US500,,,0.0,0.0,,14.77,-99.60803595
cTrader 0910,115268.5555,115148.5545,7588.45,7580.55,49.57,242.09822,7572.512,2026-09-15 14:30:00 UTC,2026-09-15,15:51:39 EDT,0.0,"",19597.0,7588.45,2,7580.55,120.0,0.0,0.0,US500,cfd,"",120.0,0.00104213,2026-09-15,10:25:02 EDT,,,,-47.83331,242.09822,7591.599,7572.512,,,false,short,Win,BOT - US500 ORB,US500,,,0.0,0.0,,15.19,49.56665935
